mean,rms,variance,std,peak,peak_to_peak,crest_factor,kurtosis,skewness,dominant_freq,band1_energy,band2_energy,band3_energy,band4_energy,label,load,fault_size,file,window_index
0.011744631212956812,0.07318242022842388,0.005217730268161264,0.0722338581841041,0.2502118564978139,0.46775172254896574,3.419015874534199,-0.015180335453623073,-0.02888595587448103,4142.578125,0.0008527306076474585,0.00012551350465867764,0.0017293868211082837,3.917229882937677e-05,Normal,0,none,97,0
0.011490285462379856,0.07018860470461656,0.004794413570373944,0.06924170398231072,0.23607710073229923,0.4360779295167748,3.3634676415895695,-0.23978422438640923,-0.04626768876153389,4142.578125,0.0006771417455396474,0.000135347387497521,0.0016765377429758563,4.021877764514859e-05,Normal,0,none,97,1
0.012119535962155217,0.0714909797878504,0.0049640770390888605,0.07045620653348333,0.2487553267485156,0.4341472893423036,3.4795344459776243,-0.26899659187239955,-0.01908240065905358,4142.578125,0.0008278265284822908,0.00011705667639984184,0.0016461782979981115,3.7878222629828546e-05,Normal,0,none,97,2
0.00995766602260745,0.07161573921321336,0.005029658990437195,0.0709200887650121,0.26396890970736603,0.4755829403129697,3.6859063748749636,-0.3305841248103114,-0.0683586274713399,4142.578125,0.0007262987195359536,0.0001261338168070892,0.001712974677982413,4.857771685584464e-05,Normal,0,none,97,3
0.012294785590893968,0.07031001104574333,0.004792335900526495,0.06922669933289104,0.23380215397504328,0.438972688772848,3.3253039005061855,-0.31254240687700907,0.011613669544524832,4142.578125,0.0007582612977880189,0.00012637288604647998,0.0016250466180001378,3.769883466436371e-05,Normal,0,none,97,4
0.013114989618564832,0.0724500950218156,0.005077013315975045,0.07125316355064557,0.2638629341822144,0.4805824624890007,3.6419956951438377,-0.16491035601052761,0.08779146284941264,4142.578125,0.0008489274634739821,0.00012433030774884528,0.0016941987266282398,4.305883523262946e-05,Normal,0,none,97,5
0.01332707688139331,0.07026019716219845,0.004758884327068431,0.06898466733317217,0.2821115831906569,0.46329586679334994,4.015240414702952,-0.22560737185094792,0.07680340317431994,4142.578125,0.0007559438447124933,0.0001243641689020705,0.0016319894248027866,4.475979592182427e-05,Normal,0,none,97,6
0.012430254543668761,0.07028250413816273,0.0047851191599104625,0.06917455572615167,0.26580792960741906,0.4668061502612494,3.781992871012231,-0.15999253719220485,0.11201629761638486,4142.578125,0.00068356812477611,0.00013600723520405193,0.001680474730374966,4.703904093697803e-05,Normal,0,none,97,7
0.012058469741302327,0.07052549840150396,0.004828439232278634,0.0694869716729592,0.22027847203048764,0.4254776968002948,3.1233876686193,-0.13819736225474166,0.028019210020135018,4142.578125,0.0007027578238709628,0.00012374009781656792,0.0016919369206265713,4.119552668626726e-05,Normal,0,none,97,8
0.011970280316130294,0.06992469253299419,0.004746175014987036,0.06889248881399943,0.23293381364164317,0.4614163675278371,3.3312096943684466,-0.15463619549880292,-0.0167238060992537,4142.578125,0.0007010156601772045,0.00011674875968381961,0.0016497630690804764,4.888849756223861e-05,Normal,0,none,97,9
0.013561131270542636,0.071043496080619,0.0048632740540200375,0.06973717842026617,0.22902252116144936,0.4297588132621447,3.2236944097114586,-0.22443723836573914,0.008559432948109204,4142.578125,0.0008118173940935878,0.0001357041565136855,0.0016201660850572784,4.785741425641351e-05,Normal,0,none,97,10
0.012640462267357863,0.07240437008828791,0.005082611521549263,0.071292436636359,0.25208574180749815,0.42992271984116703,3.481637109750581,-0.2829428960714431,0.04394307842152809,4142.578125,0.0008654432985680273,0.00012436125494064902,0.0016725637873792095,3.871950669083723e-05,Normal,0,none,97,11
0.013460824842221558,0.06912641715486133,0.0045972677432349375,0.06780315437525704,0.25356217084963445,0.4382067491906305,3.6680936360637437,-0.27565667250633163,-0.013896732834596939,4142.578125,0.000727933128534601,0.00011706844092118732,0.0015952879273601756,3.953837710633672e-05,Normal,0,none,97,12
0.011888707311173054,0.06904833537356672,0.0046263312563298055,0.06801713943065972,0.24330866432416168,0.415649061592292,3.5237440990837525,-0.31820661541665984,0.04873103596706946,4142.578125,0.0006984732742289675,0.00013758048821950174,0.0015822686474873996,3.618470950281635e-05,Normal,0,none,97,13
0.011945686610166397,0.07135649175070684,0.004949049486380384,0.07034948106688765,0.24419733459880955,0.4444531756968282,3.422216095655944,-0.11540689986567543,0.0192388236129025,4142.578125,0.0007880433846005827,0.00012384567104261495,0.0016617194153732352,4.36185806649434e-05,Normal,0,none,97,14
0.014384191096346786,0.07182948464606756,0.0049525699110234325,0.07037449758984736,0.21523171617995607,0.40639176347367856,2.9964257329770407,-0.3373810200664087,-0.01570788340330253,4142.578125,0.0008603889885795598,0.00014726195556611775,0.0016291844314970062,4.6354642709117735e-05,Normal,0,none,97,15
0.013213093229501344,0.07209437145998926,0.00502301256351942,0.07087321471133802,0.22890062139492512,0.4484948498393611,3.1750137598738863,-0.3655020233282249,0.0064609098322344054,4142.578125,0.000878547145681114,0.00014174296323034004,0.0016173311856764606,4.847806646593658e-05,Normal,0,none,97,16
0.014264147761587031,0.07466494189277406,0.00537138763648694,0.0732897512377204,0.26656867730656547,0.4454205826952007,3.5701986842684934,-0.3594001194421903,-0.04608731424894891,4142.578125,0.0009369633006734125,0.00017809090512449185,0.0017329111312805597,4.120275487519956e-05,Normal,0,none,97,17
0.013376037981410932,0.07351512631311251,0.00522555540475274,0.07228800318692404,0.2449266010906226,0.4413767675537292,3.3316490547461157,-0.2488753657339191,-0.030010210355917766,4142.578125,0.0009206617235210977,0.0001276585051306483,0.0017061824135269372,3.719454185276754e-05,Normal,0,none,97,18
0.012098266973271028,0.07280194523116085,0.005153755165684403,0.07178965918350917,0.23173061224976813,0.43672873401386914,3.1830277544642076,-0.07716009457079531,0.010100074183140085,4142.578125,0.000907130609268118,0.00012717832814937175,0.0016422791288833991,4.670834613599338e-05,Normal,0,none,97,19
0.012079741445735804,0.07327580493598604,0.005223423435620848,0.07227325532740897,0.22692184407386568,0.44772650425511806,3.096818169000058,-0.16389344800625683,-0.04158812961287796,4142.578125,0.0008608476706870806,0.00011655331843932375,0.0017375788552160872,4.267805672713499e-05,Normal,0,none,97,20
0.012207698484520732,0.0716503923966998,0.004984750828312088,0.07060276785163658,0.22913662849516225,0.45277811149680103,3.197981488036013,-0.11796130894097612,0.025768116084703165,4142.578125,0.0007646880438018144,0.00014026409321369636,0.0016880688065045242,4.838281396024963e-05,Normal,0,none,97,21
0.009315529878348381,0.07183629426220588,0.005073674076411832,0.0712297274767483,0.22884576637939597,0.45248495973446956,3.1856566200937104,-0.23602867806706618,-0.06117565568131508,4142.578125,0.00076408100707844,0.00011432188180817327,0.0016999136650233666,4.531477760283815e-05,Normal,0,none,97,22
0.011354410677004972,0.07308081323500719,0.005211882621267917,0.07219336964893602,0.2281911550557638,0.44684083834002025,3.1224495863499175,-0.23491136207092778,-0.02988848723588724,4142.578125,0.0008292237917686609,0.00015157461145073,0.0017116694545555385,4.242321259943859e-05,Normal,0,none,97,23
0.013635943161769132,0.07404584410005256,0.00529684808257829,0.07277944821567618,0.27015976252457624,0.4574730198754168,3.648547272410451,-0.28559707854827376,0.08821768823028359,4142.578125,0.0008566109519254822,0.0001247828657111791,0.001815039738932235,3.7960602558691625e-05,Normal,0,none,97,24
0.014464391371714413,0.0740049414616444,0.0052675127429872865,0.07257763252536753,0.25969221305896995,0.45590199107327983,3.5091199037508107,-0.26645517630128435,0.05175727702950872,4142.578125,0.0009493219848764121,0.00015150157289872275,0.001702937011054179,3.9219744914775946e-05,Normal,0,none,97,25
0.014010968454922208,0.07216906099413369,0.005012066127730163,0.07079594711373076,0.24567499097657444,0.4407779264697731,3.404159449941358,-0.24287065299528487,0.08686604035851532,4142.578125,0.000754905297666881,0.0001308652256908033,0.0017711278194571718,4.5465150950151046e-05,Normal,0,none,97,26
0.013434562406115753,0.07155303412554762,0.0049393492255279635,0.07028050387929759,0.27389395266815114,0.46921553364770596,3.827845401881551,-0.030440530801600918,0.09433743584907327,4142.578125,0.0007462929491308864,0.00016289835888296086,0.0017017898442448717,3.9181732094738e-05,Normal,0,none,97,27
0.013143114387108756,0.07091953650644948,0.0048568392024969965,0.06969102669997765,0.22757472435001475,0.42756410791957344,3.2089144340264957,-0.17563529891380902,0.03682202745526712,4142.578125,0.0007054375894941675,0.00011695608024536182,0.0017395008149749072,3.9278715469722346e-05,Normal,0,none,97,28
0.00995693388855935,0.06011985486170338,0.0035152564161311387,0.05928959787459465,0.21213841171147674,0.37948601196983633,3.5285915476587397,-0.045759132243958334,0.008609228837477573,4265.625,0.000926079769660906,0.0001515378345450755,0.0007418773915274663,3.728623158292818e-05,Normal,1,none,98,0
0.011727802073777962,0.060809200169799994,0.0035602174838090927,0.059667558051332156,0.223982770921716,0.4029841133813822,3.683369791023066,0.11038367227111534,0.05291900906788987,357.421875,0.0010099377484555044,0.00013860425650610226,0.0007288687256474359,4.0279396247122325e-05,Normal,1,none,98,1
0.010386039146805186,0.06139015199664357,0.003660880953012031,0.060505214263004065,0.21628035562556025,0.39794384371716324,3.523046426687217,-0.1933868255051241,0.015293338837393417,357.421875,0.0010322318201339538,0.00015158901103252574,0.0007169374642498753,3.755461062684039e-05,Normal,1,none,98,2
0.009613712340681601,0.06144225577850291,0.0036827273301816,0.06068547874229551,0.19507272403131332,0.3761707626048616,3.174895217625853,-0.13555352221532724,0.026363068284194366,357.421875,0.000950476972082669,0.0001430853758678877,0.0008021918908197108,3.804057039894695e-05,Normal,1,none,98,3
0.010038646093740207,0.06067932297632585,0.0035812058214699004,0.0598431768998764,0.2439322793591281,0.4458275555103901,4.020023088495874,-0.001844935297160788,0.041614569671166196,357.421875,0.0009544966171075162,0.00014115755995814584,0.0007521219592398418,4.361515566458248e-05,Normal,1,none,98,4
0.011910031196898227,0.06169819278503193,0.0036648181498278765,0.060537741532269575,0.19047966630667829,0.3771816289920178,3.0872811294545555,-0.1946755848973396,-0.057074521818661884,357.421875,0.0010649930652605537,0.00013859634740413722,0.0007350280090222949,3.5664601643266493e-05,Normal,1,none,98,5
0.012739246161725469,0.060337161390676464,0.003478284651915502,0.058976984086298465,0.21685453893223136,0.4008422327219736,3.594046089243777,-0.03080372581358848,0.0012080180677039335,357.421875,0.0010667486894534932,0.00011759200558450228,0.000678014979332018,3.907847324916583e-05,Normal,1,none,98,6
0.009631594528227575,0.05993234748281826,0.0034991186616450897,0.059153348693417936,0.1907179971043245,0.3808992895777634,3.1822213731741544,-0.14346286115343032,0.003164815546602489,357.421875,0.0009504865296339276,0.00014348349538686862,0.000710932033588263,3.747120917311398e-05,Normal,1,none,98,7
0.00903393796694146,0.06213081687721778,0.003778626370639824,0.06147053253909408,0.24355806156746965,0.4513891944542126,3.920084650565376,-0.09217578659470904,-0.0689126660796777,357.421875,0.0010171096705795476,0.00016057316612269252,0.0007510809744578724,4.217689470730802e-05,Normal,1,none,98,8
0.010604025946495779,0.06211362477124123,0.003745657015948596,0.061201772980434124,0.2021684323560495,0.3761117241299097,3.254816203379166,-0.10383259527989797,0.03296592526858021,4265.625,0.0010346192129740898,0.00013101625652731235,0.0007819770201584215,3.76627179692147e-05,Normal,1,none,98,9
0.009640508037809588,0.05994503525825711,0.003500467856886617,0.05916475181124837,0.22505990218386138,0.407009843840177,3.754437731402628,-0.03651520460634794,0.07541859866886494,4265.625,0.0009430803785201992,0.00014853961874312027,0.0007072665202886033,4.430756594840971e-05,Normal,1,none,98,10
0.01031576091275139,0.06256141878747011,0.003807516197492168,0.06170507432531111,0.19625592067326467,0.3723600646812135,3.137011987211695,-0.177099795835455,-0.021384737874162806,357.421875,0.0010785858536875338,0.00015589793224443183,0.0007385277760255231,3.7161687223743283e-05,Normal,1,none,98,11
0.011138780429801686,0.06058763399752565,0.003546788963954793,0.05955492392703388,0.22292318357214166,0.4023693286741381,3.6793511953486364,-0.00012122893952382086,0.07325620360412098,357.421875,0.0009728094220808919,0.00015176980899206404,0.0007354072688667463,3.7483989083675795e-05,Normal,1,none,98,12
0.01327522492036108,0.06145332317505989,0.0036002793325721765,0.06000232772628222,0.21751412353916286,0.39172168437521293,3.539501402056617,-0.04606253291918572,0.06503539159374232,357.421875,0.0010213224399966605,0.00018545751871120312,0.0007286888956689544,4.090776109110609e-05,Normal,1,none,98,13
0.011225199181734124,0.061065532041780994,0.0036029941068761763,0.060024945704899864,0.20151137569663502,0.3829581256476996,3.2999200851760544,-0.16869830681323084,0.020883406358968373,357.421875,0.0009955386574224117,0.00016287622829263816,0.0007322479177467976,3.685997697949453e-05,Normal,1,none,98,14
0.011911312798461056,0.06158166812393938,0.003650422476344229,0.06041872620590597,0.20723022022710513,0.389175043678576,3.365128398438854,-0.06784883781872963,0.05836534912447539,357.421875,0.0010468954028084098,0.0001352204287763447,0.0007490357129536482,3.5939210084748544e-05,Normal,1,none,98,15
0.011976443745959381,0.061080205536404135,0.0035873563035692443,0.05989454318691515,0.21757288383096454,0.4060089129357476,3.5620849982452976,-0.033714390973937025,0.03136989050074577,357.421875,0.0010369352130589695,0.00017263840980099674,0.0006902896322786873,3.7266247077188806e-05,Normal,1,none,98,16
0.011128721737850816,0.05990239624312477,0.0034644486281498153,0.05885956700613602,0.19019312475516945,0.35412771347817157,3.1750503599761863,-0.1496472316100279,0.035075722407761495,357.421875,0.0009762407477582468,0.00015387782418686187,0.0006850659933882274,4.088820061662435e-05,Normal,1,none,98,17
0.009932760489291296,0.06229075174551044,0.0037814780220831856,0.061493723436487284,0.21470884665645254,0.3958505234842231,3.4468816098679933,-0.11125644381962774,0.09273838175375891,357.421875,0.0010549294715989528,0.0001671956810152063,0.0007238589603023107,4.341464745271841e-05,Normal,1,none,98,18
0.011356983906941408,0.06265266369615514,0.0037963751847609915,0.061614731880947037,0.2822164935827138,0.5140893707044694,4.504461214153179,0.36792949640507056,-0.08292216102402888,4265.625,0.0009888048513217343,0.00014135476974389235,0.0008546544053668535,4.236422747590965e-05,Normal,1,none,98,19
0.014093251906822925,0.06410362023121244,0.00391065437743834,0.06253522509304928,0.25563605496324193,0.43620120445299515,3.987856755066248,0.026808785886582864,0.0634937946012162,357.421875,0.0010735776303259263,0.0001865541708024469,0.0008476737639550606,4.617781147461384e-05,Normal,1,none,98,20
0.011690690657226409,0.06301659351406082,0.0038344188100734107,0.06192268413169289,0.21059305170545609,0.4208171755765716,3.3418666411802587,-0.010125499392237725,0.011375293100265194,357.421875,0.0010469125983616253,0.00017433566721936078,0.0007919795566487698,4.065557401982115e-05,Normal,1,none,98,21
0.013025482084007039,0.06000816738541291,0.0034313169694349457,0.058577444203677456,0.2516868027169696,0.4263268925276082,4.194209116576869,0.10823517584701525,0.05279410533046703,357.421875,0.0009851956560345263,0.0001570083448622635,0.0007046795444864836,3.8438760295239804e-05,Normal,1,none,98,22
0.014933648336241102,0.06116703008735119,0.0035183917170764087,0.05931603254665983,0.23873501951176784,0.4212777183313752,3.9030016525379114,-0.03629508082532107,0.09557255285865322,357.421875,0.001070512703774084,0.00016395581547497902,0.0007059657169712586,4.182393318183787e-05,Normal,1,none,98,23
0.016239514139416617,0.06278302807671486,0.003677986794997254,0.060646407931527604,0.21879475086135772,0.4258935339216747,3.484934664094434,-0.09434871176858639,0.04322443078869314,357.421875,0.0011418192353844444,0.00016306353495680533,0.000759083760091471,3.876147307073168e-05,Normal,1,none,98,24
0.016001806968831397,0.0632408712296084,0.003743349967612171,0.06118292218922018,0.22611089155593087,0.39242915740058015,3.575391786349541,0.09124008965851571,0.08795019753742638,357.421875,0.0011165015845873932,0.0001821782567030557,0.0007876153082213798,4.144751640639178e-05,Normal,1,none,98,25
0.014425971136579178,0.061388739822512736,0.003560468733762746,0.05966966342927322,0.24191620561716906,0.4121295412419872,3.9407260405833013,-0.014367807619060535,0.09976043652119869,4265.625,0.0010433121903029837,0.00012729877504557183,0.0007793228507988587,3.8410370578982234e-05,Normal,1,none,98,26
0.01754823760590822,0.06393170703322981,0.0037793225211093127,0.061476194751377645,0.25034011824830626,0.4271432353399093,3.915742749027284,-0.02513049519250954,0.0541815431410174,4265.625,0.001230880705981142,0.00017916197237912817,0.0007469792776843149,4.060086415379371e-05,Normal,1,none,98,27
0.017560111322998284,0.06240480062421193,0.003586001631271549,0.05988323330675749,0.22679903427096043,0.4535064779291633,3.6343203087322506,0.03196312633593479,0.057619564761402786,4265.625,0.0011967981527020342,0.00016026099396997145,0.0007082054336122302,3.609429936396e-05,Normal,1,none,98,28
0.016207875102146302,0.06116182193149955,0.0034780732466536853,0.058975191789884716,0.20582953054494282,0.3912434919203508,3.3653269972151785,0.022935641257319617,0.013647144235786807,4265.625,0.001090649683197457,0.00011283325960024294,0.0007489039142191907,4.9349601117863024e-05,Normal,1,none,98,29
0.01363787889868451,0.0625706531838714,0.0037290948990011323,0.061066315583970944,0.22843731911288634,0.40977259751902384,3.6508699764024484,0.08561446211907908,0.06642524001175809,357.421875,0.0011349347647700205,0.00013257510546076313,0.0007398225261786122,4.321367498190653e-05,Normal,1,none,98,30
0.009349118818114953,0.06074555441934007,0.0036026163590377747,0.06002179903199982,0.23934234331246546,0.42181523375752517,3.940079987750742,-0.01206345638119144,0.06048893167508776,357.421875,0.0009769688083161843,0.0001496482569559588,0.0007242187659711658,3.788010572497242e-05,Normal,1,none,98,31
0.007329340792193551,0.05996029529108128,0.0035415177749455523,0.05951065261737223,0.20990364884142204,0.40827186973141083,3.500710725696574,-0.09316530939888956,0.05457481134534762,357.421875,0.0008904448518234781,0.00016648792695196993,0.0007269617993761812,4.059712030410558e-05,Normal,1,none,98,32
0.009146541331331746,0.061798401830259315,0.0037353832504484373,0.061117781786059915,0.20348242273191147,0.4004948110818468,3.292680986974605,0.07444946392887619,0.02264247925365963,357.421875,0.001006124550331589,0.00016292745277350594,0.0007394324045076921,4.2869205037634616e-05,Normal,1,none,98,33
0.011228211887160243,0.06154733278464331,0.003662001430720663,0.06051447290294003,0.21833387938982762,0.4012742502509812,3.5474141528404974,-0.18183021627484441,0.08592046438229166,357.421875,0.0010788997615188384,0.00015210287691660586,0.0006899648271979295,3.610618886267332e-05,Normal,1,none,98,34
0.009954680443622448,0.059935503739759935,0.0034931689458041378,0.05910303668851659,0.2115658883434048,0.3945822794639856,3.5298925535359524,-0.010042107364511388,0.047418311014940165,357.421875,0.0009465967944740952,0.00014334596364784074,0.0007140435409906349,4.1778518332611714e-05,Normal,1,none,98,35
0.011567148765628484,0.0625601756317662,0.0037799766445112534,0.06148151465693777,0.20021150513666428,0.3985909898907122,3.200302798302932,-0.0031889245988909742,0.049855502495907984,357.421875,0.001058366791524538,0.000147966663837205,0.0007794934935223404,3.7992716053428944e-05,Normal,1,none,98,36
0.01108026989335056,0.06296405025455123,0.0038416992435481617,0.061981442735291034,0.21138651075651127,0.3997381348843378,3.3572571952076986,-0.04117689822931325,0.011494656505387234,4265.625,0.001046983155556206,0.00015297470278638356,0.0007982208483545611,4.5450333257690046e-05,Normal,1,none,98,37
0.011024192358705082,0.06096133417416888,0.0035947514471329585,0.059956246106081044,0.24263723346308272,0.42886289151574,3.980182467297366,0.024538971823225175,0.024367028253302673,357.421875,0.001011387054965428,0.00016117363855765217,0.0007032058022485211,4.3168600444654085e-05,Normal,1,none,98,38
0.01163794835391912,0.060826607358062536,0.0035644343208034186,0.05970288368917718,0.20921727099459878,0.4158565927596295,3.4395683087011286,-0.010956608407668877,-0.016133702551109283,357.421875,0.001036437069187826,0.00013714825321613404,0.00069691914961534,4.726229572814419e-05,Normal,1,none,98,39
0.013664372775135523,0.0615648943531281,0.003603521133373959,0.060029335606634524,0.21086516433405594,0.3912635716600591,3.4250877314035697,-0.008934884433467793,-0.00838692343448338,357.421875,0.0010908678568742206,0.00014047213932347403,0.0007076391732294489,4.964896909147095e-05,Normal,1,none,98,40
0.01377392461422017,0.0619096480793671,0.0036430835260328623,0.06035796157950384,0.24294959402699287,0.4114869457796214,3.9242606211480267,0.1862195640339932,0.048929113980954425,357.421875,0.001041699576509715,0.00014820823574369937,0.0007801036025372387,4.125883913333022e-05,Normal,1,none,98,41
0.015615074407971797,0.06239483470644126,0.0036492848492776318,0.06040931094854196,0.2055721451011451,0.39731369839878017,3.2946981279513365,0.07105714336638824,0.01085040885835403,357.421875,0.001107068648529749,0.0001419585813130251,0.0007715222774697357,4.792965142250894e-05,Normal,1,none,98,42
0.014345563334136193,0.06110345196820629,0.00352783665505718,0.05939559457617358,0.23394537917228692,0.4475566010420019,3.828676967285167,0.18520135459391263,-0.041620279553097196,357.421875,0.0011080280754465924,0.0001126364088368699,0.000707972201796949,4.109994347092933e-05,Normal,1,none,98,43
0.014210287169101594,0.0619957461914532,0.0036415402844067507,0.06034517614860985,0.22394139417919615,0.4023082468819399,3.6122058034050886,-0.10519839108058493,0.09327067560683673,357.421875,0.0011021960861942225,0.0001437653337553284,0.0007386374953574745,3.810356171349872e-05,Normal,1,none,98,44
0.01460565484539584,0.06186555914016842,0.0036140222542628414,0.060116738553108826,0.22498752576708664,0.4115325875551762,3.6367169212410055,-0.14263079179234506,0.00342764633646228,357.421875,0.001075378819711722,0.00017448642555286566,0.0007279467646973331,4.252544813717662e-05,Normal,1,none,98,45
0.015890362545357188,0.06388634802602798,0.003828961842279879,0.06187860569114239,0.20982704308168423,0.3961743923564242,3.2843799898563377,-0.044156441416567827,-0.054464920117579745,4265.625,0.0011757350672212555,0.00018119358078274724,0.0007671441328945021,4.2975111292658535e-05,Normal,1,none,98,46
0.014496852825574032,0.0622131405101729,0.003660316110292162,0.060500546363583874,0.2040269645821682,0.39191377947464245,3.2794834484976105,-0.173793108327982,0.043514012058404265,4265.625,0.0011157183219543856,0.00012707526970279112,0.000753514677282563,4.401465892433497e-05,Normal,1,none,98,47
0.015009898150930534,0.06127840413904475,0.003529745771326789,0.059411663596694454,0.2354998115589621,0.4206937413114037,3.84311267350562,-0.027337165462670843,0.04958934906403145,357.421875,0.0010743317798912458,0.00014239393467982281,0.0007331581400801615,4.029647499663596e-05,Normal,1,none,98,48
0.015290384311310384,0.059757716722878405,0.003337188855544214,0.057768407071202975,0.1949784798259043,0.36641138723522715,3.2628167627304316,-0.1134236826858781,0.018467565336809245,357.421875,0.0010533640420062867,0.0001335819582727824,0.0006711285761984773,4.431820114083483e-05,Normal,1,none,98,49
0.015462080931298552,0.061312565373408116,0.0035201547259424175,0.05933089183505012,0.22775943207523333,0.41114585204774023,3.71472683760864,0.023297737814407693,0.04739921681500992,357.421875,0.0011634817694273962,0.00013045215318146638,0.0006635498260164344,4.172304403752119e-05,Normal,1,none,98,50
0.015121310227292739,0.061651569917964756,0.003572262050359669,0.05976840344496136,0.21769423847992544,0.42170760178532574,3.5310412819916066,-0.02790268128098017,-0.028029464726013812,357.421875,0.0010382036408913223,0.00018757170319756624,0.0007446273142870736,4.438299144851212e-05,Normal,1,none,98,51
0.013791753855102121,0.0604803270502267,0.0034676574857026594,0.05888681928668468,0.20875428413444258,0.3813748051497721,3.451606403534819,-0.09911828754188923,0.059373501155839316,357.421875,0.001006076514180635,0.0001392747086173818,0.0007277428299428478,5.096567581483905e-05,Normal,1,none,98,52
0.01123051216841969,0.06368053764799793,0.003929086471573058,0.06268242553996342,0.2335027739175629,0.45228420545973214,3.666783958519296,0.028508756712300798,-0.010387447184092992,357.421875,0.001085675360633519,0.0001675028308219322,0.0007952336893031853,4.225919336495735e-05,Normal,1,none,98,53
0.010465731992378654,0.05884230107179911,0.003352884849287952,0.05790410045314539,0.20128793136733705,0.3721441404554824,3.420803192616931,-0.17622006382513344,0.02518462345870389,357.421875,0.0009166707044146005,0.00012475554078681934,0.0006978490852721897,4.6726786896836956e-05,Normal,1,none,98,54
0.011821382976242648,0.05963917771892854,0.003417086423518943,0.058455850207818745,0.2086393154623223,0.38665384027372884,3.498360028463361,-0.015078520616054192,0.048952626393470894,357.421875,0.0009631643753121175,0.0001268888996119874,0.0007038026048206415,5.44464022140696e-05,Normal,1,none,98,55
0.011814462449724578,0.062402122098363086,0.003754443319403062,0.06127351238017176,0.194674278502551,0.3591041878874609,3.1196740103756446,-0.18779434708239373,0.039360535318718026,4265.625,0.0010782486852985356,0.00014328657836810388,0.0007545786785632972,4.0699381024797255e-05,Normal,1,none,98,56
0.012983155217396767,0.06250576549953009,0.003738408401283228,0.06114252530999376,0.21304583865840096,0.406445842430772,3.4084189987242475,0.009025375864867957,-0.03995137509409483,357.421875,0.001024027323915868,0.00014816840874337607,0.0008166304043150031,4.894360234736645e-05,Normal,1,none,98,57
0.016235322692912463,0.06366568209086768,0.00378973337315243,0.06156081036789907,0.27491332372417965,0.5139190193230587,4.318077097356878,0.19591263384813873,-0.023029909160342293,357.421875,0.0011237840159012277,0.00017291392655026738,0.0008161324354807477,4.5657535374479585e-05,Normal,1,none,98,58
0.014032187830583926,0.05786913902070852,0.003151934955685301,0.056142096110541696,0.19420064120304215,0.3831393698518244,3.3558584850130098,-0.0870619126897374,-0.045587119942781244,357.421875,0.0009266119519667093,0.00016427814179435167,0.0006205060574687705,6.148182881821296e-05,Normal,2,none,99,0
0.013521596070991123,0.05664927195995798,0.003026306453286239,0.05501187556597429,0.19052431009264742,0.3552187517565175,3.3632261016049383,-0.16186947359369297,0.022354303185676692,357.421875,0.0009469654555443703,0.00012847377682562508,0.0005713436042847672,4.9247756901487766e-05,Normal,2,none,99,1
0.012747963356883465,0.059071849361186625,0.0033269728172022808,0.05767991693130531,0.2114029788816163,0.3893903673477931,3.5787431943940358,0.014848175982663303,0.0014379567441682823,357.421875,0.0009819521886162016,0.00015104041064421074,0.0006343346933663337,5.87264543935923e-05,Normal,2,none,99,2
0.013319010079664632,0.05778405207073688,0.0031616006442114226,0.056228112579130934,0.20796310563745263,0.3992804034698433,3.5989706187941386,0.05973278565552809,0.05456121929597121,357.421875,0.0009576197314147116,0.00013637736747190978,0.0006082623772787582,5.593870249444336e-05,Normal,2,none,99,3
0.014293337523888928,0.05674969134649299,0.00301622797035041,0.05492019637938679,0.191583783023246,0.36488726800336246,3.3759440532196914,-0.15943439000685533,-0.01229668921172595,357.421875,0.000980022494691795,0.00014416990053178882,0.0005286211716942661,5.964847461467537e-05,Normal,2,none,99,4
0.014358753726593974,0.057869243224160094,0.0031426755027560223,0.05605957101830179,0.22230772063283125,0.4074942998496969,3.841552234780547,-0.055566423158693645,-0.04338316674412521,4259.765625,0.0009940206593374223,0.00015355991090663845,0.0005785899283678867,5.136530113963502e-05,Normal,2,none,99,5
0.01151972613092513,0.05800945126308808,0.0032323923457130725,0.056854132177996286,0.2008959512065205,0.3993614853755758,3.4631589651728416,0.13271065577951724,0.006674506482436936,357.421875,0.0008962398212888243,0.00015331464953589663,0.0006429189355443094,5.6461462866743605e-05,Normal,2,none,99,6
0.010744196954398749,0.05628341904509447,0.003052385491210791,0.055248398087282054,0.22635600685427068,0.3999421783532967,4.021717420416721,-0.055010855753164556,0.007008951566609234,357.421875,0.0008545216545302579,0.00015592519989961868,0.0005791444308862984,5.2040610045491055e-05,Normal,2,none,99,7
0.010383942034713862,0.05866162791130734,0.003333360337024376,0.057735260777313335,0.21373078411094124,0.394968202344232,3.6434512938183135,-0.015681284534464712,0.036567999859331506,4259.765625,0.0009541945603846703,0.00017683179043884745,0.0005844982499462943,5.89864747652883e-05,Normal,2,none,99,8
0.0107251720323424,0.05661209224108759,0.00308989967279007,0.05558686600978751,0.22417113565640281,0.42760638087073466,3.9597747898408393,0.15481948892063313,-0.06444729902761417,357.421875,0.0008788691068678891,0.00017202425276383466,0.0005549055780394859,5.424300683901326e-05,Normal,2,none,99,9
0.01019166295554898,0.05642270485116284,0.003079651628921925,0.055494609007739885,0.19662851154014677,0.3858635494886584,3.4849182090584296,-0.08977975387865245,-0.031513935786761336,357.421875,0.0008540160005141648,0.00018201697609133814,0.0005482772566889797,5.939041568029972e-05,Normal,2,none,99,10
0.010801110216477424,0.05816321553229298,0.0032662956591474742,0.05715151493309232,0.20260696695088432,0.3740590312955493,3.4834210092527345,-0.04975382739701928,0.005656664517770705,357.421875,0.0009473201378125584,0.00012251144980406493,0.0006288474150176141,5.113282808437914e-05,Normal,2,none,99,11
0.009348189396217267,0.05771513993975458,0.0032436487332779046,0.05695303971938552,0.2178544075625059,0.43211078064910646,3.774649213185851,0.1467936813253421,0.0657424366692236,4259.765625,0.000891997429692167,0.00014355057812079502,0.0006157364127085199,5.794660836037135e-05,Normal,2,none,99,12
0.009498821453785163,0.05523516009200663,0.002960695301378713,0.05441227160649253,0.17698240041495894,0.3457605043767402,3.204161988851934,-0.05468263438098386,-0.040835216118966226,4259.765625,0.0008501915023651977,0.00012643030793783996,0.000543182656812707,5.077392006338721e-05,Normal,2,none,99,13
0.010924158501241054,0.058655636663560724,0.003321146473447412,0.05762938897339978,0.23897077872778366,0.4222193236279783,4.074131529736546,0.03388919038798477,0.0810933473625962,357.421875,0.0009275094685300591,0.0002076602843717643,0.0005822497050660788,6.249949446848436e-05,Normal,2,none,99,14
0.011016615320106445,0.0572564675688164,0.00315693726534772,0.056186628883994456,0.19747175207480408,0.3584327073124778,3.4488986215830253,0.02543763598625981,0.0789685974812158,4259.765625,0.0009462563031689473,0.00013169813256039894,0.0005645106558430736,5.747254688462494e-05,Normal,2,none,99,15
0.010758291883601976,0.055598596532925176,0.0029754630921782236,0.05454780556702738,0.17683498257132613,0.3390254622169532,3.180565582561161,-0.15532474435494015,0.0569671440952392,357.421875,0.0008636395220426374,0.0001424122777397461,0.0005440388761961547,5.3382324021500737e-05,Normal,2,none,99,16
0.010141207891953087,0.05734875984918272,0.0031860361587314205,0.056444983468253586,0.1809805434750319,0.35466989501098023,3.1557882672786524,-0.07441047184772076,-0.048420919071747184,357.421875,0.0008787970937544657,0.0001623521251487886,0.0006008335601428388,5.391896455738476e-05,Normal,2,none,99,17
0.010831028821353013,0.058356739528456734,0.003288197863063165,0.057342810038078576,0.1929546970424814,0.37595615308671937,3.306468089232266,-0.15812237446926947,0.03318255240817515,357.421875,0.0009742444875550869,0.0001515600962841726,0.0005815532163169657,5.405235056125522e-05,Normal,2,none,99,18
0.010308782148508168,0.055982592475795914,0.00302777967092564,0.05502526393326651,0.2252476913299114,0.42368321038118106,4.02353091145783,0.061646693683117704,0.02374586187941902,4259.765625,0.000824970537742503,0.00012854263427285637,0.0006162748515238792,5.038090710350701e-05,Normal,2,none,99,19
0.011743941483462368,0.057883341790084746,0.0032125610952207836,0.05667945920014396,0.20871821340773036,0.38803242549107564,3.6058424920359937,-0.02725591427477214,-0.05883384978607595,357.421875,0.000909868266553235,0.00012750992013389715,0.0006504452760606517,5.638312189763731e-05,Normal,2,none,99,20
0.013120323638304683,0.05713618707401577,0.0030924009809830694,0.05560936055182679,0.23684169074839914,0.40804547698991733,4.145213443129973,-0.016288783102076376,0.08070055851958895,357.421875,0.0009195969916344581,0.00015558022829787772,0.0005825585505672944,6.0612813658381646e-05,Normal,2,none,99,21
0.014051147701754706,0.05675263999621418,0.0030234273948033623,0.0549857017305714,0.1945010439915845,0.38463535457100906,3.4271717404610453,-0.09581506714847965,0.011488971145799541,357.421875,0.0009645133758448697,0.0001251979623142313,0.0005637003736607212,5.5744636879086355e-05,Normal,2,none,99,22
0.013374270737007104,0.059326062155994536,0.0033407105331901624,0.05779888003404705,0.22306134543687148,0.41317630036090064,3.759921648774602,0.13454953937005332,0.0042101572785836205,357.421875,0.0009846149794392114,0.00016337417977693762,0.0006387481618663432,6.251122651505559e-05,Normal,2,none,99,23
0.013006979015819226,0.058037633445661437,0.003199185392854998,0.0565613418586847,0.20733533625407413,0.4048398687714268,3.5724291971380056,0.01069087037902916,-0.023574500294533556,357.421875,0.0009176575214572957,0.00020952402939267834,0.0005848081008344528,5.684379799720309e-05,Normal,2,none,99,24
0.011067893366997643,0.05571013488282009,0.0029811208650787767,0.05459964162042437,0.18067136653235139,0.33932560644978516,3.2430610141650704,-0.21544601595027135,0.025886396239661456,357.421875,0.0009171866837974977,0.0001416143430026638,0.0004985953161541188,5.5662746306257085e-05,Normal,2,none,99,25
0.011371897223413776,0.057304942570491006,0.0031545363965473864,0.056165259694471156,0.21113659988534303,0.3829734286469976,3.6844396035407097,0.047458300595341285,-0.01776138303590205,4259.765625,0.0008643352175941987,0.00017910945975093252,0.0006115941146121542,5.1554575006312206e-05,Normal,2,none,99,26
0.009807432598394988,0.05628499659246899,0.003071815107242185,0.05542395788142692,0.2331814997555818,0.42520780325068314,4.14287134889481,0.080500769791918,0.07577272472999605,4259.765625,0.0008425434601827428,0.00015694882270828327,0.0005808370271633424,5.176783579906358e-05,Normal,2,none,99,27
0.012138715558281013,0.05939413934777641,0.0033803153734582284,0.05814047964592508,0.262988212208692,0.4538133346979775,4.427847849916487,0.09322163630737723,-0.045894963732579154,357.421875,0.0009769035097706032,0.0002033464183301283,0.0006022373919857014,5.502454834627916e-05,Normal,2,none,99,28
0.011987572203598314,0.05820038051945308,0.0032435824052726514,0.05695245741206126,0.20362579419329782,0.38185947986754326,3.498702111152646,-0.08541962114376034,-0.0023584049204489173,4259.765625,0.000930931061539143,0.00013119117787369566,0.0006557817255333865,4.760631557078416e-05,Normal,2,none,99,29
0.011342862573266114,0.055681906058382497,0.0029718141309385323,0.0545143479364702,0.17854536938836857,0.3552274085677809,3.2065240223846447,-0.15694995975547288,0.03764181758761964,357.421875,0.0008997330607234004,0.00013356399572209804,0.0005197089618747904,6.160483870164919e-05,Normal,2,none,99,30
0.012541495598665745,0.057282141588771755,0.0031239546331447428,0.0558923486100266,0.19908389823864017,0.3879394496713797,3.4754967729360158,-0.11115655376772837,-0.01969616757350848,4259.765625,0.0009523119998912299,0.00014853990518120044,0.0005649259484636505,5.349676945212824e-05,Normal,2,none,99,31
0.012505719922244737,0.058132291176157994,0.0032229702466159875,0.056771209663138124,0.21786661652655265,0.36529253853614274,3.747772745896984,-0.168426101305998,-0.022678463199317135,357.421875,0.0009248897426824197,0.00016632849044756378,0.0006173095269136788,5.935039448855966e-05,Normal,2,none,99,32
0.014366084877397572,0.056346454251967805,0.002968538512064509,0.05448429601329643,0.2171605248856451,0.3673699363264098,3.854022897599828,-0.09923022256837122,0.0629689803440619,4259.765625,0.0009576198028781431,0.00015335839503438523,0.0005228591255926206,5.682325880720448e-05,Normal,2,none,99,33
0.013873718600928831,0.058010435785500136,0.003172730592205877,0.05632699701036686,0.20842118012711727,0.3839968479821083,3.5928221759577386,0.11414704138597775,0.038955397894988884,4259.765625,0.0009513698735286402,0.00015744220042033762,0.000619437695441054,5.0640810451055655e-05,Normal,2,none,99,34
0.012680605371039698,0.0578617493359193,0.0031871842836367166,0.05645515285283281,0.18448290978606194,0.3634211689516945,3.188339652765026,-0.13406946359645122,0.015050148551090355,4259.765625,0.0009461641178386172,0.00013280949964167605,0.0006139815675126373,6.146819507737406e-05,Normal,2,none,99,35
0.010900898540375153,0.056416304280996366,0.003063969799738416,0.05535313721676863,0.23038663883058938,0.39990645602417185,4.083688957771633,0.033008326058648674,0.003781698430052135,4259.765625,0.0008534075638186385,0.0001535894821914331,0.0005847144996177656,5.9114493206172555e-05,Normal,2,none,99,36
0.011636625852394424,0.05738757500985836,0.0031579227042835053,0.056195397536484296,0.21353731826258443,0.40755977696875567,3.720967791824307,-0.16547077563429102,0.01459210492917542,357.421875,0.0009210578824744526,0.0001457573199682401,0.0005863782170394721,6.118121534947436e-05,Normal,2,none,99,37
0.013458714761030324,0.057518353664517324,0.0031272240052577175,0.05592158800729569,0.2145650662004551,0.39078621768228117,3.7303756545594386,0.07353261713632486,0.01975482858290722,4259.765625,0.0009349647393191618,0.00014872460309986785,0.0006066731083682542,5.4391718861268744e-05,Normal,2,none,99,38
0.014284728346312614,0.056342470937708736,0.002970420567438606,0.05450156481642161,0.1874406363631664,0.33471309797101045,3.3268089461393617,-0.19893421336007355,0.009086267546418164,4259.765625,0.0009146062518759846,0.0001637496927275822,0.0005554238645537352,5.548394000716706e-05,Normal,2,none,99,39
0.013646285900140016,0.057850578653699504,0.003160468331699513,0.05621804275941589,0.18966016301533214,0.3786165551669405,3.2784488492441985,0.04401643308549019,-0.012201623102809249,357.421875,0.0009750066975049545,0.00015290826111638187,0.0005810588715470936,5.748166318091663e-05,Normal,2,none,99,40
0.01319435084022058,0.05785630191979274,0.003173260777739384,0.05633170313188998,0.2092182431327394,0.3739110309483391,3.6161703425632443,-0.037312851240467904,-0.04737923580712807,4259.765625,0.000931150789709771,0.0001927426487302481,0.0005817308886362958,5.510053330253879e-05,Normal,2,none,99,41
0.014806329188013691,0.05687661135646946,0.003015721535371044,0.05491558554154771,0.20209046280288057,0.3519545453260434,3.5531382405378427,-0.19590035829291885,0.05574636880158314,357.421875,0.0009643130195298364,0.00017776684892259367,0.0005295829904755631,5.5446738690817456e-05,Normal,2,none,99,42
0.01361095373265131,0.05702953069742071,0.0030671093100556766,0.055381488875396595,0.2083492900448903,0.37690931749729106,3.6533579620411176,-0.08738939311359761,0.03840165851074964,4259.765625,0.0009659547021275118,0.0001546224452340167,0.0005359277236282274,6.230814614430045e-05,Normal,2,none,99,43
0.012526520457803406,0.057047587620834776,0.0030975135385770533,0.05565531006630951,0.1891480505144126,0.3642424809171442,3.31561873872003,-0.07332413838620688,-0.005019414114109027,357.421875,0.0009439196848298171,0.0001563593830123231,0.0005463623142700134,5.9045042518869096e-05,Normal,2,none,99,44
0.013684295981246548,0.05656560060277294,0.0030124072150500667,0.05488540074600956,0.2033910276120524,0.37310786299892407,3.595666366920567,-0.0652682622216707,-0.07350818390892719,357.421875,0.0009121917046661676,0.00014327306358925736,0.000578239704367411,5.977732098623669e-05,Normal,2,none,99,45
0.014099353586363349,0.056981356359844866,0.0030480832010543355,0.055209448476273834,0.19983414307255437,0.37080170310611593,3.507009236680417,0.03252631648408055,0.04334282361691805,357.421875,0.0009704631188776028,0.00014305706830284405,0.0005593986149920681,4.993663095085379e-05,Normal,2,none,99,46
0.013006625130276048,0.057476962896637444,0.0031344289665419093,0.05598597115833492,0.2009139181544484,0.39550383797023037,3.495555576166367,-0.024377419164934633,0.07901607622129611,357.421875,0.0009600720743456173,0.00015628503426992236,0.0005692954339241178,5.073938119723783e-05,Normal,2,none,99,47
0.012888553447856756,0.05648385011532417,0.003024310513872146,0.05499373158708314,0.2067198562292384,0.3734831540260205,3.659804631008235,-0.15470017415841975,0.056595169084749375,357.421875,0.0009123698570928214,0.0001463596508790468,0.0005641376997670391,5.544125503715104e-05,Normal,2,none,99,48
0.014079762908999696,0.057251104952263855,0.003079449294681488,0.05549278596972302,0.22096695908319317,0.3985045829059317,3.859610382497178,-0.05184959560030089,-0.010643800334679999,357.421875,0.0009368080623902891,0.00018402159955273686,0.0005654188908680249,5.173302621890674e-05,Normal,2,none,99,49
0.013726110202377802,0.05862232932780596,0.0032481713945299185,0.05699273106747841,0.23326934182279052,0.39841312469070883,3.979189235528131,0.10490652647927678,0.1240189523146394,4259.765625,0.001003123561885199,0.00014423380764140662,0.0006120515089152657,5.30843381560522e-05,Normal,2,none,99,50
0.012590244733473602,0.05690413413666693,0.003079566219395023,0.05549383947245877,0.20780064978423773,0.37521283754904733,3.6517671859334846,0.05723888859977144,0.11844742854561202,357.421875,0.0009444128036625323,0.00015340114602477068,0.000540352273949102,6.0133874266282485e-05,Normal,2,none,99,51
0.013419913349196677,0.057236919003917114,0.0030959708227610216,0.055641448783807036,0.240624128743008,0.43302405141144396,4.204002118397401,0.019060939392879117,0.0532365183652029,357.421875,0.0009359794555563689,0.00013849414942256053,0.0005980083811583062,5.563444379986908e-05,Normal,2,none,99,52
0.013488854050504104,0.05794646552697481,0.0031758436834730783,0.05635462433086639,0.21070104586188432,0.4122369787034582,3.6361328330508846,-0.0030251706792663313,0.09447963262448378,4259.765625,0.0009572757236547067,0.00015863301263935092,0.00060122276921366,5.274987990130387e-05,Normal,2,none,99,53
0.011697650330369848,0.05680522845608455,0.0030899989566963567,0.05558775905445691,0.2156833179973325,0.3998211355181819,3.796892009052912,0.04303116969546883,0.0456913723982301,357.421875,0.0008633962527950242,0.0001658566565760962,0.0006003468936056095,5.2261154901398084e-05,Normal,2,none,99,54
0.011499534491236172,0.05771008041928818,0.0031982140884855787,0.056552754915084186,0.21619802631019683,0.3925546950193054,3.7462783752756295,-0.1443785891794076,0.037500173870561655,4259.765625,0.000906110815965983,0.00014485194759649827,0.0006253209925463357,5.5063810525975985e-05,Normal,2,none,99,55
0.010721793656357854,0.058563931569758636,0.0033147772216978568,0.05757410200513645,0.2294606462986699,0.44047798102473296,3.9181223006748964,0.2490250280664017,0.030826898197617567,357.421875,0.0009214552652258483,0.00016355853815495076,0.0006329988553039752,5.433339698292942e-05,Normal,2,none,99,56
0.011118134794345987,0.05826117237476631,0.003270751285176986,0.05719048247022389,0.23880217233349813,0.4105074437087358,4.0988219529363015,0.049032786916112236,0.05509870281335442,357.421875,0.000927932305146091,0.00015866918329571856,0.0006101299721890385,6.22941273097039e-05,Normal,2,none,99,57
0.010600422254783484,0.05628227727493683,0.003055325783273161,0.05527500143168846,0.19401852048757945,0.3784492919667507,3.447240052846586,-0.15553447650870655,0.06091557334095308,357.421875,0.0008400266307611096,0.0001462093972027897,0.0005956432228144249,5.820031272513174e-05,Normal,2,none,99,58
0.012398387278455167,0.057328713205211435,0.0031328613506588247,0.055971969329824595,0.1809921020399062,0.3499083897713534,3.1570933991145855,-0.053742587464892466,0.03389037730318874,4259.765625,0.0009369966170664952,0.0002106165763640881,0.000493150553602493,7.939659007307799e-05,Normal,3,none,100,0
0.013169939114343766,0.0574856440561787,0.0031311519762781516,0.0559566973317596,0.22336899401191848,0.3644854336044786,3.885648281049575,0.042850024287047095,0.11341794159146842,4259.765625,0.0009418878528677608,0.00019059398833284598,0.000524022932132824,8.272421868988214e-05,Normal,3,none,100,1
0.01414726226226895,0.059011766741821764,0.0032822435844737617,0.05729086824681366,0.21082713485124407,0.4141321721347416,3.5726287567972514,0.16825763003884653,-0.04962136355826137,4259.765625,0.0009517772358242271,0.0002135748710147134,0.0005943128754227589,8.162653039466972e-05,Normal,3,none,100,2
0.014530577717965931,0.05710238967210113,0.0030495452174466335,0.05522268752466357,0.22876494592070953,0.3798440711289565,4.006223684058509,0.10844760967214118,0.10643152683022161,4259.765625,0.0009486986415094518,0.00018577068346738087,0.0005243955363848525,7.709558305337677e-05,Normal,3,none,100,3
0.01628974470267454,0.06038535632502962,0.003381035476022482,0.05814667209757134,0.24000951061383066,0.4667389133858343,3.974631023487844,0.20154328752985862,0.07556701201612605,4259.765625,0.0011243278524178067,0.00021088387193980221,0.0005420262757714465,7.865037317169083e-05,Normal,3,none,100,4
0.01539686423663196,0.05868525950236662,0.0032068962545388356,0.056629464543988366,0.1977399368091865,0.3716790159876907,3.369499231765554,0.01107976887188089,-0.042973059664793214,4259.765625,0.0010321861577981177,0.0002180853132230156,0.0005027053074632367,8.754109725647164e-05,Normal,3,none,100,5
0.012475336787334522,0.05517576245717253,0.0028887307347729083,0.05374691372323539,0.20406473124459604,0.3880277777191117,3.6984487781748596,0.07595113639425888,0.013522922375404799,4259.765625,0.0008596865607553685,0.000169414698270808,0.00048699621044617883,8.400325327275181e-05,Normal,3,none,100,6
0.013460236596243758,0.058545038042835194,0.0032463435102101598,0.05697669269280343,0.21387568583966868,0.38438736704564624,3.65318211396812,-0.019674747297957484,0.10960127288610658,4259.765625,0.0009941607946022588,0.0002085755223435639,0.0005161261356493947,8.548941810409885e-05,Normal,3,none,100,7
0.013642411429724263,0.058286642567340424,0.00321121731215503,0.05666760372695346,0.17840571529702,0.34726379419542586,3.060833622230036,-0.15462330591758677,0.04102577410847697,4259.765625,0.0009473186724545285,0.0001798359161630653,0.000587647958188631,7.692401329925503e-05,Normal,3,none,100,8
0.014586775453226161,0.05729776682153282,0.003070260064611906,0.055409927491487536,0.20674821875285126,0.3691579409337461,3.60831198529633,-0.0023045697586572267,0.08299765772483633,4259.765625,0.0009562528307728665,0.00022063451986072564,0.0004963046862655213,7.472858126411706e-05,Normal,3,none,100,9
0.01342254470575051,0.05919845287679707,0.0033242921166284924,0.05765667451933464,0.22091846188788378,0.4151963783408956,3.731828302129043,0.18172791814653078,0.07832836658500092,4259.765625,0.0009848252982345971,0.00022820108816513544,0.0005487334237810949,8.055471862626723e-05,Normal,3,none,100,10
0.012789516440575284,0.05805436896562791,0.003206738025213516,0.056628067468469344,0.18939770228808156,0.3566591448428123,3.2624194468502057,-0.1104515461773472,-0.02883784427464383,4259.765625,0.0009610347155146081,0.00020770851676896524,0.0005171375066055659,8.110670717822306e-05,Normal,3,none,100,11
0.0104376727541362,0.05750616215048017,0.003198013672754881,0.05655098295127045,0.21023475733888358,0.3794234582092284,3.6558648582520323,0.05924393659576044,0.03751839173386327,4259.765625,0.0009047163562004492,0.0001992260840309012,0.0005214223727015692,8.271591435318388e-05,Normal,3,none,100,12
0.010248957096507758,0.05761416130881479,0.0032143504617520744,0.05669524196748855,0.20335634308046116,0.3975475977626027,3.529624287863204,0.031045375919763973,0.04256020973426486,4259.765625,0.0009002902565324177,0.00020913931209494882,0.0005189349627066405,8.39600763920879e-05,Normal,3,none,100,13
0.008958895518629769,0.05738490954068086,0.0032127660340784004,0.05668126704722117,0.19117181856987125,0.3590149752497971,3.3313953110677508,-0.11192498921540572,0.04867361103718103,4259.765625,0.0008881682524184574,0.00018117639041221237,0.0005391647269381912,7.815884987501979e-05,Normal,3,none,100,14
0.008935479331046332,0.0570087183092503,0.0031701511723878943,0.056304095520556,0.23970986467895627,0.4009817611557228,4.2047930875874595,-0.013495350239578041,0.05474926043489472,4259.765625,0.0008706267253391216,0.000225982659772045,0.0004876355884072906,8.06734158989448e-05,Normal,3,none,100,15
0.007463653791882092,0.058553069139672925,0.0033727557777502412,0.05807543179133704,0.2011782145193899,0.40052439220902414,3.4358269767123204,0.015386345297769388,0.04189688487823011,4259.765625,0.0008402507381964634,0.0002544010090777132,0.0005648460266349089,8.259291014358475e-05,Normal,3,none,100,16
0.008300434922444231,0.055371143594116504,0.002997066323018537,0.05474546851583734,0.20501353263938563,0.3802971848650183,3.7025338349914354,0.12997899329987872,0.08696365134604717,4259.765625,0.0008640680492765798,0.00018440091021401411,0.00044413308284676584,7.485346461739222e-05,Normal,3,none,100,17
0.01104438904689478,0.05760521942237882,0.003196382775281241,0.05653656140305352,0.19212774427459173,0.3553606021105787,3.3352488923938166,-0.14480472248376186,0.0012302956463298936,4259.765625,0.0009158339254794502,0.00020961336579368992,0.0005118901989795164,8.284430023194256e-05,Normal,3,none,100,18
0.013774994989733235,0.0580072834038006,0.0031750944409216645,0.05634797636935744,0.21691752533838726,0.4051746147513653,3.739487743778309,-0.0059318533714680655,0.021916884504481312,4259.765625,0.0009636908201469008,0.00020361360533833846,0.0005288889960964414,8.134079626617212e-05,Normal,3,none,100,19
0.013553049946915308,0.05769293318370502,0.0031447893764758707,0.05607842166534175,0.19457045166422268,0.35275104940843816,3.3725179311766698,-0.12356639296312144,0.029205902349611672,4259.765625,0.0009538218000231662,0.00018752110216226845,0.0005349314312190933,7.981685626984187e-05,Normal,3,none,100,20
0.012597303694258485,0.05624931676900569,0.003005293576614566,0.054820557974308924,0.1920086522110089,0.3816479990981407,3.4135286122587867,0.06128685361563324,-0.037127513574784735,4259.765625,0.0008941959417868449,0.0001991357689191758,0.0004895278260258463,7.854484341330844e-05,Normal,3,none,100,21
0.011578494437896221,0.05838982010443763,0.0032753095583801946,0.057230320271515124,0.2151644849498164,0.39559102881438235,3.68496571088877,0.13551805714476917,0.06860265350439154,4259.765625,0.0009783088802822392,0.00021000858261674134,0.0005047042605831591,7.874603223693528e-05,Normal,3,none,100,22
0.011769675076614415,0.05745458280742861,0.0031625038341665922,0.05623614348589875,0.207747027878308,0.37749304506311065,3.615847817999425,0.10886859800099735,0.02196806739607902,4259.765625,0.0009184539379466092,0.00021101533410821933,0.0005072369725345449,8.312023908496857e-05,Normal,3,none,100,23
0.0117712080550984,0.05669195212322381,0.0030754160964654867,0.055456434220615795,0.2130734374588715,0.3576554481428353,3.7584424151728255,-0.1461544337536349,0.04808621480421281,4259.765625,0.0008949050918700287,0.00018943692625113885,0.0005106882125520313,8.124008895852948e-05,Normal,3,none,100,24
0.01426031318610116,0.05737577573623239,0.0030886231091687435,0.055575382222425994,0.2000444307839199,0.35463718783326803,3.486566032737633,-0.05548362982986177,0.03966919813493999,4259.765625,0.0009544133565619954,0.0001697321709900233,0.0005439364879818104,7.965292016808809e-05,Normal,3,none,100,25
0.01477600673211273,0.05795862077342938,0.0031408713470107595,0.056043477292284066,0.2311971355825056,0.3995679473110614,3.989003404451196,0.07594537359067255,-0.019613519388923854,4259.765625,0.0010175384634096905,0.0001624674721921969,0.0005330118404111875,7.581526340106804e-05,Normal,3,none,100,26
0.01327996685559988,0.058202437985690636,0.003211166267792333,0.056667153341175815,0.20785803501611266,0.38235236644416204,3.571294299857604,0.06870453198628335,0.006449629286363906,4259.765625,0.0009400568026250835,0.00020648265899307584,0.0005542497411269965,8.123300437142371e-05,Normal,3,none,100,27
0.011519599197865233,0.05620713600541533,0.0030265409722517993,0.05501400705503826,0.23742536247394222,0.4175938351423978,4.224114220142212,0.11567549647309416,0.0661826069034312,4259.765625,0.0008650016089950432,0.00018618730664261545,0.0005202280585984915,7.455576282036421e-05,Normal,3,none,100,28
0.011721105762890762,0.057950056444763594,0.003220824721646415,0.05675231027585058,0.20827492883596097,0.3721798917069944,3.594041863177181,-0.06503656777836087,0.014770025057764603,4259.765625,0.0009054837211357139,0.00020615895958656772,0.000551295713717758,8.486553360270123e-05,Normal,3,none,100,29
0.011404660711639092,0.058103478718714616,0.003245947953268518,0.05697322136994289,0.1873694605121039,0.35305699089608766,3.224754604094881,0.01945080893154083,-0.0585558393084016,4259.765625,0.0009486014609912546,0.00021785750296644232,0.0005052174697143396,8.143187483804782e-05,Normal,3,none,100,30
0.01294773981030003,0.057922651489758184,0.0031873895894087576,0.05645697113208215,0.23937605462636455,0.42268098893240197,4.132684683274396,0.10733061783505038,0.022806605805462742,4259.765625,0.0009600680649045304,0.0002028635941746401,0.0005132802083435184,8.512734832513107e-05,Normal,3,none,100,31
0.013119309649204996,0.05904944009603625,0.00331472008998365,0.0575736058448978,0.20485514655508658,0.3864159982704969,3.469214038641455,0.11126009878161192,0.006334721537415613,4259.765625,0.0010002657032734917,0.00021351195029549707,0.0005421865393933432,7.352557088455088e-05,Normal,3,none,100,32
0.012325964918767068,0.05843713305164056,0.0032629691081164655,0.05712240460726829,0.22472143988756493,0.3839142845337861,3.8455247229356697,0.05158681369631335,0.05518127236743097,4259.765625,0.0009417817443066554,0.00020443187306398,0.0005510998402593697,8.614738002472383e-05,Normal,3,none,100,33
0.012461666973536224,0.05849644014382125,0.0032665403657403383,0.05715365575131952,0.22734334245172663,0.3893391517602473,3.886447481124884,0.014602055895745814,0.08965882705538986,4259.765625,0.0009689274030746418,0.000206870793017681,0.0005236975222477301,8.907521805618472e-05,Normal,3,none,100,34
0.010384872139586146,0.05679844383239087,0.003118217652425708,0.0558410033257436,0.19776198991576113,0.37961862802136237,3.48182056711529,0.010234788480509405,-0.011262641186521821,4259.765625,0.0009236704776818998,0.00019526219052979125,0.00046898944586289424,7.905002083887399e-05,Normal,3,none,100,35
0.009323380423807991,0.055596250080637816,0.0030040176005017745,0.05480891898680154,0.19486649791646765,0.36325946494064665,3.50502952328313,0.08832185491888556,0.02520873908230504,4259.765625,0.0008175486711572202,0.00020643187898427586,0.00048042699389643114,8.45269896113973e-05,Normal,3,none,100,36
0.011451408731494948,0.05826249877019546,0.0032633840010112686,0.05712603610448802,0.23756236510337683,0.4095699171280738,4.077448961473368,-0.06801752075133294,0.05593084629619492,4259.765625,0.0009090261928336973,0.0002169426101300284,0.0005499549730320112,8.692365313546034e-05,Normal,3,none,100,37
0.012090357543119937,0.05981863514189422,0.003432092364718584,0.05858406237807843,0.22593322027221474,0.4174157580786847,3.7769704998498286,0.08492098359175548,-0.04335353484664033,4259.765625,0.0009939204002788098,0.00020511409755524223,0.0005890703548651774,7.412180477543645e-05,Normal,3,none,100,38
0.010044047720692749,0.05797526869438233,0.0032602488855702754,0.05709858917320353,0.21308680071777936,0.41957379394270616,3.6754775875394428,0.10749377334745791,-0.03470923327808168,4259.765625,0.0008730010689550288,0.00021295229935369052,0.0005645821106885588,8.05137701121708e-05,Normal,3,none,100,39
0.012093637678754855,0.059073474124864245,0.0033434192728760068,0.05782230774429543,0.20972512622685927,0.3914891577638393,3.550241954342502,0.06752535584503727,0.032514328524640264,4259.765625,0.0009713493433172017,0.00020934860175773188,0.0005552656515715158,8.20103176605191e-05,Normal,3,none,100,40
0.012179557204608612,0.05896071078164359,0.003328023802176289,0.05768902670505275,0.20244484003672736,0.3777740856575523,3.4335549445200226,-0.047629168806559985,-0.06000618035311422,4259.765625,0.001007492016711561,0.00019782250640016193,0.0005229956489963706,8.40563290604233e-05,Normal,3,none,100,41
0.013164366915988723,0.05639359248323048,0.0030069367168658913,0.054835542459848896,0.20757068211228755,0.3800402796072966,3.680749407373044,0.054381250997381336,0.050910801951299,4259.765625,0.0009274519433086356,0.00018793646442546367,0.0004830352333213484,7.836603144955486e-05,Normal,3,none,100,42
0.013097117882797032,0.05890349767977907,0.003298087542075857,0.057428978243356,0.25018519346693185,0.43174181606277473,4.247374151311522,-0.08339491716351422,0.001339845957666593,4259.765625,0.0009672918707721631,0.00019294891409565173,0.0005825830182736441,7.776617668526944e-05,Normal,3,none,100,43
0.012389912251792857,0.057528366606612306,0.0031560030388176593,0.056178314666939407,0.1918192267551665,0.3724031288446841,3.3343416138833812,-0.027403625565774803,0.014593106352997912,4259.765625,0.0009406195518543154,0.000194334389513902,0.000523115946219812,7.348770732897985e-05,Normal,3,none,100,44
0.010134061654172417,0.05852924887362467,0.003322973768100127,0.0576452406370216,0.27428084185204704,0.46703898008691286,4.686218380219938,0.19763124320662584,0.0007760181218091409,4259.765625,0.0009211666990723499,0.00018996156231404715,0.0005715922332823833,8.158792491089385e-05,Normal,3,none,100,45
0.012016415569305997,0.0584226127513354,0.003268807437558239,0.057173485441752096,0.22393654607908056,0.4265740577794491,3.833045725500558,0.01384173878209971,0.060257171167302004,4259.765625,0.0009674933245495485,0.0002103396664526906,0.0005154332060650302,8.56627714897216e-05,Normal,3,none,100,46
0.011936261114553308,0.058406554957657314,0.0032688513326270463,0.0571738693165597,0.23531238511068886,0.3986269167265384,4.028869452774299,0.1538406768215399,0.11575271866047551,4259.765625,0.0009311340982275083,0.00018908870475299708,0.0005776040498210522,7.908009941458835e-05,Normal,3,none,100,47
0.01245320181177472,0.0573873681427045,0.0031382277869815064,0.05601988742385606,0.24830316982339934,0.41812919646672264,4.326791380394841,0.1029244363067141,0.0925792736949007,4259.765625,0.0009724594946829822,0.00020760629803970012,0.0004701352768086076,7.404165216074644e-05,Normal,3,none,100,48
0.012533403724581602,0.057678137828654386,0.0031696813744578954,0.056299923396554416,0.20700065190222275,0.3856947760070158,3.5888927710732235,0.06947590620546729,-0.03991813983959765,4259.765625,0.0009300264010729392,0.00019423458183677553,0.0005325548477139189,8.514080037503342e-05,Normal,3,none,100,49
0.013934162365561213,0.059304463260920634,0.003322858481836062,0.057644240664927335,0.2688006247310136,0.5160280519168636,4.5325530314367235,0.24725008411723914,0.012097716094999305,4259.765625,0.0009688767773392444,0.0002397379600597264,0.0005736447285071588,7.335599584754789e-05,Normal,3,none,100,50
0.015362377044096959,0.059002285716392246,0.0032452670913137877,0.056967245776093016,0.21769937910212034,0.4039278183189732,3.6896770431664523,-0.014402225526568113,0.057393237902264735,4259.765625,0.0010211660337048076,0.00017661673210057736,0.000580466695418705,8.043590029908581e-05,Normal,3,none,100,51
0.016035085627977463,0.05812458219207668,0.003121343083906908,0.055868981411037986,0.22567534153301652,0.41928680063116414,3.882614429592919,0.13581586108327315,0.04699975066088745,4259.765625,0.0010709823086931711,0.00020698773461122667,0.000460199488806221,7.962651056406244e-05,Normal,3,none,100,52
0.012567105070633123,0.057562362240712935,0.003155493416874722,0.05617377873060279,0.21408395014619205,0.3832238364264977,3.719165472239322,0.19748866948162114,0.06289121729012329,4259.765625,0.0009679645018140561,0.00016803661765206503,0.0005203969634556727,7.928882816034534e-05,Normal,3,none,100,53
0.012752317904537647,0.05723949669725141,0.003113738370216264,0.05580088144658885,0.20420521351907123,0.396068584580028,3.567557810634575,-0.002418440296493074,0.048614437751507554,4259.765625,0.0009226728949774657,0.00020652914668176634,0.0005072050928715877,8.308592289671461e-05,Normal,3,none,100,54
0.012685031460945972,0.05754294155167741,0.0031502800992545734,0.05612735606862819,0.22319031183385596,0.4187630791203092,3.878674009624901,0.0735254537864174,-0.005627555424136397,4259.765625,0.0009371807348966751,0.00020222943519517184,0.0005123635417826773,8.431840109222042e-05,Normal,3,none,100,55
0.012276990649889278,0.06064337424495432,0.0035268943403961206,0.05938766151648102,0.2038559450944203,0.39903632394988975,3.361553469485277,0.10786257882540129,0.0037805886667624405,4259.765625,0.0009577458221859132,0.00023904336937261226,0.0006430346853938093,7.442491260107855e-05,Normal,3,none,100,56
0.014230230277188258,0.058394681736476946,0.0032074394013626288,0.05663425996128694,0.24868244176507068,0.41426909111358645,4.258648807905535,0.07330069468625888,0.1110247576127554,4259.765625,0.000996075720036057,0.00018945936820827269,0.0005419826475560535,7.875845465112199e-05,Normal,3,none,100,57
0.014582588682046583,0.05726022989158339,0.003066082034567227,0.0553722135602978,0.23741221124492662,0.4562116060978797,4.146197311719552,0.31015033015608573,-0.08069512536014738,4259.765625,0.0009352547469537962,0.00020978386187424998,0.0005265346466037201,7.414865633581039e-05,Normal,3,none,100,58
0.015557684572261728,0.2887459272559307,0.08313216895763723,0.28832649714800274,1.4827078642714573,2.657926027944112,5.134991438190072,2.508836861296113,0.1370068063277538,3585.9375,0.007624986407411875,0.017406417725194932,0.0165268770794685,0.00024985045537086886,Inner Race Fault,0,0.007,105,0
0.015594962165512722,0.2831431904681194,0.07992686346352199,0.2827133945597944,1.203806746506986,2.38503500998004,4.251582898803737,2.4004803254843523,0.11064314850137756,3585.9375,0.007490109806823392,0.017490439117098647,0.014970136881122233,0.00025597527887488215,Inner Race Fault,0,0.007,105,1
0.015273264467159431,0.29033526703492185,0.08406129467675558,0.2899332590041294,1.5645751696606787,2.736869500998004,5.388856771135867,2.4959365068350063,0.11769635597499489,3585.9375,0.007825827433217752,0.01806315360041185,0.01613868247113746,0.00023625658379624546,Inner Race Fault,0,0.007,105,2
0.014769382446045408,0.29089437817779223,0.08440140459760687,0.29051919832879697,1.5657122155688623,2.720625988023952,5.382407956374846,2.680114378035797,0.08777098210582003,3585.9375,0.0075820240739899675,0.017644410182853267,0.01691197083769371,0.00028045368445621627,Inner Race Fault,0,0.007,105,3
0.015191095133950849,0.2922749220849395,0.0851938607083887,0.2918798737638289,1.5558036726546904,2.7659453892215566,5.323083012241982,2.727599917144193,0.12910363237762798,3585.9375,0.007552403654095394,0.018122775675106107,0.016862283360381772,0.00029029598073804046,Inner Race Fault,0,0.007,105,4
0.014531043791323604,0.2871894672141099,0.08226663884505891,0.2868216150241451,1.5845546906187624,2.733458363273453,5.517454055644112,2.782621074996082,0.15658150915469024,3585.9375,0.007389349253237081,0.017419994443059205,0.016277676151611246,0.0002574591344544364,Inner Race Fault,0,0.007,105,5
0.014170164963042665,0.2880099591833607,0.08274894301372124,0.28766116007156967,1.511134011976048,2.6694589221556884,5.246811659780101,2.410890119112442,0.13875966431493536,3585.9375,0.007569463991518942,0.01753781852019211,0.01623226779483919,0.00023571582984302693,Inner Race Fault,0,0.007,105,6
0.014251858412082086,0.2901126769646233,0.08396224986738181,0.2897624024392775,1.4927788423153694,2.705194650698603,5.14551400488232,2.339403322861795,0.1596935248423906,3585.9375,0.007685324255679148,0.01809292649055146,0.01615208838433929,0.00025390354919011633,Inner Race Fault,0,0.007,105,7
0.014286518642402693,0.2899492947897442,0.08386648893415025,0.28959711485812534,1.3608815169660677,2.454232375249501,4.693515526405769,2.0001792362855753,0.1385160793880616,3585.9375,0.007660704995374669,0.017960055344786917,0.016291775567916875,0.00022482338753395049,Inner Race Fault,0,0.007,105,8
0.0145186708029254,0.29382240917309904,0.0861208163304003,0.29346348381084875,1.4373884630738523,2.6052970459081837,4.892031438715235,2.0360250766656742,0.1409878763162516,3585.9375,0.007457373525268275,0.018004730412921836,0.017498155819099206,0.000310981405048573,Inner Race Fault,0,0.007,105,9
0.013777163953343314,0.28762827319906015,0.08254021329687589,0.2872981261631824,1.3126382834331338,2.50702379241517,4.563662218716206,1.9114734207689557,0.10756550079628263,3585.9375,0.007656208319377121,0.017791118999698357,0.015774902553642202,0.00023768716906736229,Inner Race Fault,0,0.007,105,10
0.014347114559942612,0.2915685513734226,0.08480638045380004,0.2912153506493091,1.3054911377245508,2.4068013173652694,4.477475816836502,2.1042994732797675,0.1553665469064178,3585.9375,0.007654836652166276,0.017414347761497417,0.017308570746297273,0.000231278937351732,Inner Race Fault,0,0.007,105,11
0.014898109113803643,0.29685314778949196,0.08789983769736315,0.2964790678907419,1.5044741716566867,2.7399557684630738,5.068075521043682,2.22286667111299,0.1288971749596081,3585.9375,0.007942004693178522,0.01896645726037134,0.017039650225303765,0.000223760410627101,Inner Race Fault,0,0.007,105,12
0.014065867015968065,0.2917618505961611,0.08492712884838574,0.29142259495170536,1.4872560479041916,2.6684843113772456,5.097500049664685,1.9954043042254561,0.14696586229121508,3585.9375,0.007513527340230663,0.018038102994445804,0.016880819988904505,0.000228966223024208,Inner Race Fault,0,0.007,105,13
0.014648031982909182,0.29738763390284634,0.08822483995736102,0.29702666539784106,1.3729017165668662,2.524079481037924,4.616539358241708,1.8685533842952262,0.154534441209399,3585.9375,0.007746686148826851,0.018200463562798544,0.018120865106075523,0.0002589754327136646,Inner Race Fault,0,0.007,105,14
0.014488928042352795,0.2947436367147191,0.08666388234800182,0.2943872999094931,1.4076628343313373,2.5222926946107784,4.775888802966109,2.0289812500816886,0.10280533279132781,3585.9375,0.00744289908128698,0.0187653940890384,0.0171002068513131,0.00023337250367789418,Inner Race Fault,0,0.007,105,15
0.015001296664483533,0.2945581401927038,0.08653945905216871,0.29417589814967626,1.6389704590818364,2.798757285429142,5.564166238996486,2.412988965674699,0.13681827027769006,3585.9375,0.007651533880219323,0.017625452962869718,0.017988153393835436,0.00022962819082604947,Inner Race Fault,0,0.007,105,16
0.014557851932853041,0.292032023718802,0.08507077182440004,0.2916689421662856,1.5653873453093812,2.703570299401197,5.3603276975428376,2.808285543153289,0.18702575627200374,3585.9375,0.008077961922505721,0.018561137460891355,0.015852265190129528,0.00025595290240666235,Inner Race Fault,0,0.007,105,17
0.014446653665325599,0.2911434439678793,0.08455579916335178,0.2907847987143616,1.6258132135728545,2.800868942115769,5.584234325922943,2.936952830258127,0.12129805626831935,2619.140625,0.007434838793674663,0.01782837230780307,0.01694433051413556,0.00027906411279697536,Inner Race Fault,0,0.007,105,18
0.014735277413922155,0.29051159344558886,0.08417985752582985,0.29013765271992853,1.601935249500998,2.7141285828343316,5.5141869916493755,2.5590907607033246,0.1922953296524956,3585.9375,0.00763135833321937,0.01768221752439746,0.016717309349917157,0.00027619595065906484,Inner Race Fault,0,0.007,105,19
0.014697841192614771,0.2947989008508647,0.08669036540715462,0.2944322764357784,1.7026450299401197,2.997253013972056,5.77561525848927,2.5116668300711984,0.1479437272237511,3585.9375,0.007792046768104982,0.018518626406282115,0.017001714311588107,0.00024882410132224885,Inner Race Fault,0,0.007,105,20
0.01412662156156437,0.28757749933181626,0.08250125668519714,0.2872303199267047,1.6513155289421158,2.7401182035928144,5.7421583148157715,2.73297858519903,0.1988823365440371,3585.9375,0.007455028220282897,0.0179813920041763,0.015747715453851414,0.00026608881220342164,Inner Race Fault,0,0.007,105,21
0.01421132894367515,0.2938895132774214,0.08616908414409433,0.29354571048491634,1.6150924950099799,2.7173772854291416,5.495577154144282,2.30149155663078,0.14034190726202217,3585.9375,0.00773712224080343,0.01954362779963283,0.015744369864808573,0.00026138853631740865,Inner Race Fault,0,0.007,105,22
0.01377597424292041,0.2934045528006162,0.08589645413778799,0.29308096856975885,1.6638230339321358,2.765133213572854,5.670747157978802,2.5081716865842196,0.17323048974842642,3585.9375,0.007598112506071139,0.01778968182869961,0.017514024189181923,0.0002361862222766534,Inner Race Fault,0,0.007,105,23
0.014175399688903443,0.2905900469163778,0.08424163341052249,0.2902440928090053,1.4089623153692614,2.510434930139721,4.848625513229344,2.479301135703026,0.13415276494652495,3585.9375,0.0076531944396285335,0.017645541586967965,0.01677211162883266,0.00025091306474899264,Inner Race Fault,0,0.007,105,24
0.013652878871163922,0.293689175061692,0.08606693044694651,0.29337165924292435,1.5579153293413173,2.7011337724550897,5.30463994464237,2.3588376588572055,0.1512579627370752,3585.9375,0.00768847275364835,0.018654518624762573,0.016592327257786532,0.00028456561026712126,Inner Race Fault,0,0.007,105,25
0.014389626879054394,0.29094639656682575,0.08444274431350221,0.29059033761207925,1.3969421157684632,2.501176127744511,4.801372803555612,2.373314489727143,0.14626013758946893,3585.9375,0.007575441303042732,0.017792743988417393,0.016792685175515295,0.00026761602817228534,Inner Race Fault,0,0.007,105,26
0.013688252927738273,0.28754706647544326,0.08249594717041925,0.2872210771695198,1.5907272255489022,2.8106150499002,5.532058612341126,2.5983287805956046,0.13774255285647138,3585.9375,0.007692730099681654,0.017565594506517235,0.015939750474471173,0.00023726797793164085,Inner Race Fault,0,0.007,105,27
0.014260900211296158,0.28839639633077424,0.08296910814174045,0.2880435872255108,1.3136128942115768,2.368304191616766,4.5548866453412185,2.1375188291449394,0.17458372369875333,3585.9375,0.007710225084420146,0.016883105573484422,0.016835588855717874,0.0002590195603708387,Inner Race Fault,0,0.007,105,28
0.013408750292383982,0.2903928480725241,0.08414821162726854,0.2900831115857463,1.5332251896207585,2.7958334530938123,5.279831097072486,2.6149761843996595,0.16619882118823687,3603.515625,0.0075815011718393215,0.016816035131864665,0.017606406921131648,0.00024995739743152875,Inner Race Fault,0,0.007,105,29
0.013037560640437873,0.2901147629883441,0.08399659771632999,0.2898216653673945,1.4541192814371258,2.6579260279441117,5.012220910300755,2.357120199751746,0.04732079434702736,3568.359375,0.007606365146706004,0.0171341214496798,0.01715642862414201,0.0002714369910807912,Inner Race Fault,0,0.007,105,30
0.013206420206462077,0.2891858203306055,0.08345402914561562,0.2888841102338715,1.3763128542914171,2.4794098203592814,4.759268115974624,2.280203543768775,0.1924398223283122,3585.9375,0.007836965234960434,0.016885630919203577,0.01687590819706816,0.00030299048452878124,Inner Race Fault,0,0.007,105,31
0.01278629379912051,0.29269854953114954,0.08550895158852137,0.2924191368370432,1.401652734530938,2.5175820758483036,4.788724565858401,2.126860564518938,0.12966091085896073,3585.9375,0.007551904328049066,0.017202142750859142,0.017917798393751835,0.0002461215689660134,Inner Race Fault,0,0.007,105,32
0.01191891558679516,0.28740372007920867,0.08245883776660298,0.28715646913591025,1.322709261477046,2.4911051497005987,4.602269104632697,2.1481427650222047,0.19569290246028784,3585.9375,0.0076566910449789635,0.01703166815436441,0.016440641954239874,0.00024247856345592433,Inner Race Fault,0,0.007,105,33
0.012743226281811376,0.29287992408915586,0.08561626011840026,0.29260256341734303,1.4987889421157685,2.68554,5.11741781816196,2.32762359906257,0.1658774105751462,3585.9375,0.007620366345643814,0.017383790520340617,0.017718782043059194,0.0002475848137405182,Inner Race Fault,0,0.007,105,34
0.011707860957771956,0.29108578654749784,0.08459386112176895,0.2908502383044734,1.4191957285429142,2.4683642315369263,4.8755239662357654,1.9744418281548537,0.18237165286398813,3585.9375,0.007497486424521281,0.017493537596207736,0.017194860600003994,0.00024812012354182207,Inner Race Fault,0,0.007,105,35
0.012921682845247006,0.2937824941018289,0.08614118395313798,0.29349818390091953,1.4380382035928145,2.540160558882236,4.89490773774414,2.122427398865014,0.20277172097503907,3585.9375,0.007831045484193205,0.018674987587289603,0.016476874574497015,0.00025465547447360245,Inner Race Fault,0,0.007,105,36
0.01181945579544037,0.298742350417523,0.08910729239768575,0.2985084461077873,1.5135705389221557,2.5789825548902194,5.066474628745425,1.8600458224614895,0.1796337236543297,3585.9375,0.007634054593233893,0.019008379475543433,0.017801298428757495,0.0002496262110855737,Inner Race Fault,0,0.007,105,37
0.01264051461530065,0.2925542674584901,0.08542821679843414,0.29228105788510167,1.4511954491017964,2.4738870259481036,4.960431654984159,2.09023527981528,0.21488955995361553,3585.9375,0.007333440604822489,0.018578962557104013,0.016675351517765745,0.00028616747965563166,Inner Race Fault,0,0.007,105,38
0.013015035456430887,0.2910151070277763,0.08452040137045594,0.2907239263811218,1.4848195209580837,2.561114690618762,5.102207703658365,2.1744376824185974,0.18520629379620746,3585.9375,0.007705216377727832,0.01901904236360055,0.015447007154440376,0.0002583325231692783,Inner Race Fault,0,0.007,105,39
0.011815728036115268,0.2927449302977667,0.08555998278602084,0.29250638076120805,1.447297005988024,2.6104949700598805,4.943884099088923,2.272963002828032,0.21104067941502114,3585.9375,0.007363077919553522,0.018472097286145957,0.016831971209212187,0.00025245654583245093,Inner Race Fault,0,0.007,105,40
0.012719352759325099,0.2935031014819519,0.08598228864490881,0.293227366807583,1.739030499001996,2.9608675449101796,5.925083892542554,2.4329640864358613,0.20992136231217967,3585.9375,0.007245329958901462,0.019054929770324674,0.016603330262877924,0.0002493395309830923,Inner Race Fault,0,0.007,105,41
0.012381395685192115,0.29223588310995197,0.08524851241794021,0.29197347896331305,1.5996611576846307,2.7147783233532934,5.473869740639509,2.37103727328444,0.19685733947047948,3585.9375,0.0075245143184518495,0.01815754533913159,0.016854177585444635,0.00024132813867288726,Inner Race Fault,0,0.007,105,42
0.012467213463697604,0.28768759604342664,0.08260872150569643,0.28741732986320856,1.5554788023952095,2.671245708582834,5.406833050113182,2.5500396727988752,0.19811394871165167,3585.9375,0.007664639780615142,0.018482472538320284,0.01507163536931021,0.00024104777429839614,Inner Race Fault,0,0.007,105,43
0.01258872255489022,0.29683022290399624,0.08794970529367208,0.29656315565773184,1.6963100598802394,2.8547974051896206,5.714748462217329,2.4957095115392205,0.22583913603939812,3585.9375,0.007738261850353185,0.01870953942559477,0.01744068849610913,0.00024483888111351276,Inner Race Fault,0,0.007,105,44
0.01238234745353044,0.28662024206166087,0.08199784063102511,0.28635265081892486,1.5666868263473055,2.7092555289421156,5.4660718136239055,2.7392721587516906,0.1911360714171657,3585.9375,0.007491389606179743,0.01710575639446251,0.0162987684415516,0.00025634866242307277,Inner Race Fault,0,0.007,105,45
0.012654711826347306,0.29515948373900036,0.08695897910966534,0.294888078954822,1.4970021556886228,2.6481799201596807,5.071841625161439,2.5995659492670278,0.2103932760865704,3585.9375,0.0073886045951317685,0.01764557849480954,0.018321746095488402,0.00028371369585686806,Inner Race Fault,0,0.007,105,46
0.012410107363398202,0.292875349368639,0.0856219595030313,0.2926123023781319,1.3802112974051897,2.5071862275449104,4.712623648185334,2.2736435979218728,0.20202468256248662,3585.9375,0.007535783473105982,0.01722134687748566,0.017968597612795456,0.00023926436965812832,Inner Race Fault,0,0.007,105,47
0.01219754576783932,0.28975623717130333,0.08380989685691403,0.2894993900803835,1.4474594411177644,2.5700486227544905,4.995438425237518,2.6973802234441395,0.20714339975726093,3585.9375,0.007764750382811134,0.016412888391958303,0.01763766676046094,0.0002384260987500917,Inner Race Fault,0,0.007,105,48
0.01270729702703967,0.29246510730446673,0.08537436359287981,0.2921889176421307,1.5018752095808383,2.872015528942116,5.135228689066597,2.4703971880576043,0.15240577728869542,3603.515625,0.007403722099718505,0.0175032000496683,0.017696185570204012,0.0002455500007410516,Inner Race Fault,0,0.007,105,49
0.01219841822214945,0.28752219441190774,0.0825202108723164,0.2872633127851804,1.3992162075848302,2.52278,4.866463301891389,2.626314577506067,0.19132563283769374,3603.515625,0.007499715103789497,0.016194334418691593,0.017469400253052426,0.00024547380812314014,Inner Race Fault,0,0.007,105,50
0.012629727907466314,0.28470325283708453,0.08089643214900025,0.2844229810493524,1.462078602794411,2.5505564071856286,5.13544748163118,2.5049146222849457,0.18592166313287622,3603.515625,0.007493762438479715,0.017139163131118535,0.015729993187752048,0.0002448138031235566,Inner Race Fault,0,0.007,105,51
0.012048514708863523,0.2930848037576659,0.08575353548697981,0.2928370459606841,1.5481692215568863,2.7873868263473054,5.2823251212880145,2.797532461248573,0.18935060156158864,3585.9375,0.007637768033287069,0.017717037905131922,0.017433765937730748,0.0002333638663975193,Inner Race Fault,0,0.007,105,52
0.01234395946388473,0.28992942045666087,0.08390669551108922,0.28966652466429255,1.4869311776447105,2.577845508982036,5.128597074773167,2.614254070154164,0.20829168081293092,3585.9375,0.00767135693098874,0.01674318006032275,0.01744697457032219,0.00024422675187667,Inner Race Fault,0,0.007,105,53
0.012425018400698602,0.29963723966081635,0.0896280943092958,0.29937951551383035,1.608432654690619,2.7714681836327344,5.367933093067251,2.858858130137821,0.18119199183362109,3585.9375,0.007824508350298416,0.017913598281482264,0.01895765335588757,0.00027270594774393085,Inner Race Fault,0,0.007,105,54
0.012085157789888973,0.2903483209989698,0.08415609646811428,0.29009670192560666,1.4723120159680638,2.6567889820359283,5.0708473563836725,2.6756263943129213,0.1404728758688388,3585.9375,0.007512118529692231,0.017573472674269862,0.016892807859617675,0.0002457060697926766,Inner Race Fault,0,0.007,105,55
0.012092296052426399,0.2901648991162369,0.08404944505531639,0.2899128231991755,1.4234190419161679,2.4543948103792417,4.905552140357135,2.0561063243785123,0.1864715925612212,3585.9375,0.007672699683369585,0.016906940149230474,0.017354348873009046,0.00023695916361442327,Inner Race Fault,0,0.007,105,56
0.011844677656405938,0.2933756987567429,0.08592900423222304,0.2931364942006079,1.4373884630738523,2.6704335329341315,4.899480322211983,2.438859757457479,0.18976125424918225,3603.515625,0.0074646392948459865,0.018306066820043446,0.017099366795458953,0.0002347301163164233,Inner Race Fault,0,0.007,105,57
0.012078891981661677,0.2924389674321048,0.08537465004125097,0.2921894078183721,1.3896325349301397,2.6424946906187623,4.751871979074639,2.549235341589318,0.18191309955845444,3585.9375,0.0076210732949781495,0.01739999800940144,0.017563407996832238,0.00024875946075316043,Inner Race Fault,0,0.007,105,58
0.0057078340389533425,0.2922275247417393,0.08536434684726762,0.2921717762674342,1.528677005988024,2.715428063872255,5.231119167638354,2.508725228185936,0.14437714045191366,3539.0625,0.007467418094896109,0.017152010028559962,0.017894242974695287,0.00020108421440870282,Inner Race Fault,1,0.007,106,0
0.005667859768743762,0.29484485019669865,0.08690136105315555,0.2947903679789344,1.5808186826347306,2.7276106986027946,5.361527194998065,2.3341873219147384,0.14519901020070672,3539.0625,0.007488399653041582,0.017614922809043615,0.018207689440495077,0.00017179390952327573,Inner Race Fault,1,0.007,106,1
0.005807055888223555,0.293639311236217,0.08619032320519096,0.2935818850085798,1.3563333333333334,2.4612170858283435,4.619045480059161,2.414862432865549,0.1726012914940862,3539.0625,0.007484798645332834,0.01711286123102084,0.018357388163369747,0.0001738413128861212,Inner Race Fault,1,0.007,106,2
0.005670477131674153,0.29525476017845975,0.08714321909713893,0.2952003033486567,1.402464910179641,2.577845508982036,4.750016254884271,2.3197889228958335,0.16106538325959324,3539.0625,0.007340315957164551,0.017636242435860584,0.018446891870698548,0.00018031623487772537,Inner Race Fault,1,0.007,106,3
0.005846316332179392,0.2900501635877614,0.08409491798263127,0.28999123776871477,1.1948728143712575,2.320873133732535,4.119538494966995,2.235390288063715,0.15462091579402767,3539.0625,0.007186476008084273,0.017923304623177077,0.016797757427175628,0.0001741014019873672,Inner Race Fault,1,0.007,106,4
0.0062745327703967076,0.29165646053166683,0.08502412120837297,0.29158895933895196,1.3444755688622754,2.531876367265469,4.609791829782896,2.547780808511887,0.19150473492179762,3539.0625,0.007698744374035308,0.017736525385128404,0.01692846324229965,0.0001877096703709274,Inner Race Fault,1,0.007,106,5
0.0056313753157747,0.2897464547150822,0.08392129563201205,0.2896917251700712,1.4084750099800398,2.661499600798403,4.861060375579203,2.263275922207993,0.11498709884960974,3539.0625,0.007419720332698177,0.01777653476401435,0.016620623150886388,0.00017548894873879554,Inner Race Fault,1,0.007,106,6
0.005848061240799649,0.290693507919636,0.08446851572634734,0.2906346774325929,1.4107491017964071,2.586129700598802,4.853046467712713,2.354719063722669,0.15763589794333677,3539.0625,0.007372271982370291,0.01758044427990548,0.01714895566430313,0.00016678576638560973,Inner Race Fault,1,0.007,106,7
0.005490672229759231,0.28846011298763186,0.0831790893033027,0.28840785236068506,1.400028383233533,2.701945948103792,4.8534557125877615,2.606538312737137,0.1348714774976964,3539.0625,0.007380756070132454,0.01709869093644522,0.016966157843290516,0.00017409299028282198,Inner Race Fault,1,0.007,106,8
0.006428322671064121,0.2902709710276406,0.08421591328896605,0.2901997816831812,1.5411845109780438,2.666372654690619,5.3094682720832145,2.617838904850151,0.17403672153822733,3539.0625,0.00762185383644724,0.017466457504604564,0.0168604050706932,0.00020057029732709216,Inner Race Fault,1,0.007,106,9
0.005733293842003493,0.28881189417623676,0.08337943955938704,0.2887549818780397,1.422281996007984,2.5918149301397206,4.924596336534842,2.6543551826913347,0.099594185788027,3539.0625,0.0074718309612770125,0.01760081244356911,0.016450176474899433,0.00019978757547909476,Inner Race Fault,1,0.007,106,10
0.0062295617164109295,0.2897434315244671,0.08391244867239497,0.28967645515712004,1.469225748502994,2.6072462674650696,5.070781900983066,2.4302770069408703,0.0919009687292675,3539.0625,0.007196675580845224,0.017342337328037194,0.017288801828245517,0.0001672246438012772,Inner Race Fault,1,0.007,106,11
0.005917936899638223,0.2915858363864125,0.08498727800401562,0.2915257758827092,1.3373284231536926,2.473724590818363,4.586397061417796,2.2638657473889667,0.15941936447864094,3539.0625,0.00759538774247686,0.017590803637650504,0.017168639799266285,0.0001738327836874624,Inner Race Fault,1,0.007,106,12
0.006375499528287176,0.29608187474703307,0.08762382955948259,0.2960132253117799,1.4086374451097805,2.6368094610778448,4.757594318508334,2.5403549996474215,0.08366764853992656,3539.0625,0.007292019045656187,0.016946233685609168,0.019430816275171334,0.00018349277390914103,Inner Race Fault,1,0.007,106,13
0.006242489903006489,0.2903297385162543,0.08425238838672744,0.2902626196855658,1.396617245508982,2.5591654690618766,4.810451911149265,2.403510069780647,0.1065739348244961,3539.0625,0.007580630978257016,0.017836310391486518,0.01657874445419717,0.00016947818950231096,Inner Race Fault,1,0.007,106,14
0.006117966878742514,0.2942354196977725,0.08653705268599496,0.29417180810879034,1.4091247504990019,2.6126066267465067,4.7891064642944805,2.7106106633204794,0.10700157069735154,3539.0625,0.00746143428409455,0.017204470419039594,0.018461752090269703,0.00017829925866747764,Inner Race Fault,1,0.007,106,15
0.005928485665387973,0.29164370465944023,0.08502090352519807,0.2915834417884494,1.4737739321357284,2.5305768862275446,5.0533370293615345,2.3778038165453896,0.1985352868120172,3539.0625,0.007393372610436125,0.017121799596163292,0.017849791677430452,0.00018063528707449531,Inner Race Fault,1,0.007,106,16
0.005992254144055639,0.29187818516227804,0.0851569678638981,0.29181666824206276,1.5767578043912174,2.735082714570858,5.4021091145080735,2.909242028412372,0.1563757776906308,3539.0625,0.007341792948249235,0.017104122016686343,0.018001623765544386,0.0001668574404217851,Inner Race Fault,1,0.007,106,17
0.00616349313092565,0.28870525981926953,0.08331273839973694,0.28863946091921827,1.4804337724550898,2.758473373253493,5.127837897313843,2.668123307233275,0.09918580135650694,3539.0625,0.00734610366686156,0.017288739470181665,0.016892375549769786,0.0001671417767626789,Inner Race Fault,1,0.007,106,18
0.0058611480554515965,0.301755401396118,0.09102196921520439,0.30169847400211425,1.4809210778443114,2.7167275449101798,4.907687057108509,2.759545713114414,0.13950830010174756,3539.0625,0.007369719858830118,0.018344921193569626,0.01964692579177496,0.00018378875649514517,Inner Race Fault,1,0.007,106,19
0.006258590650729791,0.2876347257195953,0.08269456548285342,0.2875666279018715,1.4362514171656686,2.6056219161676646,4.993317178836808,2.9599606095600395,0.14540833559941868,3539.0625,0.007279767407020552,0.016840105907994805,0.01707093185686142,0.0001956597953435726,Inner Race Fault,1,0.007,106,20
0.006048329161988523,0.29412737088481195,0.08647432801795994,0.2940651764795688,1.5047990419161676,2.7709808782435132,5.116147597516474,3.173382764011495,0.14696054170424128,3539.0625,0.0073451315563659225,0.017316056665297373,0.018440535019932515,0.00017202369564505143,Inner Race Fault,1,0.007,106,21
0.006135336650916916,0.2850037363974829,0.08118948740470583,0.28493769038985667,1.4555811976047903,2.679042594810379,5.10723549102792,2.610096377805176,0.12677419737765777,3539.0625,0.0072398012414447615,0.017699784051445053,0.015506441800543454,0.00018638266508738232,Inner Race Fault,1,0.007,106,22
0.006181814671438374,0.28827241407006354,0.08306276988115016,0.2882061239480351,1.478646986027944,2.725336606786427,5.1293391731494795,2.730327668019247,0.1921381208423692,3539.0625,0.007513847290611262,0.01667279330777777,0.017207970032509814,0.00017499020405827405,Inner Race Fault,1,0.007,106,23
0.005750504986121508,0.29320695542899355,0.08593725040434441,0.29315055927687467,1.3524348902195609,2.6499667065868264,4.612560736292227,3.0251934298027567,0.11735367862290087,3539.0625,0.0072887037297121055,0.017650115893258107,0.017870382971628702,0.00019250005880168083,Inner Race Fault,1,0.007,106,24
0.005993205912393964,0.297613730350843,0.08853801397623592,0.29755338004505333,1.5788694610778442,2.892482355289421,5.305096170182029,2.546675751573658,0.10408858833526959,3539.0625,0.007460090223216506,0.017111981345875493,0.019563554762587823,0.00016930089129229203,Inner Race Fault,1,0.007,106,25
0.006539917508732534,0.28894902658747357,0.08344876944482747,0.2888750066115576,1.459804510978044,2.696585588822355,5.0521177669934705,2.4947081896334113,0.11539131928916874,3539.0625,0.0075646301482807385,0.017438411177960612,0.016592106627755697,0.00017200741274831004,Inner Race Fault,1,0.007,106,26
0.006323231583707584,0.2951957865597945,0.08710056914499457,0.29512805550302157,1.5579153293413173,2.855609580838323,5.277566280661488,2.95743972112758,0.09422711553746875,3539.0625,0.0072139145216943475,0.01715195230040721,0.01903109139613548,0.00019334474230651018,Inner Race Fault,1,0.007,106,27
0.006510492004272703,0.2932441499721154,0.08594974498673083,0.29317186936459444,1.4308910578842315,2.725986347305389,4.87952123860031,2.455420478191672,0.12416386398069061,3539.0625,0.007656044424026733,0.01673804006187649,0.018420744652352262,0.0002024490974019045,Inner Race Fault,1,0.007,106,28
0.006222423453873504,0.29338916897920114,0.08603848592066693,0.2933231765828724,1.455093892215569,2.7523008383233534,4.959603305324209,2.642227291459661,0.12926814503645154,3539.0625,0.007595722552642291,0.01670023200843541,0.01857438997870965,0.00018762167878790009,Inner Race Fault,1,0.007,106,29
0.006211557432010979,0.29562301856888923,0.08735438566205067,0.2955577535136757,1.4719871457085827,2.798919720558882,4.979271075826474,2.762074222959032,0.09909473275170079,2841.796875,0.007362165606476111,0.017810442570112713,0.01836737581665438,0.0001757931209836112,Inner Race Fault,1,0.007,106,30
0.006800702033433134,0.29568011970044844,0.08738048363792397,0.29560190059930935,1.5127583632734531,2.843589381237525,5.116199103294528,2.7617944134038614,0.1382245314344635,2841.796875,0.007740497989788764,0.017395121202028446,0.018400088311137243,0.0002007838832914259,Inner Race Fault,1,0.007,106,31
0.005823711834144212,0.300355686758475,0.09017962294862802,0.30029922235768114,1.5143827145708584,2.7151031936127747,5.0419645151870185,2.4590978013478058,0.11951499266271692,3539.0625,0.0078033428104843615,0.017274755821390438,0.019834428119855033,0.00021122034810760397,Inner Race Fault,1,0.007,106,32
0.005880817934443613,0.2967489762972869,0.08802537091390968,0.2966906990687603,1.4154597205588821,2.584830219560878,4.769889144085392,2.1423909761733864,0.16206242078461502,3539.0625,0.007321475546816633,0.0177727902374617,0.018768022201379488,0.00018498918472157299,Inner Race Fault,1,0.007,106,33
0.0060398425609718065,0.2962230033505867,0.08771158801588036,0.29616142222760944,1.4869311776447105,2.746940479041916,5.019634399847379,2.6875949784390105,0.0828872849339124,3539.0625,0.007534261522257456,0.017161078243983337,0.01901239510826812,0.00018454065313519205,Inner Race Fault,1,0.007,106,34
0.005794682899825352,0.2892268784457901,0.08361860886558631,0.28916882415915157,1.494890499001996,2.7378441117764467,5.1685739134448525,3.0720373781314994,0.16778590964113213,3539.0625,0.007306805973912286,0.017308408817158713,0.01705565503989267,0.0001720146741367976,Inner Race Fault,1,0.007,106,35
0.005692764373596558,0.29318961012635303,0.0859277399198296,0.29313433766761204,1.4282920958083831,2.672707624750499,4.871564497776188,2.4727870181261036,0.15892701738217857,3539.0625,0.007455380126565736,0.01799587197708631,0.017366530858714084,0.00017849907045854182,Inner Race Fault,1,0.007,106,36
0.005799996939714322,0.2927150129442503,0.08564843883845191,0.29265754532977944,1.4559060678642715,2.6056219161676646,4.973800466262929,2.3144158865821076,0.11574723893740761,3539.0625,0.0074712388805129055,0.017400007528012622,0.017804236732635106,0.0001823766524721625,Inner Race Fault,1,0.007,106,37
0.005504552184693115,0.2951645001325953,0.08709178204377085,0.2951131681978472,1.4822205588822355,2.626738483033932,5.021676245674479,2.3054816190508696,0.15624243126143428,3539.0625,0.0072894250763629485,0.017452379998281052,0.01863144252500845,0.00020295602304177147,Inner Race Fault,1,0.007,106,38
0.0052579648710391735,0.29084179599936844,0.08456130410555318,0.29079426422395815,1.3477242714570858,2.4977649900199603,4.633874119866913,2.430340021425205,0.1350590958377619,3539.0625,0.007366708696126373,0.01747537614560922,0.017299532942059864,0.00016668182953522386,Inner Race Fault,1,0.007,106,39
0.00566912879319486,0.2897593972390829,0.0839283692670828,0.2897039338136139,1.2962323353293412,2.515307984031936,4.473478160433254,2.162236551004707,0.11843060616001541,3539.0625,0.00732961952249092,0.01742347944194286,0.017068650303027594,0.00017457951657960636,Inner Race Fault,1,0.007,106,40
0.0056157504522205606,0.2936157028030481,0.08617864427938626,0.29356199392868665,1.331480758483034,2.459267864271457,4.534773671066789,2.074952217229561,0.0806067735501758,3539.0625,0.007374542501607148,0.018186769121897442,0.017378606446261234,0.0001809551275482887,Inner Race Fault,1,0.007,106,41
0.0058201427028754995,0.29029337915206144,0.08423637191844066,0.2902350287584885,1.438525508982036,2.666372654690619,4.955419628184175,2.648859535828822,0.1473026463564548,3539.0625,0.007461206993742767,0.017514494806532527,0.016988315723211852,0.00018807619154881817,Inner Race Fault,1,0.007,106,42
0.005457677594030689,0.2928975667124917,0.08575919834137813,0.29284671475257856,1.480758642714571,2.80135624750499,5.055551192639589,2.631715624979349,0.10642516876226854,3539.0625,0.007366926903563477,0.01780402777286316,0.017568640830793143,0.00016979797037323878,Inner Race Fault,1,0.007,106,43
0.005809831879210329,0.28723834876785914,0.08247211485642159,0.2871795864201033,1.1874007984031936,2.3574210379241514,4.133851916001751,2.0188639803061488,0.0823920286747175,3539.0625,0.007479224646942674,0.0174953304170876,0.016117681737185172,0.0001775748787949121,Inner Race Fault,1,0.007,106,44
0.005336644387007236,0.2974137944965452,0.08842648538351985,0.29736591160306164,1.3448004391217565,2.4956533333333333,4.521647832099388,2.017212646278498,0.13563865657169644,3539.0625,0.007703667877198405,0.0180819904212437,0.018281236309566552,0.00017482947405834896,Inner Race Fault,1,0.007,106,45
0.005474571482035928,0.2941407902155117,0.08648883353569373,0.29408983922552256,1.3977542914171657,2.5408102994011976,4.751990672198358,2.106587713004802,0.12379514164601622,2841.796875,0.007645513840428085,0.017955265036544512,0.017493637893778488,0.0001799737567530931,Inner Race Fault,1,0.007,106,46
0.005303649751278693,0.291118333503788,0.0847217554013385,0.2910700180391971,1.476372894211577,2.7698438323353294,5.0713841221970535,2.9871795795286493,0.10964299225331811,3539.0625,0.007408053687699495,0.01824468652539973,0.016550787777376657,0.00018549192751375873,Inner Race Fault,1,0.007,106,47
0.005540798695577595,0.2929556774587249,0.08579232850511556,0.2929032749989586,1.4097744910179641,2.5841804790419163,4.812244989573858,2.6087434155403786,0.12221908869613946,3539.0625,0.0075867497854703436,0.017246598589639287,0.017928769276486532,0.00016474996805360768,Inner Race Fault,1,0.007,106,48
0.005183806254678144,0.2897324254542123,0.08391800651229464,0.2896860481837098,1.5069106986027945,2.775041756487026,5.201042638705064,3.056637947877279,0.12712737227669924,3539.0625,0.007484644717954866,0.01774192152349121,0.016592721144918516,0.00016659382924076496,Inner Race Fault,1,0.007,106,49
0.005369876964820359,0.29648953450435056,0.08787720849198918,0.29644090219129543,1.499601117764471,2.9025533333333335,5.057855145785817,2.6384912966120613,0.11127380050240956,3539.0625,0.007555425496375286,0.017687013258273546,0.018527708366251117,0.00019730164469268933,Inner Race Fault,1,0.007,106,50
0.005179206041042914,0.29163434241785635,0.08502376550227989,0.29158834939393563,1.4102617964071855,2.5512061477045904,4.835719225366639,2.242834259605816,0.12718057300439825,3539.0625,0.007459613068081414,0.01721888458040005,0.017687815371393887,0.0001723956663202927,Inner Race Fault,1,0.007,106,51
0.00515890164982535,0.29476345669449133,0.0868588811362527,0.2947183081117505,1.386871137724551,2.626413612774451,4.705030783927802,2.3271423789275003,0.18603238960889684,3539.0625,0.007529540317805925,0.017593419109596782,0.018147986898011954,0.00018511017593342906,Inner Race Fault,1,0.007,106,52
0.005203158877557385,0.296840473610298,0.0880871939108809,0.2967948684038875,1.3555211576846307,2.661499600798403,4.566497085785558,2.458919702225745,0.0797145000046503,3656.25,0.007588563600013768,0.017206574526375914,0.019055314751030034,0.00022026656395226585,Inner Race Fault,1,0.007,106,53
0.004843073189558383,0.2996812072155287,0.08978537060023724,0.29964207081155547,1.5419966866267465,2.707143872255489,5.145456737024396,2.609289997541649,0.14533384221424372,3539.0625,0.007485069660114698,0.018512069366251313,0.018721073351042606,0.00019796341101449103,Inner Race Fault,1,0.007,106,54
0.005421113827033433,0.2932403019227789,0.08596048619663688,0.2931901877564065,1.304029221556886,2.459917604790419,4.446964530476734,2.0909309797272293,0.12119156593108116,3539.0625,0.007502587730579052,0.01700753971165263,0.018317805911525525,0.00018169826962257727,Inner Race Fault,1,0.007,106,55
0.005259947721744013,0.2957330206991804,0.08743035248182637,0.2956862399264233,1.426342874251497,2.7190016367265466,4.823076134275762,2.898104789883674,0.11000155368933581,3539.0625,0.007411194784965516,0.017615488691614167,0.018544437787640148,0.0001717273260397935,Inner Race Fault,1,0.007,106,56
0.00533696164312001,0.2924497952558202,0.08549839958559105,0.2924010936805659,1.5361490219560878,2.7817015968063874,5.25269310109225,2.5824285032395533,0.11294830815669571,3539.0625,0.007368013301565581,0.01761799313761069,0.01760665985937948,0.00018502253151493338,Inner Race Fault,1,0.007,106,57
0.005910164124875247,0.2945925671175492,0.08674985056092477,0.29453327581264016,1.4900174451097805,2.6309617964071856,5.057892192219599,2.7400137451183983,0.16267962783339998,3539.0625,0.007786399930949526,0.017240585173639838,0.01817248719446754,0.00021042474192661988,Inner Race Fault,1,0.007,106,58
0.004446582362618512,0.3007847405112889,0.09045168802973587,0.30075187119905983,1.3225468263473052,2.5539675449101793,4.396987773047178,2.573630684794213,0.07117467309312055,3492.1875,0.008361838679329868,0.01755469488721039,0.01918017628129425,0.00014891272069806794,Inner Race Fault,2,0.007,107,0
0.0043417292173465565,0.30164354855007297,0.09096997976928345,0.30161230042769055,1.4511954491017964,2.65727628742515,4.810961335249301,2.4537938673677226,0.09796182151374389,3492.1875,0.008517619227050495,0.016669983545218283,0.02015503295387762,0.00016121098010649164,Inner Race Fault,2,0.007,107,1
0.004114018642402695,0.3005671913754037,0.0903237113819085,0.30053903470582405,1.5281897005988025,2.748402395209581,5.084352998095915,2.674463528212306,0.08191901853206843,3492.1875,0.008155418430426963,0.017267829081113822,0.019565129787891784,0.00019046471213958764,Inner Race Fault,2,0.007,107,2
0.0045541321848490525,0.29797160501635683,0.0887663372760667,0.2979368008086056,1.4113988423153694,2.6509413173652696,4.736689062160444,2.4755575053018894,0.0935220345252707,3492.1875,0.008233377037772147,0.016783417134489272,0.01923102463753208,0.00015611533526142425,Inner Race Fault,2,0.007,107,3
0.004309369093843562,0.2934722621937592,0.08610739801513558,0.2934406209357109,1.2236238323353295,2.3864969261477045,4.169470133867221,2.314413374178394,0.03665715005309055,3492.1875,0.008166331666778978,0.017007992259119458,0.01775624290422003,0.00014170634029785984,Inner Race Fault,2,0.007,107,4
0.0044722801077532424,0.29641611223278974,0.0878425103018396,0.29638237177983373,1.4526573652694612,2.6174796806387226,4.90073685376664,2.5786083469506327,0.11757999937592588,3492.1875,0.008503334386746317,0.016484079870089437,0.018795227027220814,0.00015862664282266612,Inner Race Fault,2,0.007,107,5
0.004562380843781187,0.2961508919309943,0.08768453547255976,0.296115746748733,1.5376109381237524,2.8346554491017963,5.191984829416043,2.8229873656538027,0.0708797806773465,3492.1875,0.008114340169033365,0.01704784661251998,0.018539774990253995,0.00016112863678204728,Inner Race Fault,2,0.007,107,6
0.004106801065837075,0.29554699775470566,0.08733116206682565,0.2955184631572546,1.3551962874251495,2.691225229540918,4.585383366167428,2.8578317204557697,0.07668992868184311,3492.1875,0.008613621230554336,0.016822054983579866,0.018093813178919036,0.00015296727606917192,Inner Race Fault,2,0.007,107,7
0.005081411844280189,0.2980734190788399,0.08882194241501852,0.2980301032027109,1.4001908183632734,2.6489920958083832,4.697469578771549,2.6736760414539447,0.1320255091415743,3492.1875,0.008183080647588187,0.016421329533059935,0.019615539538695725,0.00021694417631747982,Inner Race Fault,2,0.007,107,8
0.0037035685465007487,0.2956137412566125,0.0873737675997528,0.29559054044362243,1.5244536926147705,2.74499125748503,5.15691079222005,2.265320153466197,0.028723594688787907,3492.1875,0.008608088068310999,0.01654005922625272,0.018338420933071992,0.0002140821419539691,Inner Race Fault,2,0.007,107,9
0.00510798204372505,0.29135614171902924,0.08486230983684004,0.291311362354509,1.3712773652694612,2.5690740119760482,4.7065332385951875,2.4293672045782015,0.12242425586301849,3492.1875,0.008361034336702476,0.0164773401734235,0.01747046530770339,0.00014840987929608734,Inner Race Fault,2,0.007,107,10
0.004609493376528193,0.29384774028526933,0.08632524704157084,0.2938115842535329,1.2741411576846307,2.473074850299401,4.336059063948173,2.2512548531432035,0.07429988543761819,3492.1875,0.008666230644068155,0.016608437839997776,0.017757322246001322,0.00015188695213218806,Inner Race Fault,2,0.007,107,11
0.004452927484874003,0.30204333179506687,0.09121034571867931,0.30201050597401297,1.4653273053892217,2.6109822754491017,4.8513810805908815,2.3816213046373385,0.11233309074969403,3492.1875,0.00850430769148621,0.016535001750802823,0.020445480784954766,0.00014021203600087453,Inner Race Fault,2,0.007,107,12
0.004979017433882236,0.30653816445833726,0.09394085565487972,0.30649772536656733,1.5275399600798403,2.91717249500998,4.983196669096823,2.6629824963851547,0.08101648525413659,3609.375,0.008540617209286516,0.01629951299072182,0.02201353499566573,0.00014155975048139857,Inner Race Fault,2,0.007,107,13
0.004524468738304641,0.3081400647796012,0.09492982870501293,0.30810684624820156,1.6396201996007984,2.8802997205588823,5.321022440796672,2.948436065136331,0.13491826454308828,3492.1875,0.008440702897744099,0.01690273592017556,0.021985422815351867,0.00015655070531966144,Inner Race Fault,2,0.007,107,14
0.0048402971985716066,0.29699219748951444,0.08818093689268026,0.29695275195337095,1.5142202794411177,2.7524632734530936,5.098518722851561,2.4661671653884856,0.08090798237841622,3492.1875,0.008436319770917924,0.016779758220563823,0.01872506634789055,0.0001727694406170602,Inner Race Fault,2,0.007,107,15
0.004596565189932636,0.2960774754937123,0.08764074308318454,0.2960417927982205,1.4468097005988023,2.6728700598802395,4.886591586159102,2.5555075943863947,0.07773928107769264,3492.1875,0.008590995998009115,0.016597512342464753,0.018500953472522834,0.00015203822681433772,Inner Race Fault,2,0.007,107,16
0.005284614384512224,0.29222872478271855,0.08536970043894085,0.2921809378432153,1.3776123353293415,2.570860798403194,4.714157844522781,2.3478216358734656,0.09039139087832679,2859.375,0.00851417168290565,0.017246681312620415,0.01680378982827109,0.00014813774709501325,Inner Race Fault,2,0.007,107,17
0.004998290742733284,0.2992005856803945,0.08949600756114216,0.2991588333329674,1.502687385229541,2.6861897405189623,5.022341055290276,2.3844344953022327,0.06944788099956037,2859.375,0.008473490799722944,0.016928535935191228,0.01921183655882002,0.00015912821011437493,Inner Race Fault,2,0.007,107,18
0.005275810527382735,0.29493533655698045,0.08695901857325851,0.2948881458676468,1.2549738123752494,2.43831373253493,4.255081222296308,2.6676320835818403,0.12935749791677997,3492.1875,0.008439867627999132,0.017609875751909993,0.017305965940185023,0.00015163453741957005,Inner Race Fault,2,0.007,107,19
0.00477755980227046,0.29647354833580425,0.08787373978515818,0.2964350515461324,1.5889404391217565,2.781051856287425,5.359467811010325,2.6753481572177567,0.05516936780982985,3492.1875,0.00826769210159619,0.01737741077026542,0.01816170629607035,0.00015288610069259697,Inner Race Fault,2,0.007,107,20
0.004993690529098056,0.2985276282414786,0.08909380787838206,0.2984858587578012,1.5852044311377245,2.8837108582834334,5.3100761241952945,2.986658205186953,0.15541567244692722,2859.375,0.008403073624633429,0.016762399939466304,0.01924402094146313,0.00016236291654352596,Inner Race Fault,2,0.007,107,21
0.00452161343328967,0.2957189388112637,0.08742924578361982,0.2956843685141638,1.3841097405189622,2.6244643912175647,4.680490691880714,2.4154410021285146,0.061030978616818984,3492.1875,0.008409489827976499,0.017916885029802265,0.017253770283295732,0.00015494276064012322,Inner Race Fault,2,0.007,107,22
0.005086725884169162,0.2971774271618253,0.0882885484343013,0.29713388974383464,1.2319080239520959,2.400141477045908,4.1453620341132815,2.5234229865606705,0.10398169433985914,3492.1875,0.008263783525019441,0.017215098955400018,0.01847357321795554,0.00021778920876060705,Inner Race Fault,2,0.007,107,23
0.004499088249282683,0.29760253146317794,0.08854702493821698,0.2975685214168612,1.2872984031936128,2.5175820758483036,4.32556267873309,2.4833194271498664,0.07183575880176288,3492.1875,0.008177375375081074,0.016870442385181653,0.019086423043562825,0.00015952058467121811,Inner Race Fault,2,0.007,107,24
0.004534938190026198,0.3054793696523062,0.09329707961878296,0.30544570649917957,1.4983016367265467,2.821335768463074,4.90475555986612,2.5343429481953113,0.06492423280487566,3492.1875,0.008370176234966399,0.01729793349032777,0.020866018879487403,0.0001349775786685615,Inner Race Fault,2,0.007,107,25
0.004773038902663422,0.30321101989637167,0.09191414068623155,0.3031734498372698,1.5626259481037925,2.848949740518962,5.153592203336972,2.7062165263224784,0.11768459051607144,1447.265625,0.008264479303169953,0.016526222785700043,0.02104668170869635,0.00014246922911293863,Inner Race Fault,2,0.007,107,26
0.004290968239302645,0.31020064169525274,0.09620602569971587,0.31017096205111766,1.5216922954091816,2.805092255489022,4.905509824522292,2.6965954810437847,0.06285399861102658,3492.1875,0.008484854507744386,0.017813220605976333,0.021672145505684522,0.0001512048733037486,Inner Race Fault,2,0.007,107,27
0.004745834190993013,0.30179366217225057,0.09105689158517011,0.3017563447305957,1.4057136127744512,2.7529505788423156,4.657863265439059,2.823643656376815,0.09481026509793636,2859.375,0.008528825259835672,0.01751618327028731,0.019331710305943387,0.0001742816258330351,Inner Race Fault,2,0.007,107,28
0.004438968215911927,0.30734290441832024,0.09443995645746686,0.3073108466316587,1.3712773652694612,2.640058163672655,4.461717988462276,2.3742066503992003,0.05382883622993872,3492.1875,0.008330652629623046,0.016946651717791018,0.02181208042187601,0.0001503031405728701,Inner Race Fault,2,0.007,107,29
0.004618376547685878,0.29654769933307934,0.08791920857780622,0.2965117343003582,1.31458750499002,2.5801196007984033,4.4329715183980865,2.299658726225333,0.11387320116789623,3492.1875,0.008528689287841756,0.01742559938942713,0.017869111188985733,0.00015753565571435642,Inner Race Fault,2,0.007,107,30
0.0039445245641529444,0.29778499023657096,0.08866034113615748,0.29775886407655017,1.4742612375249502,2.7394684630738526,4.950757378179957,2.508237881812538,0.06692450657186963,3492.1875,0.008649517500395752,0.01696424188363343,0.01857130192044042,0.00016067091289768205,Inner Race Fault,2,0.007,107,31
0.0048402178845434116,0.3015758390365168,0.09092455898140923,0.30153699438279413,1.413510499001996,2.6290125748502993,4.687081377334206,2.4971388643822907,0.07429919199146409,3492.1875,0.008726955058058546,0.01760708838979759,0.01899665996980269,0.0001550044770251191,Inner Race Fault,2,0.007,107,32
0.0044869532029690636,0.29387548182681855,0.08634266606989913,0.29384122595357365,1.425693133732535,2.675469021956088,4.851351071787264,2.5071050498594536,0.07449477733494402,3492.1875,0.008525856656221891,0.01659137509302563,0.0179164094066958,0.0001578282157221629,Inner Race Fault,2,0.007,107,33
0.004687697008327098,0.2991028329402707,0.08944053016965361,0.29906609665699924,1.4136729341317364,2.643631736526946,4.726377614798586,2.5701228121935413,0.08591885149664005,3492.1875,0.008640495750196918,0.017460794920598027,0.018476122817232227,0.00016482801858693817,Inner Race Fault,2,0.007,107,34
0.004614569474332584,0.30187463073880577,0.09110699843225689,0.3018393586533355,1.4268301796407186,2.713316407185629,4.726565382949554,2.4707665054924606,0.12806167655420553,3492.1875,0.008629480504646559,0.017722437367200857,0.019069937558480122,0.00015293916579178356,Inner Race Fault,2,0.007,107,35
0.004587919960859531,0.29835463160079034,0.08899443718807608,0.29831935436386975,1.3548714171656688,2.6616620359281438,4.541144241321977,2.5231679971202245,0.05469458655976567,3492.1875,0.008271385367435137,0.01755507394842652,0.018537280113556084,0.000154531225892062,Inner Race Fault,2,0.007,107,36
0.004580623070265718,0.30472305938443,0.09283516081289497,0.3046886292806067,1.3652672654690619,2.676606067864271,4.480354287027157,2.5356169962715382,0.15946720164735315,3492.1875,0.008705171073306778,0.017303102486684426,0.020277908907376286,0.00015238026767458934,Inner Race Fault,2,0.007,107,37
0.0043463294309817845,0.3006241211352975,0.09035597162884743,0.3005927005581596,1.473936367265469,2.7610723353293416,4.902921168465108,2.812342650179156,0.08058383086118957,3492.1875,0.008139841037306668,0.017151960419862267,0.01974216238528729,0.00016291493768728769,Inner Race Fault,2,0.007,107,38
0.004733461202594809,0.29911998607515383,0.08945036041464376,0.2990825311091301,1.4687384431137724,2.6705959680638722,4.910198286599118,2.733117438577798,0.12986931583484185,3492.1875,0.008557676787845242,0.01721379513243602,0.018818115680261774,0.00015801142856681238,Inner Race Fault,2,0.007,107,39
0.004604893162892965,0.29632324104370755,0.08778625814160554,0.2962874586303064,1.362830738522954,2.5367494211576846,4.599135503927406,2.228987643292755,0.08261300655841922,3492.1875,0.00812647341555727,0.01718165673596981,0.0184542591597072,0.00015194738813538667,Inner Race Fault,2,0.007,107,40
0.00495165409415544,0.29685901552250055,0.08810075621872004,0.29681771547318403,1.335866506986028,2.5754089820359285,4.500003156834479,2.4154721308891256,0.052552463002698495,3492.1875,0.008582157568852155,0.017027574661864775,0.018301212831162057,0.00016395192645691343,Inner Race Fault,2,0.007,107,41
0.004490601648265967,0.3028030238970877,0.09166950577805684,0.3027697240115941,1.3405771257485029,2.621053253493014,4.427225027330371,2.6134339079840254,0.08726321186989848,3492.1875,0.008215483499655899,0.017518882954162235,0.01995241764945907,0.00016815587990687465,Inner Race Fault,2,0.007,107,42
0.005317767648297158,0.29871540324244333,0.08920261348153424,0.29866806572101784,1.3431760878243515,2.5432468263473056,4.4965076231244865,2.5210718219235035,0.0843235307542866,3492.1875,0.00850769375120384,0.016530191361086865,0.01942310952774869,0.00016860772687307994,Inner Race Fault,2,0.007,107,43
0.004040018654098052,0.2939092229034868,0.08636630955700605,0.2938814549389023,1.413510499001996,2.701458642714571,4.809343800232363,2.7704493699923978,0.1051654158412423,3492.1875,0.008095351299019095,0.016301029847726165,0.018658538187557,0.00014455719583522888,Inner Race Fault,2,0.007,107,44
0.004725053915606287,0.30034004398375824,0.09018181588566045,0.30030287358874946,1.5075604391217565,2.7224127744510978,5.0195119476085654,2.5834796416276546,0.10922980278429315,2859.375,0.008342048851352774,0.016854974010697,0.01976200809306239,0.00015420405304797155,Inner Race Fault,2,0.007,107,45
0.004522168631487025,0.3036000045632717,0.09215251276168696,0.3035663234973322,1.2869735329341316,2.46657744510978,4.239043193643695,2.2901304416680865,0.09152400380610262,2859.375,0.008385025346670835,0.01706608079728558,0.020499408456105976,0.00014619330483011387,Inner Race Fault,2,0.007,107,46
0.004592044290325599,0.3042638971940509,0.09255543226494764,0.30422924294838527,1.4750734131736527,2.8099653093812376,4.8480067033154866,2.884655557859988,0.09012305470327381,3492.1875,0.008442192894344037,0.017704279184477638,0.020000393509570887,0.00015193754702922183,Inner Race Fault,2,0.007,107,47
0.0044555448478043914,0.30248135518033753,0.09147511835184272,0.3024485383529613,1.4286169660678643,2.667997005988024,4.722991819499525,2.749409303223757,0.05565515187832848,3492.1875,0.008397863052733472,0.017178208976161687,0.020035124852842975,0.00014622271656312594,Inner Race Fault,2,0.007,107,48
0.004446106478449351,0.3022492242036551,0.09133482566889363,0.30221652117131786,1.3248209181636728,2.5923022355289422,4.383207009560462,2.308743075255183,0.11308745354480712,2859.375,0.008721570620103624,0.01778991679948626,0.019017757798297244,0.00015795136031589312,Inner Race Fault,2,0.007,107,49
0.004546676666198851,0.30343855245529927,0.09205428284746048,0.30340448719071456,1.3433385229540917,2.628037964071856,4.4270528978086405,2.7152838907016985,0.07570493964486821,2859.375,0.00858059396317555,0.017347062603561843,0.019955689770317336,0.00016446869659122556,Inner Race Fault,2,0.007,107,50
0.003545812944423652,0.2993770954680556,0.08961407250145241,0.29935609648285505,1.3417141716566865,2.570373493013972,4.48168611415983,2.8099553661340986,0.12274825721829909,3492.1875,0.00877066307762613,0.01682634859348046,0.019075545198725286,0.00014705223922708557,Inner Race Fault,2,0.007,107,51
0.0043399049946981055,0.30342410462001257,0.09204735248909333,0.30339306598716675,1.4931037125748503,2.7773158483033935,4.920847387667867,2.944394846818386,0.10099295753522579,3492.1875,0.008577863389989126,0.017769986221739052,0.019528490724586504,0.0001661742444416767,Inner Race Fault,2,0.007,107,52
0.004246631697542415,0.30110682289486107,0.09064728491306268,0.3010768754206518,1.3633180439121755,2.598312335329341,4.527688980293256,2.2348841813118367,0.11888835947835354,3492.1875,0.008331348412128955,0.01689993215363089,0.01994653992478152,0.00016385772134730386,Inner Race Fault,2,0.007,107,53
0.004441506264814121,0.3027619675852191,0.09164508203817288,0.30272938747034933,1.3288817964071855,2.4371766866267466,4.389196592313538,2.1237024039070915,0.06624034243668689,3492.1875,0.008710502484753541,0.017418357380026027,0.019560309985204267,0.00015310941823130946,Inner Race Fault,2,0.007,107,54
0.004166762471151446,0.29695025614457393,0.08816209271483708,0.29692102100531226,1.3253082235528941,2.543246826347305,4.463064759599504,2.3017291004343603,0.08910581404936656,3492.1875,0.008415900878184574,0.016811172841514507,0.01871792909557251,0.00015340649881867945,Inner Race Fault,2,0.007,107,55
0.0043142865635915646,0.3020653611057992,0.09122486931142404,0.30203454986379297,1.504961477045908,2.7367070658682637,4.982237855861902,2.8987255147984614,0.11065238333928218,3492.1875,0.008289583278730375,0.01736560737570756,0.01980909860532153,0.0001667658950004797,Inner Race Fault,2,0.007,107,56
0.003987274825349299,0.29611278250885514,0.08766688160460366,0.2960859361817168,1.3124758483033931,2.5003639520958085,4.432351204778349,2.186620432056057,0.06340954471714869,3492.1875,0.008288031317178417,0.017084076331277516,0.018318572230499288,0.00015865960195061285,Inner Race Fault,2,0.007,107,57
0.0044042286715631224,0.2979102754308711,0.0887311349771061,0.2978777181615068,1.4255306986027942,2.832381357285429,4.785100804398346,2.949603259640438,0.1086958214303398,2859.375,0.008321956478960233,0.01739266685566958,0.018502224599177938,0.00016812599303694955,Inner Race Fault,2,0.007,107,58
0.004329594171032935,0.32356788084023613,0.10467742812575541,0.3235389128462841,1.5354992814371258,3.0370496207584834,4.745524424271546,2.2405826525190387,-0.0071463146538962566,3609.375,0.009299679535751,0.01293897697751804,0.029976346560013384,0.00014246304323779196,Inner Race Fault,3,0.007,108,0
0.004802226465038672,0.3213043113290258,0.10321339909959801,0.3212684221948961,1.41789624750499,2.7626966866267466,4.412938754665571,2.338400212989904,-0.0022812767137262366,3550.78125,0.009246479317699056,0.013152657804982641,0.029097458966964706,0.00013316819555053613,Inner Race Fault,3,0.007,108,1
0.004957047448072606,0.31179969895059617,0.09719447994627994,0.3117602924464242,1.396292375249501,2.699346986027944,4.478171017960924,2.1059991112514833,2.3050489246209488e-05,2507.8125,0.008649322286957976,0.012399058949262258,0.02743222787351033,0.0001412149354056763,Inner Race Fault,3,0.007,108,2
0.00414487179937001,0.30676993487041626,0.09409061297816622,0.30674193221365453,1.3222219560878246,2.5820688223552897,4.310141920023384,2.1582298784951988,-0.043889330806277556,2507.8125,0.008757498776735912,0.01288886311984714,0.025276448827056264,0.00013969284750892308,Inner Race Fault,3,0.007,108,3
0.004417236172186877,0.30742998811807154,0.09449368561887671,0.30739825246555436,1.2991561676646708,2.5656628742514975,4.225860253963634,2.0920856563499495,-0.013177449104499297,3591.796875,0.009076389518502835,0.013133601583777977,0.024928689374799372,0.0001276749306184719,Inner Race Fault,3,0.007,108,4
0.004242507368076347,0.30481063769248307,0.09289152598172999,0.30478111158949794,1.331155888223553,2.56972375249501,4.367156928317337,2.2246107291209425,-0.02883339614743843,2507.8125,0.00956338692834644,0.012648373570850838,0.024110395143313573,0.0001416375459402055,Inner Race Fault,3,0.007,108,5
0.004820151435410429,0.30213696703040926,0.09126351298647432,0.3020985153662201,1.3303437125748503,2.5266784431137728,4.403114672296803,2.329091899292272,-0.023509334719077627,3591.796875,0.009122160876212076,0.01250223178617286,0.02388916211792898,0.0001414695150443868,Inner Race Fault,3,0.007,108,6
0.00476042797218064,0.3048790904205897,0.09292859810120778,0.3048419231359227,1.3694905788423155,2.6954485429141717,4.491913751622202,2.237606832611845,-0.037610347524857604,3591.796875,0.009020280599513491,0.013311359455822078,0.02401938096110643,0.00013595031131333947,Inner Race Fault,3,0.007,108,7
0.004379482694766717,0.30714456657248734,0.09431860490632735,0.3071133421170877,1.3054911377245508,2.601723473053892,4.250412606327027,2.4849344032588156,0.005711147235748374,3591.796875,0.00884177968749886,0.012641584238314818,0.025566352913858777,0.00012876800167499068,Inner Race Fault,3,0.007,108,8
0.004429926416697855,0.3052880902220371,0.09318119378336132,0.3052559479901437,1.398891337325349,2.6147182834331337,4.582200819913841,2.214991355982982,0.000645027798175711,2507.8125,0.009147580131621511,0.012966918949583024,0.02436362572155653,0.00013209713278071412,Inner Race Fault,3,0.007,108,9
0.0045239135401072845,0.31028366704420574,0.09625548824068114,0.3102506861244325,1.3551962874251495,2.65126618762475,4.367604329080191,2.329891001500008,0.010003842285183974,2507.8125,0.009102435308811094,0.013257709535941697,0.02567622683953525,0.00011183858910911756,Inner Race Fault,3,0.007,108,10
0.004386224387163174,0.30244692690881303,0.09145490463221036,0.30241511971495466,1.2665067065868265,2.5229424351297407,4.187533725441605,1.8795268433375902,-0.016793630829772303,2507.8125,0.008825372992298247,0.012808444999401265,0.023978961378018738,0.00013391192062530975,Inner Race Fault,3,0.007,108,11
0.004682541596494512,0.31226060202412836,0.09748475738066817,0.31222549124097504,1.35211001996008,2.6590630738522956,4.330069215249903,2.2002861312978768,0.015383246812061558,3591.796875,0.009267481103215292,0.012807560614521549,0.026558622430366836,0.00013065279659179663,Inner Race Fault,3,0.007,108,12
0.004466252241610529,0.31620092523772064,0.09996307771210489,0.31616938136401646,1.483032734530938,2.823934730538922,4.6901593770353145,2.29990458795246,-0.0005075404219685031,2507.8125,0.009223512211016683,0.013492712284790384,0.027168233388423533,0.00011703117791357455,Inner Race Fault,3,0.007,108,13
0.004257973603574101,0.31706914640116257,0.10051471326035313,0.31704055459886066,1.4320281037924152,2.7548998003992016,4.516453650714356,2.1688255052221876,0.0038710115489939316,2507.8125,0.009339369934248866,0.01318760925722549,0.027620396645260288,0.00012811201951881497,Inner Race Fault,3,0.007,108,14
0.004513285460329341,0.318631817601961,0.10150586544268295,0.31859985160492926,1.345612614770459,2.663936127744511,4.223095561823069,2.260252393936039,-0.013434689074112114,3574.21875,0.00877174239813465,0.012872581182830184,0.02899697573735085,0.00013200566255517883,Inner Race Fault,3,0.007,108,15
0.004050329477763223,0.31423832397445517,0.0987293190853962,0.3142122198218844,1.477672375249501,2.831081876247505,4.702393891871772,2.3213850558914704,-0.057085399367416766,2507.8125,0.008930862939456443,0.012989107806262414,0.02731336192429587,0.00014777264702355502,Inner Race Fault,3,0.007,108,16
0.005016295027133234,0.31659526050747033,0.10020739575999374,0.3165555176584255,1.4221195608782435,2.688463832335329,4.491916772849755,2.2686147163586563,0.04360254321505955,3574.21875,0.008797435527399195,0.012716936997253517,0.028457084712184867,0.00015743761548916947,Inner Race Fault,3,0.007,108,17
0.004784618750779691,0.31825013902257526,0.10126025841129818,0.31821417066387564,1.4578552894211578,2.6881389620758487,4.580847297973196,2.026493537556358,-0.04846279547437387,3574.21875,0.009560515965772846,0.012738662164291804,0.028222276694964802,0.00013156737625020845,Inner Race Fault,3,0.007,108,18
0.004431195441148953,0.3189247334885064,0.10169335013767719,0.3188939481045026,1.3832975648702597,2.650129141716567,4.33737938647556,2.2308456632535822,0.029883291055040586,3591.796875,0.00955952370085677,0.013264799894951287,0.027924761765776438,0.00011722597098297808,Inner Race Fault,3,0.007,108,19
0.004924211440400448,0.30733966078180747,0.09443341923116673,0.30730021026866666,1.4541192814371258,2.762209381237525,4.73131023096125,2.175371770199681,-0.030924806901094094,3591.796875,0.009160979746152691,0.012879222633223079,0.02507109767653384,0.00012965755801797992,Inner Race Fault,3,0.007,108,20
0.004989804141716567,0.31274005883424627,0.09778144625427511,0.3127002498468383,1.3210849101796407,2.5823936926147706,4.224226711167251,2.225065648081303,0.03348405703268672,2507.8125,0.00897091113853656,0.013245810847752644,0.026566113128592334,0.0001327865882281526,Inner Race Fault,3,0.007,108,21
0.004532479455152195,0.3107082178681599,0.09651905328079653,0.31067515716709077,1.507073133732535,2.8981675848303396,4.850445038347901,2.4269172795228364,-0.07525975503669476,2507.8125,0.008885478002444923,0.012771061091360496,0.026489252487531246,0.00013428127972309268,Inner Race Fault,3,0.007,108,22
0.004405418381986029,0.308039560624663,0.09486896319871509,0.3080080570353884,1.2361313373253493,2.458293253493014,4.012898001862619,2.1141615392411888,0.01657790472782684,2507.8125,0.009187859078260101,0.013470338623010666,0.024664608900291506,0.00013108882108759949,Inner Race Fault,3,0.007,108,23
0.004854732351702844,0.31538761338212234,0.09944577824866438,0.31535024694562136,1.314912375249501,2.5830434331337324,4.169194728825189,1.993345666110602,-0.04767697284964831,3591.796875,0.009337768110670245,0.013328265251966459,0.026947875427239934,0.00013255272736382702,Inner Race Fault,3,0.007,108,24
0.004352753867265469,0.30846993167929915,0.0951347522840025,0.3084392197565065,1.4960275449101796,2.7919350099800395,4.849832645813677,2.3981776074589813,-0.013069380654724499,2507.8125,0.009206285489176631,0.012803598011985605,0.02543493850217477,0.00014150129970271253,Inner Race Fault,3,0.007,108,25
0.005026526536770208,0.312915938296025,0.09789111847065683,0.3128755638758911,1.2536743313373255,2.4604049101796406,4.006425298002314,2.1767683720009785,-0.005699004958113214,3591.796875,0.009196470866650246,0.013234573051471514,0.026400721533638517,0.0001390637192945938,Inner Race Fault,3,0.007,108,26
0.0044993261913672655,0.307047846588729,0.09425813615859938,0.307014879376553,1.3293691017964073,2.6332358882235534,4.329517749645749,2.354501416464017,-0.06281522442036364,3591.796875,0.008900821668158719,0.013128142355546903,0.02499492261137921,0.0001254262374507828,Inner Race Fault,3,0.007,108,27
0.004515664881175149,0.31723967655313307,0.10062062115021742,0.31720753640198623,1.2913592814371258,2.545520918163673,4.070610887856083,2.0208449081445705,0.0006602934949786458,2507.8125,0.009311039889123532,0.012667318289702757,0.02820636606976224,0.00014598834411364234,Inner Race Fault,3,0.007,108,28
0.004449834237774453,0.3170655946541775,0.10051079028866353,0.3170343676774862,1.5091847904191618,2.9072639520958083,4.759850377538519,2.5424226463511017,-0.018570775288709988,3574.21875,0.008996322230806314,0.013885710722252958,0.02723870624287281,0.00015447813773836227,Inner Race Fault,3,0.007,108,29
0.0043034998557572365,0.31646647933914385,0.10013251243430427,0.3164372172079388,1.4146475449101796,2.731671576846307,4.470133923391492,2.2410596226059267,-0.024451849688575455,3591.796875,0.009249723027989097,0.013685094688446565,0.026990809039405202,0.0001591776357312492,Inner Race Fault,3,0.007,108,30
0.0054288072877682145,0.31731464702585294,0.10065911326857391,0.3172682039987208,1.4045765668662673,2.784138123752495,4.426447313514118,2.3490836792413754,-0.03160578406362183,2507.8125,0.00905182750328442,0.012716195537882707,0.02843561390519662,0.0001554308971236129,Inner Race Fault,3,0.007,108,31
0.005164453631798904,0.3161459490880483,0.09992158954346782,0.3161037638869044,1.5075604391217565,2.8302697005988025,4.768558456847072,2.24867683527983,-0.009723716928255265,3591.796875,0.00914282676448126,0.013612988043021886,0.0270992023296662,0.00013245267043832256,Inner Race Fault,3,0.007,108,32
0.004834031390344313,0.30961289663729374,0.0958367779046527,0.3095751571180296,1.3464247904191617,2.622352734530938,4.34873613161042,2.304718564414297,-0.045651601187249105,2507.8125,0.009619425944262912,0.012616760216225015,0.025579090660439258,0.00012648101999265639,Inner Race Fault,3,0.007,108,33
0.005093467576565619,0.30549031044480573,0.09329838636371027,0.30544784557058224,1.431703233532934,2.6127690618762474,4.686574940620273,2.260730053438664,0.04388618544775069,3591.796875,0.008813248734119358,0.012816464796243664,0.024922699231327172,0.0001227419644787189,Inner Race Fault,3,0.007,108,34
0.004975289674557136,0.31192551609100194,0.09727277408129215,0.311885835012256,1.328069620758483,2.6465555688622757,4.257649830644277,2.4051892486605597,-0.02238340279346704,3591.796875,0.009056729425616337,0.013162909715330807,0.026280009367004403,0.00016151928276507714,Inner Race Fault,3,0.007,108,35
0.005033823427364024,0.3112788021259459,0.09686915327466589,0.3112380974024001,1.3758255489021958,2.606271656686627,4.419914043313254,2.299469783960549,0.007846283437573237,3591.796875,0.008787722008013279,0.012630627184645391,0.02691013312383592,0.0001314387165130618,Inner Race Fault,3,0.007,108,36
0.005055158900948104,0.3099339751566089,0.09603351432486364,0.30989274648636683,1.4848195209580837,2.808990698602794,4.790760742534947,2.3578066769691732,0.038301550868290256,2507.8125,0.009390584966292479,0.01301809054650646,0.025495325626343185,0.0001383133635351107,Inner Race Fault,3,0.007,108,37
0.0045392211475486525,0.3186188088232528,0.10149734080732215,0.3185864730451093,1.3893076646706586,2.6662102195608783,4.360406938315272,2.2818368306346546,0.00595267785577459,2507.8125,0.00951814783737172,0.013467517609080479,0.027646431650731152,0.0001371784748729409,Inner Race Fault,3,0.007,108,38
0.00534354470746008,0.3088391855626037,0.09535308906893172,0.30879295501829657,1.343988263473054,2.611794451097804,4.351741379659282,2.3115539367689593,0.030800661897104925,3591.796875,0.009070154687889413,0.012793548800335867,0.025677444436111016,0.00016397976348799155,Inner Race Fault,3,0.007,108,39
0.004399866400012474,0.31723379198111923,0.10061791995038208,0.3172032785933684,1.4258555688622754,2.6991845508982033,4.494652224650575,2.4083303109104808,-0.034902710419283965,3591.796875,0.008886293741082086,0.012437953422262098,0.028868936416826568,0.00013514376184734566,Inner Race Fault,3,0.007,108,40
0.004642091442115769,0.3126806722733085,0.09774765380033117,0.3126462118758696,1.313937764471058,2.5775206387225547,4.202171355582122,2.260618104551816,0.002121699444180571,2507.8125,0.008906676005426547,0.013264521948732656,0.026587820902828154,0.00013636149531666764,Inner Race Fault,3,0.007,108,41
0.004686983182073354,0.3191669968919506,0.10184560409367738,0.3191325807461178,1.4201703393213572,2.7664326946107782,4.44961525831612,2.3342884210210864,-0.032644923161981414,2507.8125,0.009070420799568027,0.013380850228847115,0.02836425841508224,0.0001292424580278295,Inner Race Fault,3,0.007,108,42
0.00465240226578094,0.32156810885036163,0.10338440378275537,0.3215344519375107,1.4320281037924152,2.7576611976047904,4.453265309523571,2.3625685963800507,-0.017084832969977516,3574.21875,0.009168801729324393,0.013173819005662658,0.02924471839275556,0.0001265129425003921,Inner Race Fault,3,0.007,108,43
0.00410140771191991,0.3256323246076795,0.10601958928418173,0.32560649453624496,1.50544878243513,2.9996895409181636,4.62315522345298,2.4228502315640315,-0.015007312599753502,3574.21875,0.009346506592173252,0.013130538445681128,0.030412485201070042,0.00013710324478555832,Inner Race Fault,3,0.007,108,44
0.005039930607534928,0.32823779243319184,0.10771464748088637,0.3281990973188171,1.4005156886227546,2.733783233532934,4.266771593364922,2.3298963678808695,-0.0343061459350738,3609.375,0.00907373859707716,0.012833706979908857,0.031828822180609624,0.000146470727994608,Inner Race Fault,3,0.007,108,45
0.004726164312000999,0.3228028535558988,0.10417934563472703,0.32276825375914375,1.517468982035928,3.0240548103792415,4.70091563726884,2.5342870102742276,-0.027891537136862387,3609.375,0.008910820395391789,0.013120500548896158,0.029943352168685954,0.00013733695355684552,Inner Race Fault,3,0.007,108,46
0.004252104365487774,0.31715507679667276,0.1005692623463684,0.31712657149215423,1.353734371257485,2.702108383233533,4.268367339190854,2.2759530887536776,-0.03564478324917776,2507.8125,0.009007670348795096,0.013328590053197292,0.027827247167273014,0.00013920406158493805,Inner Race Fault,3,0.007,108,47
0.004974020650106039,0.30092382795179246,0.09053040934773231,0.3008827169309203,1.4177338123752496,2.7591231137724552,4.71127136067925,2.601299826822599,-0.03794102508678639,2507.8125,0.008915196117074056,0.012919619291233371,0.023318767592441492,0.000136363085861849,Inner Race Fault,3,0.007,108,48
0.0039280272462886715,0.31432662377792614,0.09878579701758233,0.31430207924476466,1.2819380439121757,2.508323273453094,4.078362909588828,2.1453465158098304,-0.016741697977152175,3591.796875,0.009354725973401291,0.013353672976952573,0.026553806954271952,0.00014612210299333914,Inner Race Fault,3,0.007,108,49
0.004748292925867016,0.3041126233971448,0.09246194142378376,0.3040755521639051,1.380048862275449,2.6179669860279438,4.537953232126194,2.4332757037134085,-0.01963653835925711,2507.8125,0.009089444698512897,0.012824534034836774,0.024204517204146923,0.0001350217285596624,Inner Race Fault,3,0.007,108,50
0.004841407594966318,0.31941549995983093,0.10200282238708815,0.31937880704124394,1.3430136526946108,2.674494411177645,4.204597625548872,2.16050738859982,-0.0048074105083397095,2507.8125,0.009015827034166436,0.013498452730409675,0.028375852671535702,0.00013474312240694905,Inner Race Fault,3,0.007,108,51
0.005663180241080338,0.3319913414372469,0.11018617917885967,0.3319430360451318,1.6714574850299402,3.1882767265469063,5.034641800578042,2.627337687913858,-0.010668065615817643,3609.375,0.00898737820384048,0.013705736663122683,0.03228252897155993,0.000149537621994121,Inner Race Fault,3,0.007,108,52
0.005347113838728792,0.32888577173083994,0.10813725922058583,0.3288423014464317,1.4641902594810379,2.9100253493013972,4.4519720381194565,2.267760361589711,-0.0021358731989169627,3574.21875,0.00866613854391618,0.012918421007718691,0.03236531612843669,0.00014735825154345967,Inner Race Fault,3,0.007,108,53
0.00518729607191866,0.3278841209197329,0.10748108871076827,0.3278430855009272,1.3810234730538922,2.731184271457086,4.211925448478706,2.2008213702104937,-0.06287906984290877,3609.375,0.009031325998936031,0.01324796622290613,0.03134072118528019,0.00014745656661752625,Inner Race Fault,3,0.007,108,54
0.005247574733345808,0.3123102858963318,0.09751017763606647,0.3122661967553748,1.4575304191616767,2.856096886227545,4.6669305654745195,2.258955400863864,0.016004537829430846,2507.8125,0.009314844787389698,0.012364726680684437,0.026950089327882346,0.0001529912966517058,Inner Race Fault,3,0.007,108,55
0.004511381923652694,0.3111196604507844,0.09677509055215029,0.311086950147624,1.3979167265469064,2.6597128143712574,4.493180291214804,2.4955024987826553,-0.026607738687463522,3591.796875,0.009277195353905723,0.012734994903517509,0.026263583422082785,0.00013214493820216564,Inner Race Fault,3,0.007,108,56
0.004943564063279691,0.2997387230376183,0.0898188632625743,0.29969795338402677,1.3301812774451098,2.62917500998004,4.437802576740034,2.23635937525352,-0.006805743411170416,2507.8125,0.009234069037418318,0.012441232802499091,0.0231206425203105,0.00013792853801083648,Inner Race Fault,3,0.007,108,57
0.005370511477045908,0.3081317777487308,0.09491635006506816,0.3080849721506522,1.4034395209580837,2.588728662674651,4.5546731051626,2.175947549116775,-0.03622746034230295,2507.8125,0.009247332050574231,0.01304633958597193,0.025055645872028517,0.0001377017438174621,Inner Race Fault,3,0.007,108,58
0.004965375421032935,0.3028030786551746,0.09166504948998004,0.30276236471856943,1.3564957684630738,2.669134051896208,4.47979516749835,2.232622877818815,-0.0027227687725230707,2507.8125,0.009012527767478032,0.012236417864405066,0.024464288057046226,0.0001439462884528252,Inner Race Fault,3,0.007,108,59
0.015750576288828592,0.13460156763398484,0.01786950135609599,0.1336768542272595,0.4817825948103792,0.9344893013972055,3.5793238019371807,-0.10071732565131342,0.01186601657255057,3369.140625,0.0010903465043821119,0.0018042325695615219,0.006272382381466423,1.5870743007318908e-05,Ball Fault,0,0.007,118,0
0.015279530275386725,0.1397956522489914,0.019309360342284476,0.13895812441985705,0.5090716966067864,1.0036866666666666,3.641541696161436,0.07560311741720627,-0.003104688891683624,3234.375,0.001129590046510641,0.0022054631467520757,0.0065404006898422615,1.2690336304540203e-05,Ball Fault,0,0.007,118,1
0.015259146570140967,0.13358742438040397,0.017612758398541102,0.13271306792679122,0.432239880239521,0.8474240718562874,3.2356330114477942,-0.3991643116236929,-0.023219683851173394,3375.0,0.0011310958604908235,0.0016436569098205967,0.006245209292992701,1.9267201431595372e-05,Ball Fault,0,0.007,118,2
0.014884942985123504,0.14004490330248723,0.01939101341333262,0.1392516190689811,0.5204421556886227,0.977209740518962,3.7162520264268664,0.09429951181431928,-0.06693815073433608,3445.3125,0.0011391301360080745,0.0018216184031777526,0.006939049428647315,1.7271883497254646e-05,Ball Fault,0,0.007,118,3
0.015225596736215069,0.14140714674831326,0.01976416235552516,0.1405850715955473,0.48763025948103794,0.9177584830339321,3.4484131155616753,-0.1377851206639802,-0.04757919829380597,3263.671875,0.0011055877406306426,0.0018343930184318799,0.007157185876091746,1.6735989250436533e-05,Ball Fault,0,0.007,118,4
0.015113288072292914,0.1439013159560478,0.020479177257526182,0.14310547598721085,0.5258025149700598,1.0384477844311375,3.653910400170748,0.11860690770491855,-0.028181135005817506,3275.390625,0.0010272554221816364,0.0021309029574595986,0.0072952512854656745,1.4594499083610339e-05,Ball Fault,0,0.007,118,5
0.014910402788173653,0.13911413153784194,0.019130421482222416,0.1383127668807996,0.475447624750499,0.9073626347305389,3.4176802852064485,-0.042684213228627144,-0.03988043211630015,3263.671875,0.0011160194726525922,0.0017142018983546574,0.006939936473125984,1.737355260654374e-05,Ball Fault,0,0.007,118,6
0.015110829337418913,0.13423749823682116,0.017791368769615963,0.13338428981561495,0.4564427145708583,0.8664289820359281,3.400262375015394,0.002026976365841815,-0.07638658244694758,3234.375,0.0010570044406535994,0.0017262550447388473,0.0063253923497148526,1.537136624383515e-05,Ball Fault,0,0.007,118,7
0.0148341026930514,0.12872243152540352,0.016349413775104203,0.12786482618415512,0.46553908183632736,0.9296162475049901,3.616611932508847,-0.12096315803395008,-0.0010317197728274422,3445.3125,0.0011512421845056061,0.001851415916445616,0.005371819859701149,2.0288986930364303e-05,Ball Fault,0,0.007,118,8
0.014922141264346307,0.14151757489083613,0.01980455370307031,0.14072865274374763,0.5579646706586827,1.070122634730539,3.9427235174789113,0.0351998932878268,-0.009595584160327469,3369.140625,0.001152922478199197,0.0018137619468317043,0.007143703937865893,1.4560268744141215e-05,Ball Fault,0,0.007,118,9
0.014932927972180638,0.13356467172554212,0.017616529195329494,0.13272727374330226,0.4736608383233533,0.8716269061876247,3.546303316618516,-0.14262108048918165,0.01899743834523479,3263.671875,0.00109979194425341,0.0019627857619465656,0.005949777785375052,1.8906264625405168e-05,Ball Fault,0,0.007,118,10
0.01458362899201597,0.13869180606258957,0.019022734834326187,0.13792293077775786,0.445721996007984,0.8714644710578843,3.213758683096507,-0.10420720256851634,0.01634146226362687,3445.3125,0.0010178558942736551,0.0016481960564243795,0.007037124963526857,2.0874988697682715e-05,Ball Fault,0,0.007,118,11
0.014522557190306887,0.13605572373573446,0.01830025529390877,0.13527843617483448,0.4819450299401198,0.8760126546906188,3.5422620725329983,-0.20446005239619502,-0.03513277647479842,3357.421875,0.0009912363213880689,0.0019431397077003065,0.0064126869667822444,1.3969582954067264e-05,Ball Fault,0,0.007,118,12
0.014248923793038923,0.14852987391047523,0.021858091614601845,0.1478448227521067,0.5157315369261477,0.9437481037924151,3.4722411279834473,-0.16375330308818326,0.02807555689844147,3234.375,0.0010952689706062529,0.0021536538733358803,0.00786881722244889,1.433763721616986e-05,Ball Fault,0,0.007,118,13
0.014423335341036677,0.14037153134418082,0.01949613420955034,0.13962855800140006,0.5670610379241517,0.9997882235528942,4.039715407348226,-0.01875183812273118,0.0295602256817127,3363.28125,0.0010469215207430194,0.0023815681201764336,0.006510047252355772,1.7563387349835425e-05,Ball Fault,0,0.007,118,14
0.013567378348771206,0.13810243271487277,0.018888208166507256,0.13743437767351827,0.5193051097804391,0.9754229540918163,3.760289370518186,0.11850337918858855,0.0038264168954026995,3263.671875,0.0010008773890686354,0.0019622588363806433,0.006650267599696818,1.4774019182004107e-05,Ball Fault,0,0.007,118,15
0.013239018272049652,0.14109001204994615,0.01973111989544629,0.14046750476692568,0.5920760479041917,1.0158693013972058,4.1964419685115315,0.07870361428788142,0.005133815857231931,3445.3125,0.001150694520935813,0.0019627217921981636,0.006912515037967148,1.4900593369541281e-05,Ball Fault,0,0.007,118,16
0.013622898168506736,0.1352014138687464,0.01809383895759855,0.1345133411881459,0.4954271457085829,0.9578799600798403,3.6643636448176777,0.1190712300556287,0.022728710647701975,3263.671875,0.0010643430620082095,0.0022659919372954597,0.0058842257546752545,1.7942331238395025e-05,Ball Fault,0,0.007,118,17
0.013261067571887475,0.1427358711969291,0.02019767301320017,0.1421185174887501,0.44929556886227545,0.856358003992016,3.147741104563643,-0.22999081726743587,0.007152173933699921,3263.671875,0.0009755176791928668,0.001933020061063148,0.007350492683912602,1.5662206571362683e-05,Ball Fault,0,0.007,118,18
0.01373996567412051,0.1357662148420748,0.018243678435818395,0.1350691616758555,0.4756100598802395,0.9279918962075848,3.5031547460719588,0.027219141642850442,-0.002126705629148096,3363.28125,0.0009846286296935265,0.002062909228671979,0.006246473725356147,1.6615330847390624e-05,Ball Fault,0,0.007,118,19
0.013476960356630489,0.14248127984154618,0.020119286644830807,0.14184247123069593,0.46423960079840315,0.9078499401197604,3.2582497947427567,-0.2395230522677858,-0.047336576709975466,3345.703125,0.0009654268682977856,0.001973006508766577,0.007288159731248805,1.467879662460461e-05,Ball Fault,0,0.007,118,20
0.013357275488086327,0.1395187348201296,0.01928706055734502,0.13887786201315536,0.46423960079840315,0.8695152495009979,3.3274355691148596,-0.17813804331905736,0.01755209403722226,3445.3125,0.0010074295344238077,0.0018912578847269498,0.0069087941428231615,1.4466095970125157e-05,Ball Fault,0,0.007,118,21
0.013100139408682635,0.13995233614674293,0.01941504274040401,0.13933787259896,0.4419859880239521,0.8756877844311377,3.1581179721110235,-0.22921681465735855,-0.028671231250008533,3380.859375,0.0011497260110406194,0.0022044755077721256,0.006510195942591472,1.4738006002774126e-05,Ball Fault,0,0.007,118,22
0.012631790072199351,0.1283546958430802,0.016315365824541517,0.12773161638584832,0.4423108582834331,0.8586320958083832,3.446004490744767,0.018733806536017195,-0.04081873892696068,3228.515625,0.0009582163274368714,0.0016930847843472144,0.005648394630913337,1.7556739846820797e-05,Ball Fault,0,0.007,118,23
0.012790180186501996,0.14070881603491817,0.019635382200745254,0.14012630802510018,0.6070200798403194,1.0423462275449102,4.3140159724582,-0.09442032937894451,-0.036727142151970926,3357.421875,0.001020084635992432,0.001789614702448098,0.007158915869466967,1.2664710485108056e-05,Ball Fault,0,0.007,118,24
0.012164075247941617,0.1347950739377463,0.01802174723124491,0.13424510133053238,0.5297009580838323,1.000925269461078,3.9296759340661747,0.08927596289730477,-0.05347523051712843,3445.3125,0.0008815514384317544,0.001962255574813718,0.006298855943039914,1.617764781383741e-05,Ball Fault,0,0.007,118,25
0.012230619717596057,0.13896717014160873,0.019162286318490377,0.13842791018609787,0.5386348902195609,1.0563156487025949,3.8759866065538167,0.14525048558997167,-0.029175676446105258,3228.515625,0.0009207296569323658,0.0018967264288571898,0.006902013395484932,1.1261816164933701e-05,Ball Fault,0,0.007,118,26
0.012287249933726298,0.14612370999340446,0.02120116211130271,0.14560618843752043,0.5495180439121756,1.0348742115768463,3.7606357239148873,-0.06913642150511867,-0.0071574778862349645,3263.671875,0.0011382213334806296,0.002095002286193534,0.007506997090616036,1.1337896228846148e-05,Ball Fault,0,0.007,118,27
0.012220705464071857,0.13637903131454207,0.018449894540253253,0.13583038886881407,0.4346764071856287,0.8519722554890219,3.1872671553378256,-0.02653571074911909,-0.004840597368009191,3263.671875,0.0009082487956452409,0.0016466763475377275,0.0068068778702782854,1.249005094027243e-05,Ball Fault,0,0.007,118,28
0.012334679722586077,0.13675633291955772,0.01855015026974613,0.136198936375238,0.43288962075848303,0.8464494610778444,3.1654082229092504,0.04086984208214561,-0.02072334332383382,3363.28125,0.0009551206971948566,0.002112111590116508,0.006347617744682712,1.236967509834022e-05,Ball Fault,0,0.007,118,29
0.012012982024232784,0.13646066330446915,0.018477200892381154,0.1359308680630752,0.4644020359281437,0.8714644710578843,3.4031934528412506,-0.14543506283000873,0.004296817877274933,3234.375,0.0010040669136980474,0.0020752275577047043,0.006289951321542199,1.3666444337647925e-05,Ball Fault,0,0.007,118,30
0.012041852330495258,0.1355663551913864,0.018233230452327685,0.13503047971598,0.4699248303393213,0.9388750499001997,3.4663824197080673,-0.0599467894093233,-0.015776750977702748,3445.3125,0.0008764596818959961,0.0020251460661789306,0.006345290040863246,1.4728130617235114e-05,Ball Fault,0,0.007,118,31
0.011745376493107536,0.13137762324500712,0.017122126020542194,0.130851541911214,0.4405240718562874,0.8542463473053892,3.3531134220227954,-0.23297737631246695,-0.036158593781281195,3263.671875,0.0009390421553875985,0.0015877681897895036,0.006154686157308857,1.7523591685969e-05,Ball Fault,0,0.007,118,32
0.012149640094810378,0.13297617486128857,0.01753504932630657,0.13241997329068816,0.44848339321357283,0.8815354491017964,3.372659754135651,-0.0675233056892579,-0.03326484091782868,3445.3125,0.0009626835692280447,0.001479160762291218,0.0064593750515816156,1.3919654549033384e-05,Ball Fault,0,0.007,118,33
0.012013695850486526,0.14257068358631364,0.02018207093028076,0.14206361578631158,0.5790812375249501,1.0493309381237526,4.0617132706274,-0.10848735246750962,-0.01566730881922825,3445.3125,0.0009935946878682589,0.001882820638088391,0.0073435293410368295,1.5423575507885195e-05,Ball Fault,0,0.007,118,34
0.01172396170549526,0.13022861200730393,0.016822040107276982,0.12969980766090974,0.4598538522954092,0.9003779241516966,3.5311276470459356,-0.03558994989944608,-0.0347298707704409,3281.25,0.001020519805394177,0.0019520679348000035,0.005561378747545782,1.4506984779419352e-05,Ball Fault,0,0.007,118,35
0.011509100003118762,0.1344627376215165,0.017947768425791,0.13396928164990285,0.48535616766467066,0.8977789620758483,3.609596057986289,-0.0653160684877303,0.04616377488449058,3263.671875,0.000980824017170855,0.001762839255492166,0.006349915036250266,1.2765436343971449e-05,Ball Fault,0,0.007,118,36
0.011570885631081586,0.1440228388562654,0.020608692717930224,0.14355728026794817,0.5105336127744511,0.9876055888223553,3.5448100928212014,-0.1519293088545015,0.03446259775848466,3363.28125,0.000886599532846243,0.0018749162316060747,0.007659829404214803,1.689069383476672e-05,Ball Fault,0,0.007,118,37
0.011815014209861526,0.1448647565978211,0.020846203143366725,0.1443821427440621,0.49136626746506984,0.908986986027944,3.391896545473921,-0.14322981467217355,-0.0052548133233633245,3445.3125,0.0009027261610385564,0.002115376278438265,0.007529126920031201,1.5467916634876935e-05,Ball Fault,0,0.007,118,38
0.011555736651696607,0.13442682267904196,0.01793703560601922,0.1339292186418603,0.5160564071856288,0.9824076646706588,3.838939260044606,0.32424566263415366,0.01214656490531151,3263.671875,0.0008565797253464696,0.002096025736421425,0.006130524674813633,1.8928845714535192e-05,Ball Fault,0,0.007,118,39
0.011565016392995259,0.13756549799257753,0.0187905166337756,0.13707850536745578,0.4661888223552894,0.9210071856287425,3.3888498872038615,-0.034292749310617765,0.057266093982339485,3416.015625,0.0009008618627534447,0.001839816632729356,0.0067731096580479445,1.5220195802331639e-05,Ball Fault,0,0.007,118,40
0.011194143997161926,0.14167347391096966,0.019946064350173,0.14123053618170894,0.4523818363273453,0.8722766467065868,3.1931301170156297,-0.127832317436972,0.02580234410159004,3445.3125,0.0009274313187133274,0.0018044717548285232,0.0073535756976201945,1.286377430845983e-05,Ball Fault,0,0.007,118,41
0.011044716368045158,0.14273626364823203,0.02025165520060703,0.142308310370853,0.5391221956087824,1.0410467465069861,3.7770513381058377,0.0122857665737377,-0.009212122479553124,3263.671875,0.0008853516414941251,0.0019123938651205584,0.007434628140674307,1.5439957502868326e-05,Ball Fault,0,0.007,118,42
0.011026791397673404,0.13482051681620386,0.0180549816260605,0.13436882683889334,0.44166111776447103,0.8284191616766468,3.2759191864437986,-0.15800504352812927,-0.02234686449699245,3445.3125,0.0008400045873927055,0.0016984571122345686,0.006593141406382976,1.748534359487188e-05,Ball Fault,0,0.007,118,43
0.011216431239084331,0.14143149593341056,0.019877059712221225,0.14098602665591092,0.47187405189620757,0.9346517365269461,3.336414203795013,-0.10964526222342652,-0.00484791994791775,3363.28125,0.0007704309288970509,0.0017624548475299114,0.007514452106640273,1.7002839213382788e-05,Ball Fault,0,0.007,118,44
0.01092177962434506,0.14284883574745824,0.02028650460424155,0.1424307010592925,0.5313253093812376,1.0550161676646708,3.7194934533492803,-0.06151854224858022,0.010529589504738987,3263.671875,0.0007745553160663411,0.0017985105619821662,0.0076711756401624445,1.8301727193553244e-05,Ball Fault,0,0.007,118,45
0.011217303693394461,0.14026102382668065,0.019547326902758837,0.13981175523810163,0.4460468662674651,0.8581447904191617,3.1801198515322504,-0.26831909281640876,0.026437324928203706,3445.3125,0.0009705890072111097,0.0016607210039145234,0.0072545698859820575,1.3612019217245577e-05,Ball Fault,0,0.007,118,46
0.011094287635666167,0.13410401519101736,0.01786080367220972,0.13364431777000368,0.4720364870259481,0.9400120958083833,3.519928067430201,0.02379268520011557,-0.03153160755298695,3445.3125,0.0008675636331233101,0.001541766552575732,0.006626486283537885,1.767460980478863e-05,Ball Fault,0,0.007,118,47
0.011074300500561378,0.14079083089368563,0.019699417932157647,0.1403546149300323,0.5576398003992016,1.1024472255489022,3.9607678771374544,-0.07486336326186116,-0.012723702639811308,3263.671875,0.0009001007247926051,0.0015961305557755617,0.007460594507206536,1.552449566806333e-05,Ball Fault,0,0.007,118,48
0.011258705616111527,0.1416210655848319,0.019929767765232993,0.14117282941569526,0.565923992015968,1.0480314570858282,3.996043877222319,0.281371122021838,0.056310120168891815,3263.671875,0.0010279354747349844,0.001813040852491959,0.007237720638153312,1.2947377385898103e-05,Ball Fault,0,0.007,118,49
0.011286941410148453,0.14142008241618653,0.01987224466420487,0.14096894929098702,0.49429009980039923,0.9585297005988024,3.4951902965644446,0.028116308933592737,-0.02757219978384218,3380.859375,0.00082691768659832,0.0019331133169399508,0.007284635375173069,1.8854688942471946e-05,Ball Fault,0,0.007,118,50
0.011436289725237025,0.1507245474886011,0.022587100492964002,0.15029005453776376,0.5582895409181636,1.0628130538922156,3.7040385937160343,0.11446466579485959,-0.013797888607634111,3234.375,0.0008642891917949799,0.0019414898009808713,0.008601861412060258,1.670023131462016e-05,Ball Fault,0,0.007,118,51
0.011240859959767965,0.14611046621510165,0.021221911404959243,0.14567742242694728,0.5313253093812376,0.9776970459081837,3.636463034749532,-0.01008350160224225,0.013031733109902754,3263.671875,0.0008874112825916584,0.0020754386439417118,0.007759976342267654,1.4486947890319611e-05,Ball Fault,0,0.007,118,52
0.011469442989021956,0.14666745463805192,0.02137979412752659,0.14621830982310866,0.4900667864271457,0.9759102594810379,3.3413465014207797,-0.08690184992659811,0.009948172750927149,3263.671875,0.0008762773616007958,0.0018599951611773407,0.008067042072891401,1.8132002523178506e-05,Ball Fault,0,0.007,118,53
0.011321680954497256,0.13580721372554613,0.01831541884026074,0.1353344702589135,0.5191426746506986,0.9820827944111776,3.8226443235912204,0.019728672972771477,-0.028366377483525308,3339.84375,0.0009396266273270653,0.0018871637636455317,0.00644417010936424,1.4929817039405545e-05,Ball Fault,0,0.007,118,54
0.010648860053330838,0.13677957559172182,0.018595254078616123,0.1363644164678459,0.483894251497006,0.9047636726546906,3.5377668734797,0.14729918144253062,-0.03482891808604626,3263.671875,0.0009809826205727323,0.0017965672968561432,0.006620439209901224,1.3036192313576227e-05,Ball Fault,0,0.007,118,55
0.010890291955152195,0.1374481422245654,0.018773393342115897,0.13701603315713054,0.45303157684630735,0.886083632734531,3.296018189217398,-0.12343003474892145,-0.03507862702004557,3445.3125,0.0008962175857142617,0.0017871436000451704,0.006803122324083214,1.8817117174792065e-05,Ball Fault,0,0.007,118,56
0.010140377818581587,0.146009613713724,0.021215980034527317,0.1456570631123919,0.4931530538922156,0.9776970459081836,3.3775382411402286,0.08500583415777241,0.0007009827464515018,3263.671875,0.0008076051320247553,0.0020899375641250653,0.007799736147417228,1.3538480541599488e-05,Ball Fault,0,0.007,118,57
0.009987143116111527,0.14412155178075742,0.020671278660071842,0.14377509749630443,0.522391377245509,0.9676260678642714,3.6246582887213736,0.11442162773885256,-0.05041647864249724,3363.28125,0.0009776772557576923,0.0019284920748864195,0.00751161536374685,1.7603907685204465e-05,Ball Fault,0,0.007,118,58
0.004635111807634731,0.13495217364429252,0.018190604909850003,0.13487255061668404,0.4432854690618762,0.8526219960079839,3.284759756669721,-0.15026629550702975,-0.015451231873725567,3369.140625,0.0006222642157689192,0.001708583131107817,0.0067637564207397305,2.2196714321825197e-05,Ball Fault,1,0.007,119,0
0.004537238296843812,0.14361799104433334,0.020605540820247865,0.14354630200826443,0.4769095409181637,0.9054134131736526,3.320681047341393,-0.15635419608480872,0.0350575344408141,3369.140625,0.0005829122210798381,0.0018476684508228769,0.007878748898655653,1.402930424078928e-05,Ball Fault,1,0.007,119,1
0.0042083230219249,0.13707641380362942,0.01877223323860698,0.13701179963275784,0.427854131736527,0.8419012774451098,3.1212819176131563,-0.054066701648733506,0.034232157656320844,3369.140625,0.0005855435522170295,0.001910531017012956,0.006893036223798177,1.471597100931898e-05,Ball Fault,1,0.007,119,2
0.00411457384060005,0.13548998125073516,0.01834060530143481,0.13542749093679174,0.5037113373253493,0.9244183233532934,3.7177017272826305,0.16331381892888164,0.021372086563776597,3369.140625,0.0006217877183316743,0.0018996095730183329,0.0066493345705061005,1.6502860186188296e-05,Ball Fault,1,0.007,119,3
0.004068254448134981,0.14134187120821282,0.019960973862384247,0.14128331062933175,0.5152442315369261,1.0301635928143713,3.645375762557382,0.30230638775470453,0.017349605798170922,3369.140625,0.0005805855877422255,0.002004621305626769,0.007397673884120406,1.415806876196896e-05,Ball Fault,1,0.007,119,4
0.0037958900753181143,0.13486844477693516,0.018175088615085308,0.13481501628188644,0.4288287425149701,0.8518098203592814,3.179607677868821,-0.1936858621179094,-0.009266043880107386,3480.46875,0.000612802900003625,0.00185154589522899,0.006621739126490018,1.587365801616986e-05,Ball Fault,1,0.007,119,5
0.003995126914140469,0.13358939977901665,0.017830166694257844,0.13352964724830904,0.46277768463073854,0.9214944910179641,3.4641796833900336,0.10059761027964331,-0.011551654443838249,3375.0,0.0006001346219880852,0.0018129424961859661,0.006501827676078352,1.6141722378478297e-05,Ball Fault,1,0.007,119,6
0.0035213049097118252,0.14257249932171367,0.020314517974572885,0.14252900748469724,0.497051497005988,0.9877680239520958,3.486306962217134,0.044114738241639806,0.007711635342600996,3216.796875,0.0005831198562791572,0.0020445616852482144,0.007529062544558423,1.2915948161965887e-05,Ball Fault,1,0.007,119,7
0.0037778857909181642,0.1396243555264556,0.01948068823512885,0.13957323609893427,0.4991631536926148,0.9595043113772456,3.5750435646453878,0.04081390575363342,-0.00822188433877816,3375.0,0.0006849636510729586,0.0019786578655832474,0.007077086723782982,1.3909857063978212e-05,Ball Fault,1,0.007,119,8
0.003599032657341567,0.14431789540075785,0.020814701896835475,0.14427301167174503,0.6396695409181637,1.2310958483033931,4.432364670658887,0.09894944533378514,0.015747853666293533,3375.0,0.0006014755917626997,0.001961204955619506,0.00784273454492069,1.4891537080003792e-05,Ball Fault,1,0.007,119,9
0.0034252556215693614,0.1366149121571339,0.01865190184762832,0.13657196581886166,0.5074473453093812,1.006285628742515,3.714435981378939,0.2027536799348324,0.033670204705563166,3216.796875,0.0005633375477994867,0.0020060164367431375,0.006754631177327662,1.3698216537671383e-05,Ball Fault,1,0.007,119,10
0.0035695278388535438,0.1410029842485486,0.019869100038004094,0.14095779523674487,0.5233659880239522,1.0436457085828343,3.711736959420697,0.06877470110119832,0.00798902414153959,3375.0,0.0006928786884347821,0.0019460351528824281,0.007294954739323713,1.3423801580924441e-05,Ball Fault,1,0.007,119,11
0.003206904101952346,0.13419292917923709,0.01799745800778462,0.13415460486984643,0.46976239520958085,0.9343268662674651,3.500649386542078,-0.028346972100796286,0.03963919796745135,3375.0,0.0005881876856561164,0.00192170953274723,0.006485406838865072,1.3709843210082121e-05,Ball Fault,1,0.007,119,12
0.0033099330245758484,0.13437554534345456,0.01804583152972363,0.13433477408967356,0.5298633932135728,0.9252304990019959,3.943153435093259,0.032739029258090024,0.023257596955814926,3216.796875,0.0005086914361082158,0.0020614068682934528,0.00644798784306094,1.5785668190008883e-05,Ball Fault,1,0.007,119,13
0.0031998451534431135,0.1342478004702765,0.01801223292210116,0.1342096603158698,0.4523818363273453,0.8802359680638723,3.369752314321947,-0.18360629525027683,0.022291268788559426,3369.140625,0.0006787664655229977,0.0019485915539404484,0.00637358435789669,1.5415136033944736e-05,Ball Fault,1,0.007,119,14
0.0035783316959830335,0.13153332571750542,0.017288211316580898,0.1314846428925481,0.45351888223552894,0.8747131736526946,3.447938990074295,-0.08767254522843038,0.028327102545194376,3316.40625,0.0006297086784595548,0.0016043921309594875,0.006406159061414265,1.6650575370669486e-05,Ball Fault,1,0.007,119,15
0.0034482566897455083,0.13734767899032357,0.018852494449830594,0.13730438612743073,0.4905540918163673,0.9236061477045908,3.5716227272462886,-0.005074893622511123,0.0800238652140798,3316.40625,0.0005960830846383021,0.0017136559570156502,0.007111680507616706,1.671892990426417e-05,Ball Fault,1,0.007,119,16
0.003454443183944611,0.14346147675073437,0.020569262133790393,0.14341988053889318,0.4434479041916167,0.853271736526946,3.0910591068437943,-0.26486831785748777,0.041962874682938314,3316.40625,0.0006518590226070489,0.0020945806528662203,0.007534961287211674,1.5163994583882405e-05,Ball Fault,1,0.007,119,17
0.0034730819805701093,0.13892306374582689,0.019287555342083325,0.13887964336821768,0.4549807984031936,0.8693528143712574,3.2750558916237607,-0.11255055687750559,0.01515879086489151,3386.71875,0.0005926051677683125,0.002255225580714534,0.0067921431228352295,1.5867843919411e-05,Ball Fault,1,0.007,119,18
0.0038077078655189625,0.13735006114630038,0.01885054065770332,0.13729727112256573,0.48503129740518963,0.8868958083832336,3.531351157452719,0.010285924589056084,0.043368143744533884,3375.0,0.0006340092527877934,0.0016419301659121803,0.007147392918189224,1.644416838443953e-05,Ball Fault,1,0.007,119,19
0.0038585481575910676,0.13943281501585972,0.01942662150936251,0.1393794156587066,0.6596490618762475,1.251075369261477,4.730945594128728,0.4020901810505202,-0.0166658570985319,3310.546875,0.0006239179417384436,0.001862834996149441,0.0072265713292753815,1.4877245733094551e-05,Ball Fault,1,0.007,119,20
0.003731090514283932,0.13864460824601552,0.01920840635926533,0.13859439512211644,0.48763025948103794,0.9585297005988024,3.5171238582590307,-0.06430011965764049,0.04057585404902071,3404.296875,0.0005989904558099121,0.002005736310533756,0.006999013223049817,1.4384921474438301e-05,Ball Fault,1,0.007,119,21
0.0038672727006923645,0.13647890285260797,0.01861153512571008,0.1364241002378615,0.4767471057884231,0.9323776447105787,3.4931926900327728,-0.10884404085754529,0.027256261171995283,3480.46875,0.0006425587428730238,0.0019463737624391207,0.006712079393034699,1.9719245299079703e-05,Ball Fault,1,0.007,119,22
0.003979422736558134,0.14285705938884594,0.020392303611912018,0.14280162328178211,0.4975388023952096,0.9736361676646706,3.482773651674764,-0.06298137660942782,0.03999044571192787,3375.0,0.0006390628788385231,0.0018955974972346952,0.007655152860159275,2.2184486889275154e-05,Ball Fault,1,0.007,119,23
0.003945714274575849,0.14398631584595434,0.020716490489754328,0.14393224270383037,0.43987433133732534,0.8332922155688622,3.054973167088536,-0.1407203622058688,0.023909005663191787,3480.46875,0.0005990655834841827,0.0017275060864736555,0.008035194023779344,1.2050692529385161e-05,Ball Fault,1,0.007,119,24
0.00430008935254491,0.14159520572345974,0.02003071151542902,0.1415298961895649,0.5214167664670659,0.9879304590818363,3.6824464769337646,-0.03141664704201741,0.005163243089623286,3480.46875,0.0006385174517004356,0.0018676225982247714,0.007512861729613265,1.4845733000030923e-05,Ball Fault,1,0.007,119,25
0.0036560594436127743,0.14031836979672607,0.01967587813175553,0.1402707315577827,0.5113457884231537,0.9755853892215569,3.644182790634762,-0.04142063774881688,0.04113415950444361,3216.796875,0.0006704419489239077,0.002087870492850322,0.007074626543758876,1.8367844442195506e-05,Ball Fault,1,0.007,119,26
0.003997823591099051,0.1397525653372368,0.01951479692487309,0.13969537188064995,0.509559001996008,1.0181433932135728,3.646151330148335,0.14599425512395747,0.018538090732554552,3375.0,0.0005951017558877282,0.0021611331457188393,0.0070000982460070894,1.705464051419407e-05,Ball Fault,1,0.007,119,27
0.004064050804640719,0.13353467733910543,0.017814993543116293,0.13347281949189616,0.46261524950099797,0.8929059081836327,3.4643828758143993,0.1564417090221517,-0.04637108112061004,3310.546875,0.000627480105667398,0.0019434845797351855,0.006338164645548597,1.4884452806873377e-05,Ball Fault,1,0.007,119,28
0.003942303771363523,0.13627123697211632,0.018554308266884978,0.1362141999458389,0.45969141716566864,0.891119121756487,3.37335616363217,-0.2059709240684926,0.0212608057423882,3369.140625,0.0006444926035566129,0.00185730635854056,0.0067765895726753286,1.430774080338786e-05,Ball Fault,1,0.007,119,29
0.004068809646332335,0.13800105921287417,0.019027737131937113,0.13794106398000963,0.46131576846307387,0.8696776846307386,3.342842229576435,-0.038772987516975554,-0.005394142592325987,3480.46875,0.0006264279049694701,0.0020025749463647375,0.00688737055793612,1.4050584546238158e-05,Ball Fault,1,0.007,119,30
0.003917954364708084,0.14127999212163045,0.019944685807484024,0.1412256556277365,0.513619880239521,1.0064480638722555,3.6354750062368106,-0.0005145116780798098,-0.026443210063518487,3480.46875,0.0006458386651759223,0.0019529804577820857,0.007369433888011158,1.9449456516745884e-05,Ball Fault,1,0.007,119,31
0.004080865378617765,0.14656197631991064,0.021463759440559643,0.14650515158368885,0.4819450299401198,0.9460221956087824,3.2883360475990453,-0.16306623649382113,0.052845135272900995,3375.0,0.0005921572787633783,0.001716916668956275,0.0084271071232819,1.2352260996642428e-05,Ball Fault,1,0.007,119,32
0.003918906133046407,0.12939473007593472,0.016727638346144377,0.12933537159703984,0.5470815169660679,0.9905294211576846,4.2280046231018495,0.04369824036796066,0.019342608160678773,3480.46875,0.0006754356002348108,0.001880850010296371,0.005808261250861254,1.4630373100242684e-05,Ball Fault,1,0.007,119,33
0.0038955878087574853,0.14236756678996143,0.02025334846931839,0.1423142595431617,0.488604870259481,0.964377365269461,3.4319956523548125,0.0018312261154482812,-0.01963733715950915,3404.296875,0.0006097980730593805,0.0021504103213997815,0.007366233443859949,1.540818188841825e-05,Ball Fault,1,0.007,119,34
0.0038717142862712073,0.1446019536643899,0.02089473483204385,0.1445501118368431,0.45611784431137725,0.8615559281437126,3.154299321363195,-0.30559304486512495,-0.03704025520653328,3369.140625,0.0005540447245525658,0.002107240885769191,0.0077857836190474245,1.5294496675330922e-05,Ball Fault,1,0.007,119,35
0.0039060572604790417,0.14223204091318584,0.020214696179008024,0.1421783956127232,0.5193051097804391,1.032275249500998,3.651111988876032,-0.05862828334604009,0.007193878288764371,3480.46875,0.0006849624439848794,0.002158420565330907,0.0072637018937088925,1.55226262082744e-05,Ball Fault,1,0.007,119,36
0.003811435624844061,0.1344380186014293,0.01805905380395592,0.13438397897054516,0.4172958483033932,0.8185106187624751,3.104001774531931,-0.20414424569546696,0.04481691840575728,3375.0,0.0005948213835029865,0.0018636600738939368,0.006566771753631049,1.8810754289127894e-05,Ball Fault,1,0.007,119,37
0.003859658553985778,0.1416677814027174,0.02005486332341477,0.1416151945358081,0.47820902195608783,0.9460221956087824,3.3755665347556225,-0.04125142395102399,0.0011200415647945234,3480.46875,0.0006053866365019968,0.002056863890162995,0.007365703116974258,1.437873981972394e-05,Ball Fault,1,0.007,119,38
0.004000916838198604,0.1358785406308933,0.018446970468435145,0.13581962475443357,0.5285639121756487,0.9699001596806387,3.8899734256895204,-0.08600180569041349,-0.023390307258802336,3480.46875,0.0006998343802780695,0.0015934919990251528,0.006932059111638443,1.4108934029450778e-05,Ball Fault,1,0.007,119,39
0.003708010132079591,0.14047125318269535,0.019718423631577293,0.14042230460855318,0.5238532934131735,0.9994633532934131,3.729256211104316,0.07110077122100789,0.02535812927636957,3392.578125,0.0006398460708274983,0.0017974798112779362,0.007418586654984743,1.705293088128551e-05,Ball Fault,1,0.007,119,40
0.003979026166417166,0.14767654486094653,0.02179252925283412,0.1476229292922821,0.562187984031936,1.0475441516966066,3.806887441477568,0.01745102453914882,-0.028389354719908406,3386.71875,0.0006242402832573721,0.0022875145593719407,0.00798639521689053,1.3948713634971743e-05,Ball Fault,1,0.007,119,41
0.003774237345621258,0.1432162023225631,0.02049663574015624,0.1431664616457229,0.4881175648702595,0.9439105389221556,3.4082565865758796,0.09127164686923983,-0.0035881944111853226,3398.4375,0.0006991640886590497,0.00195665059472784,0.007591479940979184,1.5269789414159572e-05,Ball Fault,1,0.007,119,42
0.004107911462231786,0.13984025063310226,0.019538420760547327,0.13977990113227054,0.4821074650698603,0.9507328143712575,3.4475586455773866,-0.00866081754933834,-0.00027884886051517577,3480.46875,0.0006310043681654355,0.0016939008712434271,0.007445588866052947,1.5591290911172146e-05,Ball Fault,1,0.007,119,43
0.0037532191281499498,0.13616896035697917,0.018527899110876656,0.13611722562143505,0.47918363273453096,0.9072001996007983,3.5190371688107773,-0.08837921053315823,-0.009913986366141202,3398.4375,0.0006117314852020602,0.0017550919709716517,0.006897606402005672,1.3606898025929537e-05,Ball Fault,1,0.007,119,44
0.00390685040076098,0.13834254687164182,0.019123396794878494,0.1382873703375637,0.5214167664670659,1.0368234331337325,3.7690267980309144,-0.17944817411907676,-0.0208499670931911,3392.578125,0.0006501226496488856,0.0019976680685233395,0.006913876841401968,1.5294505180985158e-05,Ball Fault,1,0.007,119,45
0.003927313420034929,0.13442590645136715,0.018054900534572527,0.134368525088923,0.46294011976047905,0.8678908982035929,3.4438311184307495,-0.029557627320354385,-0.025962040267034234,3386.71875,0.0006737266218661892,0.0019186005407660352,0.006434385511956078,1.616151429434678e-05,Ball Fault,1,0.007,119,46
0.004045887892184381,0.13430849247797333,0.01802240194286969,0.13424753980192594,0.43808754491017965,0.8581447904191617,3.2618007754202605,-0.1527051136370723,-0.06121966056726521,3480.46875,0.0006266241772117654,0.0019435947009738387,0.00644248460757273,1.4867490316398199e-05,Ball Fault,1,0.007,119,47
0.004373296200567615,0.1434095421248577,0.020547171052803435,0.14334284444227913,0.47642223552894214,0.9445602794411178,3.322109731820712,-0.05697181609416058,0.035323035492920894,3310.546875,0.0006643658964952694,0.002184458845352164,0.007425340697137009,1.8550389386152405e-05,Ball Fault,1,0.007,119,48
0.0037351355297218056,0.13508560407739992,0.018234169191530654,0.13503395569830076,0.4725237924151697,0.933677125748503,3.497958169875955,-0.10462153077882475,-0.01979833228337353,3310.546875,0.0006098873149178029,0.0016253275162956037,0.006880762753330046,1.5058476248479213e-05,Ball Fault,1,0.007,119,49
0.0041243294660678635,0.13595251901767472,0.018466077333706532,0.13588994566820067,0.42460542914171656,0.8308556886227545,3.1231891266870537,-0.17729038036161437,-0.017296023625123433,3386.71875,0.0006525731435438708,0.001621185962039646,0.006961412375830532,1.4879562211508894e-05,Ball Fault,1,0.007,119,50
0.004173583477576098,0.14140534702630286,0.01997805336858485,0.14134374187980467,0.4288287425149701,0.8331297804391218,3.0326204173538325,-0.23039811810890143,-0.009274779678546197,3357.421875,0.0006569717768669082,0.0017095552913929972,0.007626648319622476,1.3270561674958758e-05,Ball Fault,1,0.007,119,51
0.004271060418226048,0.14009661467587775,0.019608819486545227,0.14003149462369252,0.4968890618762475,0.9242558882235529,3.546759948667077,0.011198866915756778,0.000207072767112292,3480.46875,0.000648295383871724,0.0021301794319134246,0.007021493115911996,2.269617457821114e-05,Ball Fault,1,0.007,119,52
0.004031611367109531,0.1442290000291636,0.02078575055919707,0.14417264150731604,0.4861683433133732,0.9172711776447106,3.370808528209086,-0.3255648717892954,0.023296867973483393,3216.796875,0.0006108596338111539,0.0018982447682790993,0.00788209478082496,1.7933291489984703e-05,Ball Fault,1,0.007,119,53
0.003907009028817365,0.13781686111222496,0.018978222487275043,0.1377614695307619,0.46456447105788423,0.8713020359281437,3.370882686695259,-0.15301154370876136,-0.05156213818599165,3216.796875,0.00069135907234811,0.0017973871297858358,0.006999668769816337,1.596294432938686e-05,Ball Fault,1,0.007,119,54
0.004193649926709082,0.14520671689067072,0.021067403930459604,0.1451461467985272,0.4866556487025948,0.9288040718562874,3.3514678874601125,-0.18763478800820277,0.03977201199144698,3392.578125,0.0006363394959260525,0.0021127466173636953,0.0077837043189682925,1.850636551729225e-05,Ball Fault,1,0.007,119,55
0.004063178350330588,0.14036120775713834,0.019684759224735955,0.14030238495740532,0.4234683832335329,0.8261450698602795,3.016990164164476,-0.2155793058162554,0.02172229152243375,3216.796875,0.0006273491155165605,0.0020088258144764742,0.0072034669137699845,1.9250091715290683e-05,Ball Fault,1,0.007,119,56
0.004090383062000998,0.1358422749512932,0.018436392430348832,0.13578067767671817,0.5292136526946108,1.0442954491017966,3.8957949790252155,0.23451057092469796,-0.015422893108747922,3480.46875,0.0006135521981346082,0.001802384120396134,0.0068027419330401705,1.6252586144010705e-05,Ball Fault,1,0.007,119,57
0.0041639071661364775,0.1412341781402119,0.019929754952052917,0.14117278403450473,0.45091992015968063,0.8929059081836328,3.192711042733753,-0.10366746217041145,-0.05098098017490929,3480.46875,0.0006392790762798846,0.0016990750562266134,0.0076185472631678935,2.5327126661983422e-05,Ball Fault,1,0.007,119,58
0.005036520104322605,0.1404624654669466,0.019704337670291915,0.14037213993628478,0.4385748502994012,0.8537590419161676,3.1223633220549294,-0.27235241445635383,0.008151046979333007,3433.59375,0.000701709612042541,0.0017012702479324337,0.007454509102621292,2.0048375301383678e-05,Ball Fault,2,0.007,120,0
0.004794770946388474,0.14651500366145623,0.021443656469488197,0.14643652710129462,0.4712243113772455,0.8945302594810379,3.2162188144640558,-0.3752515255848543,-0.056849792865512956,3433.59375,0.0006626625606207717,0.001590884983323979,0.008474209982674116,1.706075743629464e-05,Ball Fault,2,0.007,120,1
0.004953478316803893,0.14326114303125576,0.02049921815518687,0.14317548028620986,0.45465592814371253,0.8737385628742514,3.173616505660008,-0.15030293523093086,-0.014547120700817123,3433.59375,0.0007640486297653603,0.001493078299995941,0.007996811858399167,2.0209841538587546e-05,Ball Fault,2,0.007,120,2
0.004746389389190369,0.14662926857148756,0.021477614189575618,0.14655242812582675,0.46553908183632736,0.8737385628742516,3.1749396718115572,-0.37652885166584094,0.012678757156876162,3433.59375,0.0005954620598233403,0.0016442129998218396,0.00850027962610559,2.1383220220025546e-05,Ball Fault,2,0.007,120,3
0.004794612318332086,0.14489842127339964,0.02097256418024049,0.1448190739517433,0.49965045908183636,0.8977789620758483,3.4482809038966518,-0.2301598689245754,0.03258039780290051,3433.59375,0.0007124640651501511,0.001557914825570429,0.008215836967238052,2.3056838779703745e-05,Ball Fault,2,0.007,120,4
0.004713949951659182,0.14492119553720725,0.020979931591786714,0.144844508324571,0.4661888223552894,0.9292913772455089,3.216843613711422,-0.322856341243849,-0.02133964242250527,3433.59375,0.0006898012313328636,0.0017096671000256427,0.008087040580815667,2.56818494853962e-05,Ball Fault,2,0.007,120,5
0.004643360466566866,0.15012955718948467,0.022517323145488273,0.15005773270807563,0.4658639520958084,0.8997281836327344,3.1030795055754568,-0.19029873449932166,0.023039973290242363,3433.59375,0.0006899391948196672,0.0016508308083755616,0.008920681660569502,1.8770992271070006e-05,Ball Fault,2,0.007,120,6
0.004802781663236028,0.14737752049710393,0.021697066836169572,0.14729924248335283,0.4824323353293413,0.9011900998003992,3.273445866792293,-0.33682101859479685,-0.027347359390246444,3433.59375,0.0007731027326659484,0.0018962070947967623,0.00818202636277349,2.027081053651003e-05,Ball Fault,2,0.007,120,7
0.004458558780875748,0.14740866959221507,0.02170943712454431,0.14734122683262926,0.45173209580838325,0.8615559281437126,3.064487977932609,-0.3155005263536652,-0.012745584115609835,3433.59375,0.0006903268538708387,0.0017458365780265717,0.008416215113948565,2.222693617865126e-05,Ball Fault,2,0.007,120,8
0.005137645490269462,0.14483817711514665,0.020951702148854907,0.14474702811752269,0.43581345309381236,0.8615559281437126,3.008968089589665,-0.3677631624382318,0.06659754305696612,3433.59375,0.0007201779087937859,0.0014463799154653145,0.008315439957234353,2.0249730437504314e-05,Ball Fault,2,0.007,120,9
0.0048637741509169165,0.14644606883573316,0.021422794778449168,0.14636527859587864,0.5667361676646706,1.117716127744511,3.8699309047371693,0.14937990699165082,0.0016139517014371488,3433.59375,0.0007312036135917134,0.0017926873088650649,0.008192895465282042,1.826730478288512e-05,Ball Fault,2,0.007,120,10
0.00515564977466941,0.14656684089067845,0.0214552581240744,0.14647613499841672,0.5581271057884232,1.0524172055888223,3.808003927741883,-0.012981286969743433,-0.005273606528739767,3433.59375,0.0006702917623977515,0.0015848943941094073,0.008478104384738089,2.0923412363807827e-05,Ball Fault,2,0.007,120,11
0.0045024194384668155,0.14498155875281227,0.02099938059759527,0.14491163030480084,0.466676127744511,0.9062255888223554,3.2188654319834913,-0.19333638951502152,-0.0015162330885768731,3433.59375,0.0007403984987674219,0.0017896205189269767,0.007968675887173529,2.126730950501559e-05,Ball Fault,2,0.007,120,12
0.004842835247473802,0.14697571392603742,0.021578407430834216,0.14689590678720157,0.47642223552894214,0.9133727345309381,3.2415031218606094,-0.38538950818707596,0.05683580560889671,3433.59375,0.0006672760605174013,0.0019272379819661072,0.008199002823227235,1.9140655061578978e-05,Ball Fault,2,0.007,120,13
0.004660254354572106,0.15481097060654445,0.023944718649491062,0.15474081119566055,0.4700872654690619,0.9322152095808384,3.0365242439038718,-0.2757496272089859,0.025463857829946836,3433.59375,0.0007299513742518395,0.0017513788542930667,0.009496585692901429,1.616237802526436e-05,Ball Fault,2,0.007,120,14
0.00465375060426023,0.1429550601934608,0.02041449184022935,0.1428792911524597,0.45449349301397207,0.8981038323353294,3.1792753079108005,-0.20766279664205411,0.03921972123963487,3433.59375,0.0007505436889026073,0.001489138615638907,0.007968157110530304,2.107052196840637e-05,Ball Fault,2,0.007,120,15
0.004914931699101796,0.1497568790521165,0.022402966269823417,0.1496762047548755,0.4393870259481038,0.8703274251497006,2.9340022891048223,-0.31564632692639805,0.010707563258570205,3433.59375,0.0006911630811440471,0.001413768528576678,0.009104576893178628,1.613127867144921e-05,Ball Fault,2,0.007,120,16
0.004793184665824601,0.14596664166139692,0.021283285858665957,0.14588792225083597,0.5522794411177645,1.084579361277445,3.7836003817838275,-0.007046292201859483,0.014231069421387703,3433.59375,0.000702085322956374,0.0016877620627300802,0.008258360213364678,1.641002315221757e-05,Ball Fault,2,0.007,120,17
0.004979810574164171,0.15041733883436637,0.02260057730865802,0.1503348838715021,0.5165437125748502,1.0028744910179639,3.4340702779195404,-0.24985845663808925,0.010701485109730067,3433.59375,0.0006913463970948024,0.0018684438596775071,0.008746552992063124,1.8744291057162708e-05,Ball Fault,2,0.007,120,18
0.004609810632640968,0.15167235333054835,0.022983252410757885,0.1516022836594419,0.4518945309381237,0.9033017564870259,2.979412668261854,-0.11054376469424199,0.028961154722713125,3433.59375,0.0006802186690484918,0.0018644536990729487,0.008951913176843133,1.6291113024086367e-05,Ball Fault,2,0.007,120,19
0.004868136422467565,0.14699290364188233,0.02158321496884395,0.14691226963342424,0.5160564071856288,0.9044388023952097,3.5107572841944332,-0.2842718538961533,0.03019971287036451,3433.59375,0.000670635740183011,0.0014309852722320944,0.008697407519726294,1.6279082942396798e-05,Ball Fault,2,0.007,120,20
0.004638760252931636,0.15215517683379276,0.023129679740638568,0.15208444937152046,0.5191426746506986,0.9962146506986028,3.4119290940576144,-0.15669025563182037,0.05774723401335701,3433.59375,0.000667845803407105,0.0017119058692851088,0.00918885556591384,1.7752174267943116e-05,Ball Fault,2,0.007,120,21
0.004834190018400698,0.15074478940832436,0.022700622140626056,0.15066725636523037,0.45286914171656684,0.9037890618762474,3.0042109149781244,-0.2953495306605851,0.007453271729652301,3433.59375,0.0006848880974968928,0.0015280030655617496,0.009140918371117563,1.9873387229341244e-05,Ball Fault,2,0.007,120,22
0.004789536220527694,0.15618737385659817,0.024371556095013017,0.15611392024740464,0.5214167664670659,1.014732255489022,3.3384053626882757,0.00028487615553185464,0.05396432487303095,3433.59375,0.0006674232215043121,0.001591370884774594,0.009936547455474759,1.337629937607499e-05,Ball Fault,2,0.007,120,23
0.004787711997879243,0.1481897742144374,0.0219372869955513,0.14811241337427225,0.5488683033932136,1.0220418363273454,3.703820363468372,-0.16920929136616492,0.06516747096326529,3433.59375,0.0008266882697474348,0.0016695502131119314,0.00847510099520792,2.02322132768445e-05,Ball Fault,2,0.007,120,24
0.004481083964882735,0.14214095262439186,0.020183970299469278,0.14207030055387818,0.4471839121756487,0.8938805189620758,3.1460596254573745,-0.1515529128016313,0.013685152197093329,3433.59375,0.0006979633105182726,0.0015854631802147607,0.00781230122981896,1.6338373673853645e-05,Ball Fault,2,0.007,120,25
0.004595216851453344,0.15477690262412785,0.023934773568006877,0.15470867321519785,0.5303506986027944,0.9898796806387224,3.426549372749362,-0.09492218097390426,-0.010094413162416526,3433.59375,0.0006727268056930301,0.0017591761428122502,0.009542064380024515,1.4535624240018582e-05,Ball Fault,2,0.007,120,26
0.004723071064901447,0.14691701623039924,0.02156230225775928,0.14684107823684517,0.5387973253493015,1.037310738522954,3.667358207876649,0.08918838008254415,0.07788154282336979,3433.59375,0.0006827936837840975,0.0017865016126959745,0.008313544051730369,2.0626727927322188e-05,Ball Fault,2,0.007,120,27
0.004708239341629242,0.14535490123590808,0.021105879795602522,0.14527862814468798,0.5043610778443114,0.9401745309381238,3.4698594512870504,-0.31136201506720695,-0.0029775802876894865,3433.59375,0.0007124239259459996,0.0017118174034418483,0.00812692095927068,2.395674605573882e-05,Ball Fault,2,0.007,120,28
0.004727116080339322,0.15021958937553448,0.02254357940571719,0.1501451944143308,0.6045835528942115,1.1247008383233532,4.024665194516082,-0.11058563148946554,0.05691794014728383,3433.59375,0.0007650113588413806,0.0015854409950834985,0.008927286839187726,1.6396264526160335e-05,Ball Fault,2,0.007,120,29
0.004932698041417166,0.1448819316017161,0.020966442594676546,0.14479793712161976,0.5082595209580839,0.993128383233533,3.5080945935708634,-0.11086414365950992,0.03852617554483392,3357.421875,0.0006262054182213815,0.0015726086438327712,0.008286395320619777,2.234781908664267e-05,Ball Fault,2,0.007,120,30
0.00483006568893463,0.15049796588102812,0.02262630819976768,0.1504204381052245,0.5295385229540919,1.0018998802395211,3.518575947881604,-0.19780763014473024,0.04080402496078642,3433.59375,0.0006667273022378937,0.0016612983131418452,0.008990966804741695,1.7491214774758788e-05,Ball Fault,2,0.007,120,31
0.004715377604166667,0.1474612650258551,0.021722589897075602,0.14738585378887487,0.4916911377245509,0.9404994011976049,3.334374878978153,-0.07941848233984761,0.03643973544859563,3433.59375,0.0007524711894490248,0.0018172042283550144,0.008294694084255953,1.916470155297402e-05,Ball Fault,2,0.007,120,32
0.004631780618450599,0.14497641411608544,0.020996707258261242,0.144902405978166,0.5033864670658682,0.9567429141716566,3.472195599091014,-0.06882525294522424,0.02630799589260826,3433.59375,0.0006845473800641379,0.001707926818484194,0.00810880693900251,1.8525906540296057e-05,Ball Fault,2,0.007,120,33
0.004747896355726048,0.14603061766352213,0.021302398775385062,0.14595341303095677,0.47739684630738527,0.8833222355289422,3.269155838314564,-0.2255730440960515,0.035960832646259086,3433.59375,0.0007546825103759869,0.001629288593368478,0.008273576281824855,1.619678376711419e-05,Ball Fault,2,0.007,120,34
0.004540410857971557,0.14610059796917677,0.021324769396191826,0.14603002909056695,0.5519545708582835,0.9981638722554891,3.777907678206292,-0.10390685755555618,0.02864170620686985,3427.734375,0.0006357252038383315,0.0013844384781994238,0.008644988584710621,1.7847949368729285e-05,Ball Fault,2,0.007,120,35
0.004550642367608533,0.1473937934717514,0.021704222008035436,0.1473235283586279,0.5102087425149701,1.0010877045908184,3.461534780382415,-0.18169433738425056,0.049175560058211935,3433.59375,0.000684529165902305,0.0016439371022093348,0.008529370305119513,1.4983050469179573e-05,Ball Fault,2,0.007,120,36
0.00461996282824975,0.14493607548410017,0.02098512192019837,0.1448624241140482,0.4306155289421158,0.8220841916167665,2.971072091636394,-0.3153307247831445,0.03329659407870243,3433.59375,0.0007310246518769422,0.001731531118551328,0.008035409807325653,1.5940763707410395e-05,Ball Fault,2,0.007,120,37
0.004570946758826098,0.14579395326246208,0.021234983253624953,0.1457222812531596,0.518005628742515,0.954956127744511,3.5529980301034003,-0.10573647096021599,0.08980624023949027,3433.59375,0.0007043962511637809,0.0017950576227965366,0.008116175635482425,2.276186299183552e-05,Ball Fault,2,0.007,120,38
0.004635904947916667,0.14740347275036253,0.021706292164180747,0.1473305540754556,0.4598538522954092,0.9049261077844312,3.1196948329311205,-0.2044022065780049,0.053569099889691135,3433.59375,0.0007178433463476681,0.0018488138696333744,0.008292081607890394,1.5902487499607686e-05,Ball Fault,2,0.007,120,39
0.004352040041011727,0.15402143692316217,0.02370366277935705,0.15395993887812845,0.535548622754491,1.032600119760479,3.477104443725351,-0.06721088908046635,-0.00788625348387847,3433.59375,0.0006468953249167119,0.0018226799764442623,0.009383884502429038,1.7311986518824436e-05,Ball Fault,2,0.007,120,40
0.004399628457927894,0.15662893254716462,0.024513265780296434,0.1565671286710478,0.5129701397205588,0.9807833133732535,3.2750663072168456,0.00454404043472012,0.08981899437189958,3433.59375,0.0007230580984205156,0.0017594807129330966,0.00977579776297045,1.7653674862705526e-05,Ball Fault,2,0.007,120,41
0.004116001493107535,0.14538305827985573,0.021119292166512666,0.14532478166683294,0.45335644710578843,0.9060631536926148,3.11835816683054,-0.31071578919669296,0.01378377819746258,3433.59375,0.0007890425709867946,0.001589452815600488,0.008180006531603052,1.8085668034829772e-05,Ball Fault,2,0.007,120,42
0.004542314394648203,0.14826347610025994,0.02196142572527253,0.14819387883874466,0.5677107784431138,1.070772375249501,3.8290669649429487,-0.1335684120031151,0.07034311812583703,3433.59375,0.0007296173151149797,0.001764587709734906,0.008486103816604054,2.103696332676436e-05,Ball Fault,2,0.007,120,43
0.004176200840506487,0.14370481565200086,0.020633633388115302,0.14364412061798876,0.497051497005988,0.9635651896207584,3.458836746359706,-0.07392336196532012,0.03047879285153246,3433.59375,0.0006861085299306778,0.00173388660435937,0.007893807052972709,2.0461289978228152e-05,Ball Fault,2,0.007,120,44
0.004366475194142964,0.14698813678897305,0.021586446251072783,0.14692326654098317,0.5241781636726547,1.0382853493013973,3.5661256419979206,-0.2285290561779565,0.017747740928294814,3433.59375,0.0006574651997742632,0.0018234295242517161,0.008314946409092782,1.645028056769138e-05,Ball Fault,2,0.007,120,45
0.004192777472398952,0.1419233854448462,0.02012466795319333,0.1418614392750663,0.4847064271457086,0.9353014770459083,3.415268214089169,-0.23296030792002576,0.052823712939098884,3433.59375,0.0007323770519290186,0.0019813455599625314,0.007343581216871055,2.2622454188831918e-05,Ball Fault,2,0.007,120,46
0.004029469888348304,0.14406062100250802,0.02073722589604715,0.14400425652058743,0.4985134131736527,0.9804584431137725,3.460441928575151,-0.1091352947277584,0.016084296149026983,3433.59375,0.000676639874738882,0.0017854473026441362,0.007903630248079524,1.9136382535237927e-05,Ball Fault,2,0.007,120,47
0.0039316756915855795,0.14568150910885538,0.02120764402248971,0.1456284451008446,0.5241781636726547,1.0027120558882237,3.598110473175981,-0.09435163564729399,0.005011127855596194,3357.421875,0.0006885784096708029,0.0017760969767635524,0.008135232544830926,1.937235825025329e-05,Ball Fault,2,0.007,120,48
0.0039549940158745,0.14588752419851764,0.021267527739107468,0.14583390462820184,0.4720364870259481,0.9279918962075848,3.2356192869763185,-0.2581171535465425,0.05541446237688622,3433.59375,0.0006955033783994841,0.0016415074973197908,0.008297650717332508,1.4744261115647348e-05,Ball Fault,2,0.007,120,49
0.004102676736371009,0.14338269876828702,0.020541766349674175,0.14332399083780137,0.5171934530938124,1.0111586826347305,3.607084101057552,-0.08911024392024514,0.006322784644449423,3433.59375,0.0007093849330418808,0.001707444548255695,0.007854225934607006,1.665984495270404e-05,Ball Fault,2,0.007,120,50
0.004025583500966818,0.14547538505982727,0.021146882335781755,0.14541967657707727,0.5491931736526946,1.0405594411177645,3.7751621927437204,-0.21139454720902462,0.031050806928121108,3433.59375,0.000829828839938488,0.00179135420401174,0.007948423525982356,2.0039983014402614e-05,Ball Fault,2,0.007,120,51
0.004251628481318612,0.14836114754517368,0.021992953756177637,0.14830021495661305,0.5548784031936127,1.0733713373253493,3.7400519770491853,0.17992825643291255,0.07155163028533985,3433.59375,0.0006838816445608652,0.0019007381913624896,0.008412809823448391,1.7125551404827125e-05,Ball Fault,2,0.007,120,52
0.004292792461951097,0.14692930766344678,0.02156979338333841,0.14686658361703117,0.4681380439121756,0.9344893013972055,3.186144761428284,-0.1650102907255646,0.027022281738342053,3433.59375,0.0007011834416310423,0.0020115818996648675,0.008073280731235387,1.7278976940656162e-05,Ball Fault,2,0.007,120,53
0.0041380507929453594,0.14428113290101643,0.02079992184683577,0.14422178007095798,0.49234087824351297,0.9430983632734531,3.4123718627942967,-0.17356255203275817,0.012047861588301643,3433.59375,0.0007329159071617648,0.0017698919389196746,0.007892866101144574,2.1417339461414844e-05,Ball Fault,2,0.007,120,54
0.004228230843001497,0.144225615654623,0.020783150274893317,0.14416362327193818,0.4817825948103792,0.8777994411177644,3.3404786842033922,-0.2729606360568342,0.045695573431103524,3433.59375,0.000662313449605144,0.0016148536476174092,0.008112370919228904,1.9915195767177197e-05,Ball Fault,2,0.007,120,55
0.00409458670549526,0.14819227962804288,0.021944186101067232,0.14813570164233614,0.5220665069860279,1.0313006387225547,3.5228994944702614,-0.12868773276770495,0.01116526260859129,3433.59375,0.0008427979869067245,0.001776245320008866,0.008351007598838266,1.8810464689873638e-05,Ball Fault,2,0.007,120,56
0.004199915734936378,0.1461378915129514,0.021338644043670585,0.14607752751080702,0.5236908582834332,0.9954024750499003,3.583539168806342,-0.1475927975909448,0.02760148199829499,3433.59375,0.0006676730197856816,0.0016986448838172603,0.008302480688143668,1.8164047096987542e-05,Ball Fault,2,0.007,120,57
0.003955073329902694,0.15081107540722702,0.02272833786043941,0.1507592048945583,0.4887673053892216,0.9315654690618762,3.240924475005762,-0.26467442411730335,0.035658748252900864,3433.59375,0.000655534270291769,0.0018731033702311473,0.008834143184105898,1.7030768812329603e-05,Ball Fault,2,0.007,120,58
0.0029604754163547907,0.1520441728986027,0.02310866609772935,0.1520153482307933,0.6239133333333333,1.1107314171656686,4.103500459365958,-0.17170524480266014,0.04298999229326998,3380.859375,0.0012605500953061985,0.0016229003073392073,0.008664582297302874,1.5065434964931161e-05,Ball Fault,3,0.007,121,0
0.003418434615144711,0.1557221910015007,0.02423771507508984,0.15568466551041513,0.5123203992015969,1.0124581636726546,3.289963979486133,-0.12263081567063949,0.05648491754637713,3380.859375,0.0013474877084412717,0.0017881720476309463,0.008978368581271828,1.6515307599126407e-05,Ball Fault,3,0.007,121,1
0.003055890192271706,0.15549265427710818,0.024168627069273068,0.1554626227402364,0.5009499401197605,0.9655144111776447,3.2216952141482027,-0.24110411316511016,-0.002197864395202102,3380.859375,0.0013107119943510537,0.0019242531507957298,0.008842231593930073,1.6455519506855897e-05,Ball Fault,3,0.007,121,2
0.003746239493668913,0.155622523472175,0.024204335501503735,0.15557742606658503,0.5037113373253493,0.9863061077844312,3.2367508641216185,-0.29978148187478126,0.039474900501020996,3380.859375,0.0013079110437891795,0.002116589453022858,0.008674895292550748,1.68065272146725e-05,Ball Fault,3,0.007,121,3
0.003601887962356537,0.15551053697690145,0.024170553513950865,0.15546881846193747,0.5366856686626746,1.0267524550898204,3.451120927853207,-0.20066078135723675,0.011706787437545595,3380.859375,0.0012574752718181315,0.0021109098781678026,0.008714879908568259,1.498571435486606e-05,Ball Fault,3,0.007,121,4
0.004002503118762475,0.1530699645373542,0.023414394012251163,0.15301762647568143,0.6096190419161677,1.1688831936127744,3.9826169932077056,0.040710299867566135,0.050956693803988345,3380.859375,0.001347154274983523,0.0020640771596285826,0.00829866833721751,1.3317285641956053e-05,Ball Fault,3,0.007,121,5
0.003731328456368513,0.1582192372257492,0.025019404216248604,0.15817523262587163,0.5873654291417165,1.0780819560878243,3.7123515410686507,-0.08277737952268005,-0.014938157451595897,3380.859375,0.00130971208058445,0.0021236535330212076,0.009075679663316108,1.4580697704647118e-05,Ball Fault,3,0.007,121,6
0.004180880368169911,0.1522774546816815,0.023170943443678614,0.15222004941425624,0.500462634730539,0.9915040319361278,3.2865182556189856,-0.1422530536802573,-0.033891704374836504,3380.859375,0.0012534003610686147,0.0019139051097048292,0.008415378695460185,2.0270830406189023e-05,Ball Fault,3,0.007,121,7
0.0037802652117639723,0.14874363355037373,0.022110378116696597,0.1486955887600456,0.5001377644710578,0.9668138922155689,3.3624145957257423,-0.22839593885042841,0.013379323364323884,3380.859375,0.0012995917341392452,0.0020504364825318097,0.007702113203506064,1.733906516911318e-05,Ball Fault,3,0.007,121,8
0.004008213728792415,0.15541253550826106,0.024136990415810827,0.15536083938950263,0.5157315369261477,0.96405249500998,3.318468071056814,-0.23051854616092093,0.04310780685160553,3380.859375,0.001276677034054413,0.0019290306816651445,0.00885729098252897,2.1568504808571017e-05,Ball Fault,3,0.007,121,9
0.004013845024794162,0.15470762709717076,0.02391833893015418,0.15465554930281092,0.45871680638722556,0.8927434730538922,2.9650561836819382,-0.15167444808768105,0.0042794880958855535,3380.859375,0.0012836350050351368,0.0018375273455268394,0.008825151333883332,2.8987588201145375e-05,Ball Fault,3,0.007,121,10
0.0039894956181387225,0.16050206543605605,0.025744996933952876,0.16045247562425727,0.548705868263473,1.0012501397205589,3.418684156946735,-0.24175287761708297,0.045698899642814865,3380.859375,0.001374633034391949,0.0020049348565614918,0.009491038999919911,1.780956502575682e-05,Ball Fault,3,0.007,121,11
0.004086575988647706,0.1515739574460816,0.022957964472555565,0.15151885847166208,0.49445253493013974,0.9007027944111776,3.2621206390684105,-0.3617303826440095,-0.029677956021234467,3380.859375,0.0012953769011394428,0.002080061431421201,0.008108207038855196,1.2037593834873558e-05,Ball Fault,3,0.007,121,12
0.0036596285748814877,0.15861028421689705,0.025143829378058775,0.15856805913568714,0.4752851896207585,0.9349766067864271,2.9965597247831264,-0.23020275323214667,0.06152101396526473,3380.859375,0.0012446390233903002,0.002053777795257977,0.00927180774982864,1.5083260938513826e-05,Ball Fault,3,0.007,121,13
0.004089510607690869,0.15032541102493663,0.022581005102805723,0.15026977441523537,0.5236908582834332,1.0030369261477046,3.4837147938784687,-0.13758169337970116,0.0055229075073724015,3380.859375,0.001234629093843002,0.001852000703688673,0.008204590130631382,1.600856099208459e-05,Ball Fault,3,0.007,121,14
0.00352709483376996,0.15380447090549026,0.023643374872551394,0.15376402333625183,0.5124828343313372,1.0145698203592812,3.332041203446209,-0.13029570215996822,-0.003487049633470766,3380.859375,0.0013408956658550342,0.0020244988614143526,0.008452488254164139,1.6245055274536346e-05,Ball Fault,3,0.007,121,15
0.004229023983283432,0.15328398257272896,0.023478094669505487,0.1532256331998843,0.49672662674650697,0.9630778842315368,3.2405644634841355,-0.20160328093392366,-0.008571867445760231,3380.859375,0.0013472653842256255,0.001983608638259963,0.008409226603599673,1.6833957189245223e-05,Ball Fault,3,0.007,121,16
0.0036271098233221057,0.15461718499609636,0.023893317970446647,0.15457463559862158,0.5940252694610779,1.173431377245509,3.8419097429310676,-0.15839634864768426,0.0772291671165055,3380.859375,0.0012475047342152133,0.002152644479219329,0.008540357203030516,1.9312748741799394e-05,Ball Fault,3,0.007,121,17
0.004091652086452096,0.15199612170088547,0.02308607939531382,0.15194103920703522,0.5046859481037924,1.002874491017964,3.3203870102486457,-0.13862594057918853,0.012748348398494432,3380.859375,0.0013095533742720935,0.0021516450030508913,0.008082941248604562,1.564172386716675e-05,Ball Fault,3,0.007,121,18
0.003790338093344561,0.15603487681564346,0.024332516120011166,0.15598883331832175,0.5459444710578842,1.0696353293413174,3.498861807049217,-0.11403205288399754,0.013529031043081235,3380.859375,0.0012777586963541665,0.002076978239391914,0.008806742871974407,1.9148769622200605e-05,Ball Fault,3,0.007,121,19
0.003959673543537925,0.15166636771733996,0.022987008081999986,0.15161466974537782,0.4980261077844311,0.9582048303393214,3.2836950952277073,0.06159140622005088,0.02928397781198252,3380.859375,0.0013729499857232865,0.0018068450157402323,0.008311574560898885,1.7814118870924327e-05,Ball Fault,3,0.007,121,20
0.004287319794005737,0.15975572150448264,0.025503509442401744,0.15969818233906655,0.5280766067864271,1.0390975249500998,3.305525472348166,-0.05668930054821919,0.04460333591847334,3380.859375,0.001267758504406572,0.0020612147146499005,0.009420186843237182,2.0980186712972935e-05,Ball Fault,3,0.007,121,21
0.003824839695608783,0.14848889172108565,0.02203432156585919,0.14843962262771754,0.4702497005988024,0.8966419161676646,3.1669015449458446,-0.13680158633907213,-0.022982170051413744,3380.859375,0.0013609363794538092,0.0020048741212174157,0.007647051458778704,1.8931267688075383e-05,Ball Fault,3,0.007,121,22
0.004300089352544911,0.16171802269481053,0.026134228095879383,0.1616608428033189,0.49575201596806384,0.9625905788423154,3.065533499031412,-0.33517282549393057,0.03628396163692153,3380.859375,0.0012183809790114104,0.002085975530153229,0.009765693604645503,1.5559492181477338e-05,Ball Fault,3,0.007,121,23
0.00388400796064122,0.15558885456575208,0.02419280614724443,0.15554036822395795,0.5074473453093812,0.9908542914171656,3.2614633401966024,-0.09179205527257706,0.01725842002995439,3380.859375,0.0012659875897913174,0.0021715644145801115,0.008661815899594265,1.212083153963868e-05,Ball Fault,3,0.007,121,24
0.004063892176584332,0.15615080680039117,0.024366559244790184,0.1560979155683707,0.6258625548902196,1.1661217964071855,4.008064817047437,0.10613330060138493,-0.01813783254186815,3380.859375,0.0012629361361730955,0.0020517522766379213,0.00886606898186509,1.9039572609646095e-05,Ball Fault,3,0.007,121,25
0.004036449522829341,0.16167782307095094,0.02612342554821137,0.1616274282051514,0.583142115768463,1.1159293413173652,3.606815732003987,-0.26694225795136806,0.023744659277466114,3380.859375,0.0012055395755453447,0.0026718940403534877,0.009188096195418312,1.2476116835452065e-05,Ball Fault,3,0.007,121,26
0.004296202965163424,0.15669221369747074,0.024533992473495955,0.1566333057606075,0.5246654690618763,1.01099624750499,3.3483825180672984,-0.21866180442754057,-0.01021878640888576,3380.859375,0.0013468244387310545,0.0020842097532921765,0.00883930782844449,1.5111703273727202e-05,Ball Fault,3,0.007,121,27
0.00417715260884481,0.1589487440063933,0.025247254617292374,0.15889384700891465,0.5344115768463074,1.0213920958083833,3.3621629424439616,-0.16427579484683852,0.04400386413877515,3380.859375,0.0012667999426042064,0.002012253980970373,0.009342960706416152,1.906537027968374e-05,Ball Fault,3,0.007,121,28
0.004255990752869261,0.1536397645687213,0.023587063799443607,0.15358080543949368,0.4790211976047904,0.9494333333333334,3.1178204350250076,-0.11041557640971833,-0.05901236569041638,3380.859375,0.0013625677327055601,0.0022493777651717167,0.00818008423904727,1.9616212532725963e-05,Ball Fault,3,0.007,121,29
0.0043765480757235525,0.15974739811292002,0.025500077030788645,0.15968743541928604,0.5534164870259481,1.048843632734531,3.4643223837345807,-0.2989028444504953,0.01912093434654641,3380.859375,0.0011654727216119768,0.002172643611303625,0.009412856572650697,1.822024668898233e-05,Ball Fault,3,0.007,121,30
0.00422807221494511,0.16339185651335583,0.02667902218022627,0.1633371426841619,0.5815177644710579,1.1120308982035927,3.559037622070987,-0.0978002130443496,-0.025521215738981265,3380.859375,0.0013646572797434248,0.002199871210141109,0.009772071049618495,2.0791814009925957e-05,Ball Fault,3,0.007,121,31
0.004186353036115269,0.15696782415458527,0.024621372268081813,0.15691198892398825,0.5482185628742515,1.0520923353293412,3.492553749960592,-0.14664141417855125,0.00978454091655841,3380.859375,0.0011952500963140443,0.002223115098796141,0.008889168736724042,2.068496372563025e-05,Ball Fault,3,0.007,121,32
0.004158275870134731,0.15342378882946214,0.023521567720575245,0.15336742718248633,0.46797560878243516,0.8881952894211578,3.050215434991065,-0.2830863167994666,0.05032685049669901,3380.859375,0.0013366771662812384,0.0019914107688883973,0.00843062603509602,1.9366965887407556e-05,Ball Fault,3,0.007,121,33
0.004473152562063374,0.15803514735592902,0.0249550987059667,0.15797182883655775,0.5157315369261477,1.009047025948104,3.263397703326145,-0.09569778964691888,0.004912253767673567,3380.859375,0.0012483837728307615,0.002095178413982546,0.00913537019352523,1.8630068590906714e-05,Ball Fault,3,0.007,121,34
0.004281529869947605,0.15517599679577548,0.024061258483535273,0.1551169187533561,0.5901268263473054,1.0965995608782437,3.8029517356602605,0.11501054582051085,0.03787735002881031,3380.859375,0.0012223531968804796,0.0017079427073836972,0.00910297712999968,1.568829253023666e-05,Ball Fault,3,0.007,121,35
0.0046553368848241015,0.1503144571436188,0.02257276386486961,0.15024235043711745,0.720562235528942,1.3920690618762475,4.7936988179418885,0.7133583020071019,0.05966596106885056,3380.859375,0.0013482404878871542,0.0021360978756691574,0.0078030446402894684,2.0673781346769796e-05,Ball Fault,3,0.007,121,36
0.0045537356147080845,0.1520892129430843,0.023110392185598183,0.15202102547213062,0.608481996007984,1.2091671057884232,4.000822834395847,0.1738514404438405,0.021591513299367218,3380.859375,0.0012596453579853109,0.0021901263485344384,0.008107113860169685,1.9052123296483286e-05,Ball Fault,3,0.007,121,37
0.004524548052332834,0.14835411510748034,0.021988471934245656,0.1482851035480154,0.6222889820359282,1.1401321756487026,4.194618946600094,0.01557966347928419,0.021232795907934553,3380.859375,0.0013290398120942982,0.0017583254438494223,0.007891104634828049,3.626276669001686e-05,Ball Fault,3,0.007,121,38
0.0045088438747505,0.15509923334845052,0.024035442512190225,0.1550336818636203,0.5282390419161677,1.0384477844311377,3.4058133654949163,-0.16780226760075534,-0.01985963225386219,3380.859375,0.0013001888001832823,0.0020647968682462503,0.008654024567983068,1.904283877134171e-05,Ball Fault,3,0.007,121,39
0.004174614559942614,0.14505149747374496,0.021022509512651756,0.14499141185826062,0.5526043113772454,1.0655744510978042,3.8097111784541866,-0.12017553988820229,0.07560631960453064,3380.859375,0.0012558854570128074,0.002415225347951192,0.006839522805376135,1.805134378687097e-05,Ball Fault,3,0.007,121,40
0.0045681707678393215,0.15829883152271687,0.025037651877293364,0.1582329039021068,0.5301882634730539,1.0399097005988023,3.349287283886038,0.0758632623952602,0.038240094411346695,3380.859375,0.0012610097533812823,0.0023104092042790037,0.00895270896476819,1.5568932515389577e-05,Ball Fault,3,0.007,121,41
0.004304134367982784,0.15874603321089245,0.025181777487536118,0.15868767276488782,0.5566651896207585,1.1016350499001994,3.506639998249497,0.02878434924514961,0.04110347762959333,3380.859375,0.0014028967431785242,0.0021892007187305678,0.009001472923039098,1.584417983809505e-05,Ball Fault,3,0.007,121,42
0.004596803132017216,0.14588350337095746,0.02126086595674963,0.1458110625321331,0.4663512574850299,0.8945302594810378,3.196737442609781,-0.008777979185882856,0.0039579880289695255,3380.859375,0.0012786808577180519,0.0018075926151490268,0.00752889576670207,3.641859398510208e-05,Ball Fault,3,0.007,121,43
0.004375992877526198,0.1485886976922205,0.02205945176820593,0.14852424639837744,0.5435079441117764,1.0623257485029938,3.65780138431237,-0.1410901067431154,-0.007011693893754211,3380.859375,0.0012822701614495545,0.00199341158070319,0.007754694909094816,1.8507992937247297e-05,Ball Fault,3,0.007,121,44
0.004702132161458333,0.14780021768127583,0.0218227942997687,0.14772540167408144,0.5805431536926148,1.1311982435129742,3.9278910599748142,0.1307666519501245,-0.00486217817196181,3380.859375,0.0012396607115668506,0.0021074188277419273,0.007571096863183308,1.5332429341890926e-05,Ball Fault,3,0.007,121,45
0.0043218213962699596,0.15022178568150313,0.022547906753158202,0.1501596042654555,0.5946750099800399,1.050467984031936,3.958646925159421,-0.08471515439867927,0.027810554842820388,3380.859375,0.0013029034794696946,0.002083358089424237,0.007890325443593482,1.604476155060842e-05,Ball Fault,3,0.007,121,46
0.004596803132017215,0.14855124438468867,0.02204634160920498,0.14848010509561535,0.48714295409181635,0.9364385229540918,3.2792923149826314,-0.3040760390806754,0.07667536813355862,3380.859375,0.001318180065776842,0.0021185880775738235,0.007594131079552247,1.3403347287444894e-05,Ball Fault,3,0.007,121,47
0.004298027187811876,0.1488819427184668,0.02214735982991766,0.14881989057218684,0.5051732534930139,0.9616159680638722,3.393112987840895,-0.1771739115384805,0.02112098379868976,3380.859375,0.0013709563696501625,0.0018481109408459188,0.007856566068207674,1.651997708384865e-05,Ball Fault,3,0.007,121,48
0.004336256549401198,0.14710035869913418,0.021619712408551716,0.14703643224912563,0.5383100199600799,1.0230164471057885,3.659474556830216,0.05832401627713901,0.06185415492776707,3380.859375,0.0012447703283245647,0.001805512784638023,0.007759710027977724,1.8668435380480947e-05,Ball Fault,3,0.007,121,49
0.004409384083395709,0.154952264829889,0.023990761707917158,0.15488951451895366,0.5188178043912175,1.0170063473053892,3.3482427956815632,-0.17535935083601695,0.015694322105479316,3380.859375,0.0013068296707626978,0.0017791986626379493,0.008905944272139286,2.286534782975221e-05,Ball Fault,3,0.007,121,50
0.0043613197823103795,0.151803352094326,0.02302523659683033,0.1517406886659947,0.4635898602794411,0.925880239520958,3.0538842119334784,-0.18906809246584233,0.023982904314224604,3380.859375,0.0013081759449576702,0.0021008520160655593,0.00810841893340111,1.41935723326717e-05,Ball Fault,3,0.007,121,51
0.004734809541074102,0.15139124169241955,0.02289688963978235,0.15131718223580012,0.5565027544910179,1.0093718962075848,3.6759243683439786,0.004681172406702849,0.10341956410064529,3380.859375,0.00134848507627541,0.0021887426028062806,0.007917111340657465,1.6524600271622932e-05,Ball Fault,3,0.007,121,52
0.004678972465225799,0.16446895395016223,0.02702814403013024,0.16440238450256808,0.5465942115768464,1.0280519361277447,3.3233883869807834,-0.18041117360840264,0.032787363416139616,3380.859375,0.0013742455322776257,0.0021746472819355743,0.009970581810158566,1.649043672710167e-05,Ball Fault,3,0.007,121,53
0.004799688416136477,0.14022451920631687,0.01963987877775074,0.14014235183466395,0.4621279441117765,0.8922561676646708,3.295628658436209,-0.20234619507690388,0.038798724656532876,3380.859375,0.0011526595569208273,0.001812048091951426,0.0068614725449797406,1.679906055738862e-05,Ball Fault,3,0.007,121,54
0.0049192939706524455,0.14505034694730876,0.02101540369636494,0.14496690552110486,0.5335994011976047,0.9796462674650699,3.6787185444750503,-0.0975240195586542,-0.026266189970835845,3380.859375,0.0012743628608851147,0.0017727518124905045,0.007471502520573251,1.3284799259287345e-05,Ball Fault,3,0.007,121,55
0.005082601554703093,0.14282289356581215,0.020372546087947432,0.14273242829836333,0.46748830339321357,0.8964794810379242,3.273202857900348,-0.11492195106926228,-0.027343129569939152,3380.859375,0.0011974723908413718,0.0016401400072536395,0.00735876195722102,1.5733621576741094e-05,Ball Fault,3,0.007,121,56
0.004549769913298404,0.15667104115056268,0.02452511472893735,0.1566049639345361,0.4902292215568862,0.9492708982035928,3.1290353211208335,-0.3093579879114938,0.030378649615407347,3380.859375,0.0013602168231740572,0.0017056824999405788,0.009203354774794432,1.4004243630465916e-05,Ball Fault,3,0.007,121,57
0.005085218917633483,0.1470253418593887,0.02159059169742986,0.14693737338550006,0.48015824351297404,0.9226315369261477,3.265819602529373,-0.15346305828914497,0.027546891745411185,3380.859375,0.0011902190596542153,0.0019626064405185704,0.007656053002785072,1.2278599641319353e-05,Ball Fault,3,0.007,121,58
0.03430252405345559,0.671590084123132,0.4498565779360777,0.6707134842360616,3.547583233532934,6.520958283433133,5.282363926151277,4.672676085360448,0.13196905846307927,3445.3125,0.003066509413744669,0.057109306488852034,0.16434401328213835,0.0015851275068794707,Outer Race Fault,0,0.007,130,0
0.03412743833621819,0.6883959933614409,0.4727243616286926,0.6875495339455133,3.325047105788423,6.407659780439122,4.830137214413759,4.7206012964992965,0.048514302781770755,3445.3125,0.0029664764537651084,0.05927436420280391,0.17387300996875013,0.001413030240622979,Outer Race Fault,0,0.007,130,1
0.034367164986433385,0.6808161356213618,0.46232950849319987,0.679948166034147,3.256012175648703,6.407659780439122,4.782513229768022,4.415370752593469,0.10750647557985801,3445.3125,0.003113903959645481,0.05820326509439998,0.16943226192525745,0.0015964331485722766,Outer Race Fault,0,0.007,130,2
0.03347944272587637,0.675990856396638,0.45584276484662495,0.675161288024295,3.4923552894211576,6.704916067864271,5.166275928696906,4.838742661168088,0.051952672362205646,3445.3125,0.003079520664366475,0.05867016208643082,0.165637153165829,0.001655420418069238,Outer Race Fault,0,0.007,130,3
0.03348142557658121,0.6869761994609073,0.47081529276711204,0.6861598157624156,3.2093120758483034,6.241975948103793,4.671649583154053,4.344518884619552,0.04457473794561455,3445.3125,0.0027427418058355788,0.060685704148289527,0.17135662170709035,0.0017436097273475248,Outer Race Fault,0,0.007,130,4
0.032209228564355666,0.6620774087416107,0.43730906076129494,0.661293475516956,3.132155389221557,6.209895009980039,4.730799371594244,4.441422588214376,0.06622567102845259,3445.3125,0.002982984416399148,0.05470599437619549,0.1601242428656437,0.001878765760503455,Outer Race Fault,0,0.007,130,5
0.032572090243341435,0.6583411712740721,0.4323521567316968,0.6575349091353986,3.0988561876247505,6.105124351297405,4.707067281889127,4.599393769389178,-0.004370241570974244,3445.3125,0.002839492862882434,0.0548208982268725,0.15762010742631935,0.001956593004680622,Outer Race Fault,0,0.007,130,6
0.031055804309350045,0.6665371530045914,0.4433073133541654,0.6658132721372904,3.239362574850299,6.120961776447105,4.859988014543557,4.223426660791796,0.061570180997585225,3445.3125,0.002719109353212038,0.05839010731896667,0.1593543447853139,0.002154627681838656,Outer Race Fault,0,0.007,130,7
0.03108534878485217,0.6363783821580785,0.4040111463690575,0.6356187114686426,3.366874151696607,6.137205289421158,5.2906796429490655,4.557048023690371,0.07351443940262845,3445.3125,0.00293772504416818,0.05220225701361,0.14537118147644099,0.002460710270165099,Outer Race Fault,0,0.007,130,8
0.02916000075045222,0.6447093566092533,0.4147998488557511,0.6440495701852079,3.1666728542914173,5.888679540918163,4.911783615094453,4.452003253502255,0.09674850898147332,3445.3125,0.002996735461217305,0.05311429766817258,0.14955980032714444,0.002579595034660192,Outer Race Fault,0,0.007,130,9
0.029739588011477046,0.6457284030373642,0.41608072739409224,0.6450431980837348,2.9896185628742518,5.757107085828343,4.629839029554445,4.311537985761954,0.05109395194730063,3445.3125,0.0027665192176052535,0.051106131231717346,0.15265079395356246,0.002401605965740915,Outer Race Fault,0,0.007,130,10
0.028272278489895213,0.6371467473845445,0.40515665597169426,0.6365191717235972,3.0623082834331337,5.942689221556886,4.806284103314905,4.700267573262402,0.02387031463887683,3445.3125,0.0026428738075002095,0.050858526961608454,0.14747785573391284,0.002398393768676894,Outer Race Fault,0,0.007,130,11
0.02815945428478979,0.6489976055679385,0.42040493716730043,0.6483864103814179,3.3295140718562872,6.511212175648702,5.130240918135015,4.693818007083092,0.005069159987718615,3445.3125,0.0024296409063965904,0.05434980496694502,0.15196414047283072,0.0022518465986345482,Outer Race Fault,0,0.007,130,12
0.027488457606271832,0.6547184837575765,0.42790067767224815,0.6541411756434907,3.3144888223552895,6.419436327345309,5.062464104163813,5.008926295162603,0.08662469909284239,3445.3125,0.0025864041877028494,0.0534611791281858,0.1568852930306862,0.0017731034739285126,Outer Race Fault,0,0.007,130,13
0.02710933655150636,0.6645409079278944,0.4408797021813675,0.6639877274327949,3.248702594810379,6.136799201596807,4.8886420024015695,4.86177841406429,0.08508107665118379,3445.3125,0.0025401211631362348,0.05499101655797448,0.16181743320376762,0.001826196337493841,Outer Race Fault,0,0.007,130,14
0.026933655979057513,0.6836665948394228,0.46667459107493336,0.683135851112305,3.283626147704591,6.503496506986028,4.802964153127648,4.609822825190989,0.05033344333576145,3445.3125,0.0022503340621390436,0.059855477715660445,0.16993653892735364,0.002020369692945085,Outer Race Fault,0,0.007,130,15
0.025663640102607285,0.6905752929414614,0.4762356127978689,0.6900982631465383,3.2267738522954095,6.334157884231537,4.672588036781873,4.741236627737431,0.05259528785478136,3445.3125,0.002434882391216125,0.06059427528482172,0.17437469407597792,0.0013725770815581633,Outer Race Fault,0,0.007,130,16
0.02654660352147268,0.6984587752265806,0.48713993853248877,0.6979541091880531,3.4253507984031937,6.409690219560878,4.904156007334874,4.568226358801513,0.04516704835172005,3445.3125,0.0026366151142197215,0.06101853251427929,0.17911538613166791,0.0015041925955487237,Outer Race Fault,0,0.007,130,17
0.02384774542711452,0.6979299023667727,0.4865374336557364,0.6975223535168865,3.2328651696606787,6.3674570858283435,4.632077173792963,4.348207565519776,0.05494963468209139,3445.3125,0.0023782563405880443,0.061100186613549275,0.1788393478484091,0.001519652401859362,Outer Race Fault,0,0.007,130,18
0.025006523379023204,0.6934595207834942,0.4802607807537677,0.6930084997702176,3.2600730538922154,6.497405189620759,4.701172824347229,4.665047042350335,0.039092467518135804,3445.3125,0.002127182194463044,0.061253293512856494,0.1760346418984053,0.0013406028232248457,Outer Race Fault,0,0.007,130,19
0.02479257378797093,0.703793876281691,0.49471114857657605,0.7033570562499363,3.206063373253493,6.393852794411178,4.5554010645728855,4.543744204357015,-0.0178735341545704,3445.3125,0.002139521502165875,0.06093820130126625,0.18329124867294855,0.0016015464226730221,Outer Race Fault,0,0.007,130,20
0.02426077322893276,0.6905937260646248,0.47633110936215634,0.6901674502337504,3.347788023952096,6.4182180638722555,4.847695392527813,4.599555354833336,0.09298670798472361,3445.3125,0.002070684405265101,0.06059323213353778,0.1746679324861583,0.0014224318635325272,Outer Race Fault,0,0.007,130,21
0.02440710761094998,0.6859922653777667,0.4699896812561877,0.6855579342814053,3.4635230538922155,6.545323552894212,5.048924351916563,4.706333616098097,0.01207836265936593,3445.3125,0.002133264149980602,0.05974171043614921,0.17227902191889152,0.0014365530759550475,Outer Race Fault,0,0.007,130,22
0.024256807527523076,0.69901685226551,0.4880361670397545,0.6985958538667077,3.211748602794411,6.245630738522953,4.594665482506109,4.221893402775109,0.0714011611346905,3445.3125,0.002204310469937069,0.06251997292525953,0.17821485360607892,0.0016673414099387148,Outer Race Fault,0,0.007,130,23
0.02374384405018089,0.6634576398483617,0.43961226974287915,0.663032630978958,3.2353016966067867,6.222889820359281,4.876425414810567,4.739876329567582,0.06390047057902501,3445.3125,0.002170958003612487,0.055966870382663826,0.16040030517194728,0.001831772834451035,Outer Race Fault,0,0.007,130,24
0.024477498810971807,0.6656638098002036,0.44250915972968047,0.6652136196213067,3.3006818363273456,6.367863173652696,4.958481725659733,4.634355778195725,0.1405775456662889,3445.3125,0.0025347082285514843,0.05614205669442104,0.16101694906614133,0.002160616303163559,Outer Race Fault,0,0.007,130,25
0.023113495811112147,0.674875610567059,0.45492285604965044,0.6744796928371161,3.1577389221556884,6.214768063872255,4.678993984539495,4.276815325656743,0.060214407602933284,3445.3125,0.0023615380170876723,0.05860557148469982,0.16457572123669437,0.002453521098341706,Outer Race Fault,0,0.007,130,26
0.02390465324234344,0.6470736397474831,0.4181328628094189,0.6466319376657937,3.241799101796407,6.261062075848303,5.00993844079555,4.553122981277397,0.04586268991090155,3445.3125,0.0024561084722889122,0.05295258729736197,0.15205562580511495,0.00217354757180936,Outer Race Fault,0,0.007,130,27
0.023433131344732405,0.6647044587869994,0.4412829058866982,0.6642912809052203,3.2015964071856287,6.213143712574849,4.816571281962111,4.285914931736086,0.048375930585625525,3445.3125,0.0024997915542983953,0.05419723354200748,0.16247685425736175,0.002016717897285935,Outer Race Fault,0,0.007,130,28
0.022668544112945985,0.6541810315312455,0.42743895912308383,0.6537881607394583,3.278347005988024,6.284615169660679,5.011375824080954,4.197244296928861,0.06787911132412063,3445.3125,0.002570592512954671,0.054054921455551644,0.15524962814378326,0.0023582484895048102,Outer Race Fault,0,0.007,130,29
0.02298163623924027,0.643512893637297,0.4135806886732144,0.6431023936149005,3.466771756487026,6.524613073852295,5.387260753847461,4.607122477520336,0.051532294191524525,3445.3125,0.0025088386498420584,0.05250776055780709,0.1498668479331986,0.002435053666931416,Outer Race Fault,0,0.007,130,30
0.02180104692957834,0.6490868147839068,0.4208384074790921,0.648720592766325,3.3270775449101797,6.46979121756487,5.1257820512312,4.662214923318811,0.08862444731862877,3445.3125,0.0022570805266231776,0.05270508831061857,0.15355493290097566,0.002377394820284049,Outer Race Fault,0,0.007,130,31
0.022011427389361897,0.6482062614057861,0.4196868543899491,0.647832427707929,3.3307323353293414,6.410502395209582,5.138383464710559,4.9416827034767286,0.018754005834425182,3445.3125,0.0019277348824267369,0.05261257657094479,0.1535208719912199,0.0022667492480137027,Outer Race Fault,0,0.007,130,32
0.020903608700567615,0.6425096385636275,0.41238167479045684,0.6421695062757627,3.1573328343313376,6.2659351297405195,4.914062988050674,4.854219325963086,-0.017674080351955373,3445.3125,0.002012977144865272,0.05267612737264777,0.14961872236348953,0.0023199973692781617,Outer Race Fault,0,0.007,130,33
0.021495687921032937,0.667766445847229,0.44544996160024164,0.6674203784724,3.3408845309381237,6.365426646706586,5.003073382489854,4.2479804635615235,0.05792141044792603,3445.3125,0.00205915382391015,0.0577098726617506,0.1613518870922568,0.002066190521322186,Outer Race Fault,0,0.007,130,34
0.02113381766739958,0.6580939934741573,0.43264106599756524,0.6577545636463233,3.1975355289421157,6.2740568862275445,4.8587824241670114,4.808999668706541,0.0735701193381201,3445.3125,0.0018405612048570969,0.05375954585879794,0.15906340099526228,0.002103665983104937,Outer Race Fault,0,0.007,130,35
0.01951323378633358,0.6730943290305571,0.4526752094802957,0.6728114219306147,3.4087011976047905,6.692733433133732,5.064225102764226,5.114935168893197,0.02436182339601535,3445.3125,0.002226015235554397,0.05702670331733652,0.16554846906719095,0.001917288130939942,Outer Race Fault,0,0.007,130,36
0.019953426642808136,0.6848497043190974,0.46862097827116517,0.6845589662484637,3.093983133732535,6.1002512974051895,4.5177549383754005,4.165898091129898,0.11780947253455148,3445.3125,0.002171593663904566,0.05921207110550696,0.17155590567695403,0.0017692055120458712,Outer Race Fault,0,0.007,130,37
0.018844021673449972,0.680135813585149,0.4622296277683031,0.6798747147587584,3.5041318363273453,6.67933253493014,5.152106044609352,5.283672977236927,0.07442391153112272,3445.3125,0.002276548999164252,0.05907370307349983,0.16849635878954367,0.0016233005225122126,Outer Race Fault,0,0.007,130,38
0.018412355075006236,0.6940223937859505,0.4813280682569729,0.693778111687716,3.3595645708582835,6.375984930139721,4.840714940812754,4.456718536507977,0.07029447273688201,3445.3125,0.002183085997466641,0.061273332838986214,0.17592943194401353,0.0016172251700080922,Outer Race Fault,0,0.007,130,39
0.01871355009707148,0.6839205159425984,0.4673970751699543,0.6836644463257939,3.630425149700599,6.756895309381237,5.308255952370496,4.910976039113346,0.09055964758445571,3445.3125,0.001684175675926898,0.05953533391169688,0.17132679037722132,0.0015024520586554382,Outer Race Fault,0,0.007,130,40
0.01822517396846931,0.6907350046093674,0.476782689626522,0.6904945254138674,3.301900099800399,6.5477600798403195,4.780270404375594,5.004992706219317,0.07382953829779525,3339.84375,0.0020530708410672867,0.061320461806016434,0.1738203790086544,0.0015295919885862713,Outer Race Fault,0,0.007,130,41
0.018349498707662795,0.7148042964872742,0.5106084781738445,0.7145687357937265,3.430223852295409,6.666743812375249,4.798829370713608,4.274123750728942,0.03828301451641582,3445.3125,0.0019682116380350975,0.06720298531997076,0.18484414099134655,0.0016256064987122988,Outer Race Fault,0,0.007,130,42
0.017868062556527568,0.683812801434022,0.4672806797455212,0.6835793148900288,3.278347005988024,6.3313152694610775,4.794217070977629,4.778176161329185,0.042117956153165596,3445.3125,0.001899108908345623,0.06100971786207004,0.16968802723425136,0.0013627611576455254,Outer Race Fault,0,0.007,130,43
0.01814407537464134,0.6918926958097364,0.47838629504366387,0.6916547513345541,3.346163672654691,6.437710279441118,4.83624656383835,4.604722777619629,-0.008054111241842086,3445.3125,0.0018778328288818744,0.06104473104608055,0.1749445440527274,0.001655407302142091,Outer Race Fault,0,0.007,130,44
0.01773580641451472,0.6769307564249615,0.45792069016489734,0.6766983745841993,3.1386527944111773,6.261874251497005,4.63659357271219,4.268459468974786,0.04606757128849206,3445.3125,0.0016796452224243088,0.05780277895096423,0.16785534285589163,0.0019373879895227433,Outer Race Fault,0,0.007,130,45
0.017616240517012854,0.6655370769573957,0.4426292688750412,0.6653038921237732,3.2214947105788423,6.023906786427146,4.840443638852394,4.660765836989245,0.014725788294266755,3445.3125,0.0015796841252392036,0.057165599244902075,0.1608967766714715,0.0019829069557385642,Outer Race Fault,0,0.007,130,46
0.017738185835360527,0.6698897538562383,0.4484376390848418,0.6696548656471046,3.192256387225549,6.15669750499002,4.765345892886463,4.507082636193122,0.006983663144583055,3445.3125,0.0020598763525490056,0.0577665692594097,0.1625389087530943,0.0021681817918290476,Outer Race Fault,0,0.007,130,47
0.016844713307759482,0.6498629634509926,0.4220381268988855,0.6496446158469148,3.052968263473054,6.070606886227544,4.697864680979444,4.540251433597468,0.07627944470789183,3445.3125,0.0019468517430561937,0.05458171079461983,0.15263713239891202,0.0021371897927816913,Outer Race Fault,0,0.007,130,48
0.016667049884605788,0.641337048483395,0.41103541920553666,0.6411204404833281,3.227586027944112,6.358117065868264,5.032589393637187,4.794159703529074,0.034570986153349505,3445.3125,0.0018650109139804172,0.0524939969298422,0.14885526435035576,0.0025812307991310707,Outer Race Fault,0,0.007,130,49
0.016491765882297907,0.6427562014756237,0.41286355619345616,0.6425445947118816,3.016014271457086,5.995074550898204,4.6923145424859305,4.750586521172815,0.10420341848784384,3445.3125,0.0021054366982145908,0.05211359609375678,0.14958017986110575,0.0029045505823705933,Outer Race Fault,0,0.007,130,50
0.01704954178556949,0.6373719994219161,0.40595237877199314,0.6371439231225494,3.383117664670659,6.5262374251497,5.307916989982428,5.120374461640845,-0.015401072502441661,3433.59375,0.0022407964258572845,0.051628338080161804,0.1467547865439411,0.0026429553739261364,Outer Race Fault,0,0.007,130,51
0.016965865485825224,0.6469735033323357,0.41828687342243276,0.6467510134684233,3.379462874251497,6.174565369261478,5.223495022354174,4.785191757993239,0.10718909452867045,3433.59375,0.002504571503283125,0.05313776996134375,0.15131052352949925,0.002478412397020303,Outer Race Fault,0,0.007,130,52
0.018239252208473673,0.6518126648712368,0.4245270797654188,0.6515574262990322,3.2109364271457084,6.405629341317365,4.92616452578444,4.595878588065901,0.08570447752622541,3433.59375,0.0023030451470014658,0.054242151690669455,0.15333907346225178,0.0027119429401443124,Outer Race Fault,0,0.007,130,53
0.0177558332066336,0.6476929834013203,0.41919093113444117,0.6474495587568511,3.4058585828343313,6.450705089820359,5.258446007780835,4.929581286326084,0.05284248448699712,3433.59375,0.0018259032860060288,0.05312830779463221,0.15274707085033243,0.0022094534265294868,Outer Race Fault,0,0.007,130,54
0.016547682272174406,0.6782851298686096,0.45979689161229576,0.6780832482905736,3.1451501996007987,6.063703393213574,4.636914567491764,4.432633000040268,0.10805646399896134,3457.03125,0.0020831605613203475,0.05704614119388089,0.16927208374900987,0.0017709217061086544,Outer Race Fault,0,0.007,130,55
0.017611481675321228,0.6641899653010638,0.44083814571982805,0.6639564336007506,3.35225499001996,6.471821656686627,5.047132846248966,4.999503387586427,0.047806577241378385,3457.03125,0.0018336211102348838,0.056666945374731,0.1604793448493907,0.0017493536039701095,Outer Race Fault,0,0.007,130,56
0.016260367205043036,0.6618819391008977,0.4378233017663215,0.6616821757961457,3.372559381237525,6.443395508982036,5.095409289787873,4.942604292860183,0.10012761077635225,3457.03125,0.0019256928760497036,0.05666224532401366,0.15872744836053462,0.0018606674150193864,Outer Race Fault,0,0.007,130,57
0.015718454107410178,0.6873789393518573,0.4722427364649576,0.6871991970782254,3.275098303393214,6.477506886227545,4.764618343531686,4.608154218824068,0.00728099183699818,3457.03125,0.0019147112317114683,0.059510892233150064,0.17342715352423477,0.0015156906206016264,Outer Race Fault,0,0.007,130,58
0.003764243778068865,0.5875775126895785,0.345233163887251,0.5875654549811885,2.851954790419162,5.676295608782436,4.853750745777554,4.550391398773314,0.02661976524055124,2871.09375,0.0021305752428005804,0.05133857047945948,0.11692833118469195,0.0022332747805204195,Outer Race Fault,1,0.007,131,0
0.0036791794828312132,0.6033418329463658,0.3640078310214135,0.6033306150208304,2.868604391217565,5.658427744510978,4.754525933017097,4.6508125775169775,0.08510180125733983,2871.09375,0.0013470595387402653,0.05399095400084992,0.12479563462992402,0.001883804225165685,Outer Race Fault,1,0.007,131,1
0.00422585142215569,0.6135033397496246,0.3763684900637011,0.6134887856054918,2.8186555888223555,5.573555389221557,4.59436062723419,4.478695026896873,0.019587332892254318,2871.09375,0.002058161285903192,0.05606677009972209,0.12826779419022002,0.0018093773017247784,Outer Race Fault,1,0.007,131,2
0.002887625481458958,0.5779222648650378,0.3339858058458137,0.5779150507175027,2.9546950099800395,5.680762574850299,5.112616678075293,4.532537298828526,0.030244796283385545,2871.09375,0.002070023485001358,0.04888213085731507,0.11354210842027337,0.002507071880529038,Outer Race Fault,1,0.007,131,3
0.004059093677878617,0.6091005347127383,0.3709869851458578,0.6090870095034516,3.010329041916168,5.973145808383234,4.942253159137167,4.648703016213636,0.028849331806385943,2871.09375,0.001786449221190252,0.05433931489697209,0.12711499129647189,0.002269525894373805,Outer Race Fault,1,0.007,131,4
0.003431323144726173,0.6023023537808164,0.3627563513913882,0.6022925795586296,3.0712422155688626,6.083195608782436,5.099170202955104,4.407593109145861,0.01176155777660795,2871.09375,0.0013079466233922995,0.05432770440333475,0.12371632233938629,0.0020381550081523736,Outer Race Fault,1,0.007,131,5
0.0034856532540387974,0.582505660206022,0.3393006943934461,0.5824952312194891,2.966065469061876,5.843197704590818,5.0919084082596395,4.5905645947455325,0.08579424220777897,2871.09375,0.0019078100408203417,0.05054189231096592,0.11486268004581002,0.0023501648405672114,Outer Race Fault,1,0.007,131,6
0.003241960902413921,0.5881837974782022,0.34594966930538595,0.5881748628642557,2.9352027944111776,5.747767065868263,4.990281621145735,4.551983772262937,0.012710831699861126,2871.09375,0.002036135198084415,0.050970598755524496,0.11769755245982333,0.0022810802232327548,Outer Race Fault,1,0.007,131,7
0.003450358511492636,0.5990784648335258,0.3588831020534361,0.599068528678845,2.9510402195608783,5.90005,4.925966117611863,4.621745210335064,0.05721194248034865,2871.09375,0.0013465858313948561,0.05260236435965561,0.12370431857075802,0.0018001905272583404,Outer Race Fault,1,0.007,131,8
0.0032411677621319865,0.5771583758175405,0.33310128560787905,0.5771492749782149,3.0111412175648704,5.86878123752495,5.2171836080514495,4.782496222085974,0.04082625153424649,2871.09375,0.0022840018128087412,0.048759395368168444,0.11314963207572176,0.0023681312343044607,Outer Race Fault,1,0.007,131,9
0.0036083917126684103,0.5864945769514706,0.34396286830273237,0.5864834765811671,2.995709880239521,5.741269660678643,5.107821961135373,4.420566631292125,0.03699276956714982,2871.09375,0.0017583260576134897,0.05062147994837341,0.11731479886570713,0.002299882789129475,Outer Race Fault,1,0.007,131,10
0.0037406478546812613,0.6053953791551555,0.36648957265604176,0.6053838225919501,2.8600765469061877,5.640965968063872,4.724311822296194,4.436540805692623,0.05640664230538862,2871.09375,0.0012591172703521432,0.05354531915098584,0.12618834700238885,0.002266251967983514,Outer Race Fault,1,0.007,131,11
0.0027026255106973526,0.5913594932184374,0.3496987460349161,0.5913533174295348,3.0143899201596804,5.720559181636727,5.097389920560927,4.691316465249255,0.02779226653929089,2871.09375,0.001793775792903638,0.05297056923328199,0.11775470653926319,0.0023377148252390293,Outer Race Fault,1,0.007,131,12
0.0028471753270802166,0.5778581421046062,0.333911925989244,0.5778511278774525,2.9043401197604792,5.678732135728543,5.026043432013672,4.512868140352262,-0.006645786489986646,2871.09375,0.0023560252153215586,0.04899472496415727,0.11306923921125633,0.0025440864207019465,Outer Race Fault,1,0.007,131,13
0.0029649566589477296,0.59372938059693,0.3525057864160248,0.5937219773732693,2.8625130738522957,5.5430988023952095,4.821242079976489,4.499834270288224,0.025925277378296807,2871.09375,0.001170879884699209,0.052898169532082547,0.12017952043994831,0.0020131161720642813,Outer Race Fault,1,0.007,131,14
0.00318624279760791,0.587278684870712,0.34488610156030775,0.5872700414292455,2.926268862275449,5.734772255489022,4.9827602085024765,4.6142176460001885,0.05021056958424595,2871.09375,0.0020865330453307966,0.050757842730254105,0.1173151436746993,0.002293683572133396,Outer Race Fault,1,0.007,131,15
0.003136473244916416,0.5713360973318014,0.3264150986499174,0.5713274880923527,2.7463719560878244,5.466754291417166,4.80692882685632,4.6086506821187765,0.029770263416998226,2871.09375,0.0016786536888970965,0.04865152151455346,0.11033229700005281,0.002554914693521293,Outer Race Fault,1,0.007,131,16
0.003278247070312497,0.5924103655727195,0.3509392943341492,0.5924012950139029,2.913680139720559,5.70594001996008,4.91834766750532,4.659484312113447,-0.010122085655202987,2871.09375,0.001596088381900384,0.05171657595072438,0.12008631397668292,0.00208148785370707,Outer Race Fault,1,0.007,131,17
0.0036204871019679397,0.6033037600119193,0.36396231891766395,0.6032928964588129,3.0960135728542912,5.9906075848303395,5.131765750628048,4.341074544018797,0.038480655900892675,2871.09375,0.0016478829311029422,0.05528925873662732,0.12283561662299139,0.002221517324184426,Outer Race Fault,1,0.007,131,18
0.0035957014681574345,0.5804045992191256,0.3368565697256657,0.5803934611327609,2.9965220558882235,5.828578542914172,5.162815835573554,4.656484197512325,0.023757515195532528,2871.09375,0.0022138134777859282,0.050137571104461175,0.11338239521222565,0.002707499254172542,Outer Race Fault,1,0.007,131,19
0.004010712120680514,0.5930067402072163,0.351640908119474,0.5929931771272533,2.8820052894211576,5.753452295409181,4.859987406574989,4.699623695555039,0.04866935157940568,2871.09375,0.0018421001507205955,0.05162087899106153,0.12034192361326594,0.0020316420113862268,Outer Race Fault,1,0.007,131,20
0.0038939222141654182,0.5965808192175487,0.35589351122807156,0.5965681111390984,2.8381478043912174,5.559748403193613,4.757356778774111,4.519105372829388,0.06958913483341203,2871.09375,0.001555335459451628,0.05336934237475656,0.12100097919724573,0.0020362626886722313,Outer Race Fault,1,0.007,131,21
0.004117587773671407,0.5771459717142445,0.33308051813690565,0.5771312832769556,2.8125642714570858,5.602793712574851,4.873228627245167,4.370746252468239,0.026352434944129376,2871.09375,0.0015881341059282765,0.05005196427770772,0.11235740132327804,0.002559713976245041,Outer Race Fault,1,0.007,131,22
0.004147528819314493,0.5897539784410996,0.3477925530917979,0.5897393942173084,3.063526546906188,5.743706187624751,5.194583943297894,4.712076999730302,0.05247153733762097,2871.09375,0.0022653483922968577,0.051643753037010715,0.11796976860452398,0.002034610457987578,Outer Race Fault,1,0.007,131,23
0.00424528335906312,0.5993088012505311,0.3591530168255498,0.5992937650481188,2.8275895209580835,5.60279371257485,4.718084425020911,4.7937417331651035,0.041247396357634324,2871.09375,0.0012686314942789208,0.05296352509985695,0.12338147123875037,0.001980906921074512,Outer Race Fault,1,0.007,131,24
0.004125717461561252,0.5949803405489411,0.3539845840951613,0.5949660360853898,2.8718530938123754,5.694569560878244,4.826803338010706,4.475518339680331,0.06045291759160519,2871.09375,0.002388761511179434,0.05275453197504019,0.11914736737540516,0.002718848163564154,Outer Race Fault,1,0.007,131,25
0.004399945714040671,0.5907996498396719,0.34902486672839245,0.5907832654437603,2.9347967065868263,5.6661434131736526,4.967499062301841,4.05146265359896,0.006469960684824984,2871.09375,0.0017556106291493683,0.051839728791789184,0.11836131310879623,0.0025756298549800332,Outer Race Fault,1,0.007,131,26
0.004839742000374248,0.606768328036965,0.36814438080614387,0.6067490262094731,2.936421057884232,5.774974950099801,4.839443527621537,4.434094787929209,0.008079494819937149,2871.09375,0.0014906358346969768,0.054082496702286945,0.12665689674115935,0.0018657611539201562,Outer Race Fault,1,0.007,131,27
0.004495122547873005,0.5915987344355979,0.3499688564590806,0.5915816566282972,2.948197604790419,5.873248203592814,4.983441365206915,4.356386496830183,0.028103601452906635,2871.09375,0.0014597267372048954,0.0520496981612833,0.11906848259533687,0.002426743285055043,Outer Race Fault,1,0.007,131,28
0.004405894266155185,0.5742399543604859,0.32973211327964846,0.5742230518532397,2.7837320359281437,5.517109181636727,4.847680860222106,4.409166623116671,0.02207059325942248,2871.09375,0.0023929534471388743,0.04820368299858311,0.11193231020270587,0.0023565226053522117,Outer Race Fault,1,0.007,131,29
0.004786205031343564,0.5978095666650823,0.3573533702376913,0.5977904066122935,2.8673861277445107,5.643808582834331,4.796487523176322,4.686699903822297,0.06109130950050254,2871.09375,0.0013709135868701908,0.0526818189165635,0.12267439408975545,0.0019724669790680636,Outer Race Fault,1,0.007,131,30
0.004522485887599801,0.5970812482159149,0.35648556409247145,0.5970641205871204,3.080988323353293,5.9199483033932125,5.160082204154492,4.493455257944711,0.005965981711833193,2871.09375,0.0022046947240232147,0.051295260844940675,0.12241539760407152,0.0023478842153265124,Outer Race Fault,1,0.007,131,31
0.004924013155329965,0.588529169336937,0.3463423372548712,0.5885085702475973,2.961192415169661,5.722183532934132,5.031513422700647,4.611759161502752,0.04188139296651546,2871.09375,0.0019012105657753345,0.051073896398793055,0.11752838877875993,0.0026919221103920057,Outer Race Fault,1,0.007,131,32
0.0035253102681356034,0.6076463405973253,0.369221647428834,0.6076361143224076,2.940888023952096,5.664925149700599,4.839802081357324,4.355651469632791,0.019923383641086867,2871.09375,0.001888288306312858,0.05433997076129777,0.1261818050088103,0.002213197276756565,Outer Race Fault,1,0.007,131,33
0.0047526948544317615,0.5942251569207563,0.353080949009118,0.5942061502619423,2.8738835329341317,5.5333526946107785,4.836354535756187,4.283688928518262,0.07645982322972684,2871.09375,0.0014684430971098543,0.051386112335051144,0.1213648087424343,0.002343736804018501,Outer Race Fault,1,0.007,131,34
0.0045117784937936615,0.590974978773084,0.34923106939067006,0.5909577560119421,2.8308382235528944,5.639341616766467,4.79011519139095,4.287536348827002,0.052682528247772496,3292.96875,0.0021469326770843515,0.05152371149610334,0.11853420577471968,0.0024310440694944807,Outer Race Fault,1,0.007,131,35
0.00438864346502308,0.5879080574154816,0.34561662378258207,0.5878916769121519,2.895000099800399,5.62756506986028,4.9242395359015605,4.7360735476658915,0.03995853611121549,3398.4375,0.0018703122314712778,0.04948876830865117,0.11902529353055477,0.0024432036809744566,Outer Race Fault,1,0.007,131,36
0.0043828931979790434,0.6059457989365524,0.3671511014960719,0.6059299476804821,2.8665739520958082,5.647057285429142,4.730743173938503,4.529390297636784,0.009712739775402308,2871.09375,0.001629837925865419,0.05486215840006638,0.1250842848324838,0.0020184794085363975,Outer Race Fault,1,0.007,131,37
0.004217721734265841,0.5784448234439467,0.33458062459247095,0.5784294465122527,2.938045409181637,5.63690508982036,5.079214628785322,4.517584004468128,0.026599059110006734,3398.4375,0.001748090104153805,0.04877892643607742,0.11441067250370056,0.002370413131152116,Outer Race Fault,1,0.007,131,38
0.004452689542789422,0.5957947382412575,0.3549515436718041,0.5957780993556276,2.871040918163673,5.565433632734531,4.8188423527182795,4.427065157627952,0.044627099635383714,3292.96875,0.0020907586304855777,0.0513783718087757,0.12156947656624842,0.0024572440707948777,Outer Race Fault,1,0.007,131,39
0.004101130112821233,0.6077135014594245,0.3692988805878715,0.6076996631460903,2.9388575848303393,5.725026147704591,4.835926102962449,4.571425813692986,0.022062822736039416,2871.09375,0.0012193105881265378,0.05450829879577723,0.1268614262304341,0.0020774987757934413,Outer Race Fault,1,0.007,131,40
0.004653155749048774,0.5877835127561563,0.3454678060095416,0.5877650942421995,2.9035279441117763,5.588986726546906,4.939791404656689,4.435473821673879,0.0048629778575333005,2871.09375,0.0023193520782959784,0.050638096038161995,0.11756207194299845,0.0022360361634970044,Outer Race Fault,1,0.007,131,41
0.004209393761305514,0.5881785321543418,0.3459362666913985,0.588163469361536,2.8438330339321354,5.431424650698602,4.834982710973708,4.645526337015537,0.012075589148081411,2859.375,0.002181633944478621,0.04999190005986848,0.11823603301531893,0.002576287079359081,Outer Race Fault,1,0.007,131,42
0.004422748497146331,0.6107023012238811,0.372937740015875,0.6106862860879348,3.011953393213573,5.772944510978045,4.93195029260157,4.53344919931915,-0.0068625588920454015,2871.09375,0.0013083596768059525,0.055352535477934194,0.12805807745355807,0.0017694586521637427,Outer Race Fault,1,0.007,131,43
0.0045534183585953045,0.586700791532102,0.3441970851656465,0.5866831215960167,2.8409904191616766,5.6137580838323355,4.842315640554626,4.4876064846480945,0.040618921237035505,2871.09375,0.001650881670559106,0.050644275453679,0.11746246506300287,0.002361654180720097,Outer Race Fault,1,0.007,131,44
0.004275620974847181,0.5787112468240599,0.3348884262659375,0.5786954520867928,2.952258483033932,5.844415968063872,5.101436163951862,4.697791328996562,0.018460897914546633,2859.375,0.002271836121713117,0.048937235184511645,0.11348849426736579,0.0027649285155068397,Outer Race Fault,1,0.007,131,45
0.004865915629678142,0.6084407908534284,0.37017651883943026,0.6084213333204468,2.918147105788423,5.8151776447105785,4.79610695018539,4.555230112150768,0.051170014524357536,2882.8125,0.0014299482962306846,0.05512394289676404,0.12626811577144373,0.0022900458627365854,Outer Race Fault,1,0.007,131,46
0.004112432361838823,0.6042781888802082,0.365135217456414,0.6042641950806071,3.112257085828343,5.783096706586827,5.150371373813254,4.277293838253851,0.06167609224929444,2871.09375,0.002206872687185337,0.054331171412574805,0.12388098091701097,0.0021655853352404064,Outer Race Fault,1,0.007,131,47
0.005185551163298403,0.5761856158805237,0.33196297400675123,0.5761622809649649,2.9461671656686623,5.7924367265469066,5.113225815549639,5.187470379898423,0.016896789271684188,2871.09375,0.002077855055776065,0.047229680818611966,0.11410625325065306,0.00259461204042058,Outer Race Fault,1,0.007,131,48
0.004267293001886851,0.5948246997346684,0.3537982136248745,0.594809392683803,2.849924351297405,5.679544311377246,4.791200420171963,4.757485123511309,0.07617925009754632,2871.09375,0.0016933835360913082,0.05179500070324088,0.12121279097100204,0.002216146054050086,Outer Race Fault,1,0.007,131,49
0.004522684172670283,0.5927268573710818,0.351304672776873,0.5927096023997528,2.86698003992016,5.505332634730539,4.8369329047043035,4.458670326732165,-0.006451343361552841,2871.09375,0.0013029174451990395,0.050985761488285986,0.1214106043791689,0.0019735265125019105,Outer Race Fault,1,0.007,131,50
0.004318847120212698,0.5815219737903207,0.3381491535605426,0.5815059359632906,3.098450099800399,5.815989820359281,5.328173722490506,4.919886723392187,0.039415814799200796,2871.09375,0.0019735148632605577,0.048738105085087795,0.1158655728996672,0.002516044051799045,Outer Race Fault,1,0.007,131,51
0.004375556650371131,0.5876559587640473,0.34532038037489104,0.5876396688234135,3.0947953093812375,6.056799900199601,5.266338685461784,4.799817769424035,0.03733371531405632,2871.09375,0.0021302064980863082,0.05115935784225498,0.11702185337520588,0.0023679356723498328,Outer Race Fault,1,0.007,131,52
0.0048857441367265485,0.6069710606773954,0.36838999800407274,0.6069513967395352,3.0907344311377245,5.913856986027945,5.092062260247441,4.6476315607961824,0.02502273938604305,2871.09375,0.0014692526337288787,0.054777154405857405,0.12592246831310522,0.0020500999549418683,Outer Race Fault,1,0.007,131,53
0.003185053087185007,0.5886066335150436,0.34644762445474464,0.5885980160132589,2.9404819361277443,5.692945209580838,4.99566564271925,4.787871232971046,0.023125187903868413,2871.09375,0.0023273703139394834,0.05010205490592168,0.1180681692150586,0.0027365436730781025,Outer Race Fault,1,0.007,131,54
0.005351515767293539,0.5871532320181924,0.34472027914840153,0.5871288437373875,2.968908083832335,5.930912674650699,5.056445101438778,4.8395584623234615,0.01242731790301486,2871.09375,0.0019323432150350484,0.050811953293248883,0.11718694210890859,0.0024575398268109104,Outer Race Fault,1,0.007,131,55
0.004177073294816616,0.5988404837900221,0.35859247708455744,0.5988259155084702,3.0387551896207587,5.823299401197605,5.0743983946921505,4.8969703147990975,0.008269361748119567,2871.09375,0.0012222701150101031,0.054096403386538365,0.12201257960963904,0.0019824363318684327,Outer Race Fault,1,0.007,131,56
0.004329752799089322,0.5877585753814616,0.3454413961751441,0.5877426274953553,2.994491616766467,5.717310479041916,5.094764657109443,4.637452857239189,0.0176851997283469,2871.09375,0.0018516438265149873,0.05190753480477506,0.11679230049753186,0.0021879889886645453,Outer Race Fault,1,0.007,131,57
0.004156253362415793,0.5724883963166439,0.3277256894751902,0.5724733089631255,3.001395109780439,5.817614171656686,5.242717807192662,5.134558563454874,0.06146977601934572,2871.09375,0.0024324508168995134,0.048279224446985375,0.11050048493751383,0.0026679604007165776,Outer Race Fault,1,0.007,131,58
0.004315277988943985,0.5624712500400295,0.3163552854974715,0.5624546963956044,2.7264736526946107,5.447262075848304,4.847312022615512,4.756070432455729,-0.01988503357675175,3357.421875,0.001857051604334021,0.042052058217706564,0.11223137909594195,0.0020557958674787963,Outer Race Fault,2,0.007,132,0
0.004055127976468937,0.5650294451252655,0.31924182979565985,0.565014893428182,2.7329710578842312,5.300258283433133,4.836864842111615,4.677117833313883,0.0890731242166974,3357.421875,0.0019300946778686452,0.04298001611699045,0.11280424784511038,0.001923035566875833,Outer Race Fault,2,0.007,132,1
0.0039988150164514714,0.5742956642263677,0.32979951942766905,0.5742817422029618,2.7179458083832335,5.343709680638723,4.732659460427186,5.039445499163591,-0.042737759356603684,3357.421875,0.0020851318748976587,0.04428377863287882,0.11673016036534863,0.001816847322941777,Outer Race Fault,2,0.007,132,2
0.004498691679141718,0.5420496449916126,0.29379757940870915,0.5420309764291236,2.752869361277445,5.413556786427145,5.078629580727871,4.777245502581478,0.04726269907845502,3357.421875,0.002147909088004361,0.03875211937348819,0.10377669698945528,0.002242329482810628,Outer Race Fault,2,0.007,132,3
0.0038050905025885737,0.5540028874177232,0.30690472055344153,0.553989819900548,2.928705389221557,5.456196007984032,5.286444269040942,4.86855230544176,0.11037339105434017,3357.421875,0.0017532905867211506,0.04126578606907868,0.10863180248793501,0.0018159613225992082,Outer Race Fault,2,0.007,132,4
0.004968032440977422,0.5616438559918014,0.31541913962700485,0.5616218831447052,2.743529341317365,5.323405289421158,4.884820357328744,5.153510547805119,-0.08068207590347612,3357.421875,0.0018732750976635322,0.04241576886746023,0.1112278292310779,0.0022173872418306895,Outer Race Fault,2,0.007,132,5
0.004618852431855039,0.5744631233214661,0.3299865462584667,0.5744445545554999,2.851954790419162,5.677513872255489,4.9645567742095515,4.889760156117518,0.07373013504837692,3357.421875,0.001580763903404714,0.04536109886229065,0.1159648647445651,0.002107881531698562,Outer Race Fault,2,0.007,132,6
0.00439855771854728,0.5659475846104686,0.32027732121642016,0.5659304915061745,2.7861685628742516,5.4432011976047905,4.923015202533148,4.890430192577862,0.024588235287001298,3357.421875,0.0022349465547604652,0.04289194071188725,0.11285433348768505,0.0021767876484426827,Outer Race Fault,2,0.007,132,7
0.004670604835251372,0.5581201467036965,0.3114762836070286,0.5581006034820502,2.8763200598802396,5.466754291417166,5.153585794865179,4.645099721774888,0.010024268217660276,3357.421875,0.001799425030311368,0.04156306905888288,0.11010966611262513,0.002287796165552998,Outer Race Fault,2,0.007,132,8
0.004155460222133856,0.5617359657027199,0.3155300273143096,0.5617205954158256,2.985557684630739,5.557717964071857,5.3148772144149055,4.859759770911567,0.09397678338252549,3357.421875,0.001774722028515223,0.042408635320192685,0.11149539171365014,0.002103534321466258,Outer Race Fault,2,0.007,132,9
0.004074559913376373,0.5635454839384547,0.3175669104289395,0.5635307537561188,2.647286526946108,5.28360868263473,4.697556102206686,4.7741738747201765,-0.02502258632420254,3357.421875,0.001939473092335532,0.04278063706632274,0.11197356383742813,0.002106384700609799,Outer Race Fault,2,0.007,132,10
0.004060679958442491,0.5746164254735157,0.3301675473022354,0.5746020773563523,2.6708396207584832,5.325029640718563,4.648039113322533,4.619490763088085,0.03160816176508045,3357.421875,0.0017821363355796825,0.04454420720169318,0.11675409497670611,0.0020198259465248904,Outer Race Fault,2,0.007,132,11
0.0035215428517964076,0.5555294605384011,0.3086005802620299,0.5555182987643431,2.8133764471057883,5.502896107784431,5.064315480909248,4.889392364059419,0.062285246118732374,3357.421875,0.0018892217316387266,0.04150020303849565,0.1083969232683712,0.0025263479998218243,Outer Race Fault,2,0.007,132,12
0.004066033655345559,0.5646779116763783,0.31884461130550923,0.5646632724956611,2.7691128742514968,5.463505588822355,4.903880277574057,4.9345404119805805,0.019767706341048796,3357.421875,0.0016868354742271589,0.04233467484329906,0.11335120218513638,0.0020661716780937056,Outer Race Fault,2,0.007,132,13
0.0031814839559162946,0.5689602354353162,0.32370562766644867,0.5689513403327641,3.0822065868263473,5.887867365269461,5.417261866232401,5.079229157577885,-0.03921409333188863,3357.421875,0.0020717933048137,0.04316866673010567,0.11446661979404754,0.0021562228887909074,Outer Race Fault,2,0.007,132,14
0.004000599582085827,0.5676594544720733,0.32222125145451574,0.5676453571152641,2.938451497005988,5.435891616766467,5.176433641431667,4.675726598705608,0.08746173505689417,3357.421875,0.0018053771429491585,0.04359185408190507,0.11353120529758463,0.0021983051682851096,Outer Race Fault,2,0.007,132,15
0.00330342927426397,0.5764332951903983,0.3322644311590909,0.5764238294511174,2.7585545908183633,5.3522375249501,4.785557346938472,4.594154963342029,0.12662895086526915,3357.421875,0.002030347689119419,0.044265477328778904,0.11777656408445202,0.0020707663093775283,Outer Race Fault,2,0.007,132,16
0.003520353141373504,0.5619624825449964,0.31578943890189526,0.5619514560012236,2.7289101796407182,5.367262774451097,4.856036238010273,4.871625593257997,-0.07038032090989309,3357.421875,0.0021182298697976407,0.04228965117493889,0.11126981703173108,0.0022294161014618707,Outer Race Fault,2,0.007,132,17
0.00374243242031562,0.5782315112572974,0.3343376748104774,0.5782194002370358,2.736625848303393,5.392034131736526,4.7327511472920545,4.821972892429591,-0.03872148745711586,3357.421875,0.0016901088717256353,0.04454875409506562,0.11899809911328171,0.0019458811259008952,Outer Race Fault,2,0.007,132,18
0.0035251119830651176,0.5749706996098651,0.3305788789953646,0.5749598933798467,2.778452894211577,5.472033433133733,4.832338232360085,4.566809858282816,0.016992162234220405,3357.421875,0.0019638696422736458,0.04394880440012605,0.11713930736588787,0.0022498907571731883,Outer Race Fault,2,0.007,132,19
0.0037442169859499773,0.5806074391935371,0.337090979286039,0.5805953662285284,2.8080973053892215,5.504520459081837,4.836481787573485,4.710877597081303,0.08138402496265225,3357.421875,0.00166105670641225,0.04610485292618773,0.11891453328165909,0.0018790758273750912,Outer Race Fault,2,0.007,132,20
0.0038211515932977825,0.5644465301560332,0.31858528420568677,0.564433595922219,2.8600765469061877,5.405028942115768,5.067046024918534,4.8844665500178115,0.03360635386154745,3357.421875,0.002012987929262556,0.04277861552903792,0.11234106822697947,0.0021745785766574327,Outer Race Fault,2,0.007,132,21
0.00398156421531936,0.5748069205429133,0.3303871430504262,0.5747931306569575,2.815406886227545,5.514672654690619,4.898004504831559,4.7500338735417005,-0.01749959070222322,3357.421875,0.0016066773506884678,0.043642906674957634,0.11767884292036675,0.0022809974642545522,Outer Race Fault,2,0.007,132,22
0.003884602815852667,0.5806869299667861,0.3371822204952142,0.5806739364696974,2.7098240518962076,5.413962874251498,4.666583510070053,4.966726058249156,-0.03715962591378308,3357.421875,0.001971524847547203,0.04525036592699411,0.11932944981262175,0.0020548606913667485,Outer Race Fault,2,0.007,132,23
0.003663118392122004,0.5610157581492929,0.3147252624554713,0.5610037989670581,2.9116497005988027,5.48380998003992,5.1899606353374095,5.11781549495994,-0.0013908522849030189,3357.421875,0.0020678521189700294,0.04241225407950965,0.11057981109328645,0.0023162304830241353,Outer Race Fault,2,0.007,132,24
0.004607153612696481,0.5614248914398902,0.31517668286388145,0.561405987556137,2.884847904191617,5.622285928143713,5.138439617083646,5.097041094491896,0.059985457981489375,3357.421875,0.0020020534310056983,0.042671418535642436,0.11065620444591825,0.0022799192392031174,Outer Race Fault,2,0.007,132,25
0.002968129220075474,0.5549494792042419,0.3079601146779922,0.5549415416762312,2.8040364271457086,5.07406736526946,5.052777833338086,4.816820514828919,-0.06242902049745723,3357.421875,0.0020028639923797996,0.0428944866139363,0.1066109194635878,0.0024806463221395273,Outer Race Fault,2,0.007,132,26
0.003973632812500001,0.5730547596438993,0.32837596779279854,0.5730409826467899,2.998146407185629,5.6340624750499,5.231867211169663,5.117117538959734,0.011321419736970597,3357.421875,0.0013697938568547712,0.04612809175547996,0.11478734568281616,0.001918544397247295,Outer Race Fault,2,0.007,132,27
0.0037573038006019233,0.5776395462839208,0.33365332809924375,0.5776273263093115,2.7642398203592813,5.438734231536927,4.785406120723953,4.60039321728569,0.026453912021193828,3357.421875,0.002168190700001879,0.04547476956745845,0.11728745318994951,0.0019103709602953296,Outer Race Fault,2,0.007,132,28
0.003962528848552895,0.5622704558293906,0.316132363863715,0.5622564929493612,2.736625848303393,5.30228872255489,4.867098777698834,4.757879352026936,0.01917430855691841,3357.421875,0.001777672888740396,0.04346630971326533,0.11057979259752915,0.0022581236600052214,Outer Race Fault,2,0.007,132,29
0.003889758227685255,0.5651097359176058,0.31933388340979646,0.5650963487846975,3.0095168662674654,5.853349900199601,5.325544181929046,5.006251874064324,0.05289027661292655,3357.421875,0.0020536801665972785,0.04279040406215288,0.11258624527037361,0.0022517489244307494,Outer Race Fault,2,0.007,132,30
0.0037787185882141965,0.5715019516450738,0.3266002020199593,0.5714894592378404,2.7618032934131738,5.4773125748503,4.832535191635474,4.552958834715955,0.022394948297002885,3357.421875,0.0019059653886047208,0.04508908097636289,0.11421439891932351,0.0021049376643403933,Outer Race Fault,2,0.007,132,31
0.004005754993918412,0.5865015900716268,0.3439680690834754,0.5864879104324959,2.794696407185629,5.456602095808384,4.765027843904609,4.578212805141369,-0.014525253480706353,3357.421875,0.0018501046502763293,0.047814777779564985,0.12053360393249912,0.0018015985214264285,Outer Race Fault,2,0.007,132,32
0.003869929720636853,0.5636562632144536,0.31769340670483875,0.5636429780497924,2.9189592814371257,5.622692015968064,5.178615890455479,5.044356340120073,0.056508906151242794,3357.421875,0.0021478360252717176,0.044164277726126404,0.11023675001615045,0.0023128204513758284,Outer Race Fault,2,0.007,132,33
0.004315277988943988,0.5698517591064275,0.324712405732568,0.5698354198648659,2.6773370259481037,5.324623552894211,4.698304397877756,4.903909003170758,0.019415156833882237,3357.421875,0.0017783326533851837,0.044827410642185275,0.11360549569662759,0.002163674603061032,Outer Race Fault,2,0.007,132,34
0.0038017196563903434,0.5613263967734408,0.3150728706423084,0.5613135225899233,2.786980738522954,5.532946606786427,4.964991410599596,5.171510308372294,0.03928543501378478,3357.421875,0.0020701176621278467,0.042156577489834056,0.11089129065481967,0.002433014408601879,Outer Race Fault,2,0.007,132,35
0.004480846022798156,0.5650357096660397,0.31924527521672497,0.565017942384775,2.805660778443114,5.566651896207585,4.965457457726663,4.973050652794877,0.03617496354431466,3357.421875,0.0016825427825183802,0.04447735658635766,0.11150340639004667,0.001979426760092163,Outer Race Fault,2,0.007,132,36
0.002877909513005237,0.5734664368468767,0.32885547182668784,0.5734592154867579,2.7752041916167665,5.412338522954092,4.839348937098796,4.749428051785594,-0.0001409706275957255,3357.421875,0.002288222758986801,0.04742584624913529,0.11260096798942565,0.002121026102271931,Outer Race Fault,2,0.007,132,37
0.004033118333645209,0.5641877843756364,0.3182915899951964,0.5641733687397841,2.8158129740518962,5.547565768463073,4.990914465062446,4.963652195547149,0.0020424995709893055,3357.421875,0.0021584415344905756,0.04474274369556553,0.10993414219830702,0.0023267337262756634,Outer Race Fault,2,0.007,132,38
0.003563182716598056,0.5717342638004138,0.3268673721323294,0.5717231603952471,3.005455988023952,5.823705489021956,5.256735826966501,5.2095769711972295,-0.01586295232641402,3357.421875,0.0017855394280125055,0.04497549497384856,0.11464763985283102,0.0020377088072348385,Outer Race Fault,2,0.007,132,39
0.0037993402355445353,0.5767600978034695,0.3326377754320422,0.5767475838111871,2.7796711576846307,5.466754291417166,4.819458156468725,4.714282821310227,0.04157440998478332,3357.421875,0.002042078226071914,0.04630995510785456,0.11569298791651542,0.0022883016853671094,Outer Race Fault,2,0.007,132,40
0.003646462446201346,0.5815762006592616,0.3382175804848902,0.5815647689508798,2.7658641716566867,5.357516666666667,4.755807009505144,4.656680607142099,-0.005927332348194325,3357.421875,0.001642301090350353,0.04773819755601069,0.11773997707325125,0.0020016129804679536,Outer Race Fault,2,0.007,132,41
0.003618504251263098,0.5732495778797926,0.32860198496634396,0.5732381572839895,2.9977403193612773,5.662894710578842,5.2293807706734805,5.129007987731642,0.0485158790350817,3357.421875,0.0023078927909297798,0.04569123864815471,0.11381037444562918,0.0025046186470804184,Outer Race Fault,2,0.007,132,42
0.003978986509403069,0.5732020084828494,0.3285447101951305,0.5731881978854158,2.780889421157685,5.4253333333333345,4.851499785421445,4.673891893923112,0.014882297750832997,3357.421875,0.0017419740132111317,0.04581167836277156,0.114554213684412,0.0021803234217625837,Outer Race Fault,2,0.007,132,43
0.004258965028926522,0.5749018928233047,0.33049404758870093,0.5748861170603278,2.77642245508982,5.288481736526946,4.829384786776393,4.453418068459408,0.036629889744323005,3357.421875,0.00194816562931047,0.045739093401823715,0.11547521393885625,0.002102693327354376,Outer Race Fault,2,0.007,132,44
0.0037469929769367505,0.5694851453734101,0.32429929084460485,0.569472818354489,2.933984530938124,5.863908183632734,5.151994840909006,4.917083697561138,0.049482021803144045,3357.421875,0.0021714675286419217,0.045441061171618245,0.11211479375841141,0.002436400411895178,Outer Race Fault,2,0.007,132,45
0.00471581383132173,0.5847703301006848,0.34193410006597214,0.5847513147193191,3.1012927145708584,5.822893313373253,5.3034371871036665,4.84517311490997,0.09209291043746443,3357.421875,0.0019190663589032648,0.046820153772190454,0.12038927364877183,0.001860818040425957,Outer Race Fault,2,0.007,132,46
0.0036918697273421903,0.558509623179296,0.31191936928179553,0.5584974210162439,3.010329041916168,5.767665369261477,5.389932271497808,5.356636043089974,-0.003266727610819853,3357.421875,0.002006383164502402,0.04176644775989915,0.10986794661970838,0.0023325589622937466,Outer Race Fault,2,0.007,132,47
0.003896301635011229,0.5894775071716737,0.34746855029489965,0.5894646302322979,2.9043401197604792,5.742487924151696,4.926973607009313,4.8010867870232135,0.01826348036824874,3357.421875,0.0015731386268615206,0.04771632109409708,0.12221840354237816,0.0022416847691697213,Outer Race Fault,2,0.007,132,48
0.003565165567302894,0.5734211226535697,0.3287990734997579,0.5734100395875171,2.7268797405189624,5.1581275449101796,4.755457433971083,4.572657150171953,-0.01398962642543596,3357.421875,0.002075604758210863,0.04606110182030156,0.1140317835311264,0.0022437575874716207,Outer Race Fault,2,0.007,132,49
0.004125717461561254,0.5842202573665033,0.3412962875728107,0.5842056894389259,2.9023096806387225,5.782690618762475,4.967834723365292,4.7675387124558,-0.018604540786992578,3357.421875,0.0017151325938206444,0.047212142300451454,0.11968976540480276,0.002048130700800667,Outer Race Fault,2,0.007,132,50
0.0038596188969716805,0.5761436596468601,0.3319266198932472,0.576130731599389,2.91408622754491,5.647463373253493,5.057915988055934,4.975316082498042,0.06916148255515664,3357.421875,0.0021121813381692668,0.04607905674724352,0.11546585638012416,0.0023211201660885868,Outer Race Fault,2,0.007,132,51
0.003911569585438496,0.5692530393896756,0.324033722477762,0.5692396002368089,2.6566265469061876,5.306349600798403,4.666864053557779,4.741744421937995,0.024161130061843276,3357.421875,0.001955924273637697,0.04430140808782579,0.11331235079703669,0.002462482280204264,Outer Race Fault,2,0.007,132,52
0.004001987577579216,0.5851981696371344,0.3424408818420814,0.5851844853053448,3.0302273453093815,5.902486526946108,5.178121707366828,4.754716629336325,-0.04033995411117307,3357.421875,0.001907877813726741,0.04760909759993237,0.11981658563365757,0.00190289618029145,Outer Race Fault,2,0.007,132,53
0.0037563123752495002,0.5751436904316761,0.33077615476070726,0.575131423903013,2.8487060878243513,5.694975648702595,4.9530337117777385,4.862251597898427,0.008647626847480931,3357.421875,0.0021696583266656803,0.046380600777693806,0.11449182116517029,0.0023601075483253913,Outer Race Fault,2,0.007,132,54
0.004063257664358779,0.5848922783526811,0.3420824672137432,0.5848781644186618,2.936421057884232,5.547159680638723,5.020447638930214,4.817310713031585,0.0390023326607751,3357.421875,0.001624656332995015,0.04672250276145401,0.12049705986526621,0.002213526799228407,Outer Race Fault,2,0.007,132,55
0.003616521400558259,0.5658792390105823,0.32020623391615505,0.565867682339392,2.891751397205589,5.570712774451097,5.110191712036835,4.884591285675147,0.042788983220788966,3357.421875,0.0021975593516101975,0.04411385150611392,0.11157219227299417,0.0022327191849866356,Outer Race Fault,2,0.007,132,56
0.004164184765235155,0.5735865898424569,0.32898423561233986,0.5735714738481508,2.87022874251497,5.527261377245509,5.004002522624031,4.858743430755421,0.0005475496454340478,3357.421875,0.001744253113038417,0.04468214607542321,0.11582613320001027,0.00225714397437197,Outer Race Fault,2,0.007,132,57
0.003187035937889842,0.5721695157621097,0.3273677975693778,0.5721606396540904,2.872665269461078,5.643808582834332,5.020654177346007,4.889361237941385,-0.0715498103988733,3357.421875,0.00221280814740378,0.04589525642879155,0.11343933025341137,0.002146662294936045,Outer Race Fault,2,0.007,132,58
0.004553220073524827,0.5624169274327065,0.3162920684498084,0.5623984961304648,2.792259880239521,5.537007485029941,4.9647507819252406,5.156002534743049,0.013426830857886384,3310.546875,0.0025902958526568156,0.045443571218432,0.10786700590758244,0.002265995521042171,Outer Race Fault,3,0.007,133,0
0.004532796711264973,0.5627663838996657,0.31668545660148023,0.5627481289186844,2.9599741516966067,5.847664670658682,5.2596854332087,5.014123113583972,-0.013624420513240367,3310.546875,0.0025554146962895544,0.045490032410716974,0.10832093485977365,0.001996992455231096,Outer Race Fault,3,0.007,133,1
0.004618852431855041,0.5798527801120926,0.3362079128059356,0.5798343839459122,2.8219042914171655,5.559342315369261,4.866587499798927,4.822620655133885,0.01575145177400701,3310.546875,0.0027150832167677245,0.04898714459047588,0.11454189431382038,0.0018811683262871274,Outer Race Fault,3,0.007,133,2
0.004380712062203718,0.5670989970069897,0.3215820817681617,0.5670820767474156,2.9705324351297406,5.9317248502994016,5.238119712444364,5.139197715442949,-0.06277769878829281,3310.546875,0.0028557402412740258,0.045765744406018154,0.11013238963790478,0.00205636109501379,Outer Race Fault,3,0.007,133,3
0.004794929574444862,0.5655937092998495,0.3198732526499388,0.5655733839652807,2.896218363273453,5.7725384231536925,5.120669334987286,5.18583387997205,-0.01283949389916855,3310.546875,0.0023994275531982684,0.045849437954506696,0.10964015852619932,0.002070593737015582,Outer Race Fault,3,0.007,133,4
0.004815749506845684,0.5766933106452462,0.3325519830996617,0.5766732030358804,3.0862674650698603,5.740051397205589,5.351661633835706,4.7800447319823345,0.0618046702998875,3310.546875,0.0024111322576586295,0.04815713269356535,0.11383932940444567,0.0018915911710790684,Outer Race Fault,3,0.007,133,5
0.005091762324959457,0.57406115725401,0.32952028622423923,0.5740385755541515,2.7317527944111775,5.265334730538922,4.758644196514474,4.897537216974115,0.022530010850647045,3310.546875,0.0026265232651802688,0.04766683631646823,0.11234671295960874,0.002146065873813446,Outer Race Fault,3,0.007,133,6
0.004453284398000873,0.5768413114116413,0.33272606680917266,0.5768241212095526,2.9388575848303393,5.759949700598803,5.094741875609413,5.357117405567308,-0.1283380567848296,3310.546875,0.0027201277837215414,0.04900616610518948,0.11251989169635017,0.002136705064619513,Outer Race Fault,3,0.007,133,7
0.004684286505114777,0.5757140447526965,0.3314247187854479,0.5756949876327289,3.1630180638722556,5.958120558882236,5.494078340977352,4.844485384361993,0.05606815383103893,3310.546875,0.0024703738865380354,0.047588975957514414,0.11358773125847642,0.0020872251359370132,Outer Race Fault,3,0.007,133,8
0.004855208235872007,0.5552094657429686,0.308233977803579,0.5551882363699532,2.933172355289421,5.768071457085828,5.2830013468237915,5.138415558593152,0.05095175815705704,3310.546875,0.0025969980592913094,0.04540283938667012,0.1035159138365972,0.0026255349811433416,Outer Race Fault,3,0.007,133,9
0.0050237505457834345,0.5752293081808917,0.330863518920721,0.5752073703636985,2.814594710578842,5.547971856287425,4.892996011416268,4.9797769463232315,-0.020415135801751187,3298.828125,0.002652965345418953,0.04716687161996185,0.11280284415127585,0.0028349003193886098,Outer Race Fault,3,0.007,133,10
0.00520954365682697,0.5842335366807523,0.34130168603738753,0.5842103097664295,3.1841346307385225,5.976394510978043,5.450105875175831,4.914980225777244,0.050160298069733655,3410.15625,0.0023543811797359683,0.04904191031832395,0.11710792372988336,0.0021737677798944663,Outer Race Fault,3,0.007,133,11
0.004989050658448726,0.5684461150631637,0.32310609510393096,0.5684242210743056,2.8438330339321354,5.642996407185628,5.00281901586422,5.270604069010833,-0.07252400711812505,3410.15625,0.002915804880467025,0.0457184530388408,0.11093582940724034,0.0020078668815951607,Outer Race Fault,3,0.007,133,12
0.005390974496319861,0.5854652354987998,0.3427404793716452,0.5854404148772488,2.791041616766467,5.566245808383234,4.7672200628421235,5.064479049220392,-0.05948385134003247,3410.15625,0.002587872130103484,0.04905000046491432,0.11740118669039384,0.002360273233316816,Outer Race Fault,3,0.007,133,13
0.005108418270880114,0.5858565069363273,0.3432017507824048,0.5858342349013113,2.9782481037924153,5.6515242514970065,5.083579457650542,4.854478741018757,0.01115952118287066,3410.15625,0.002319043273504103,0.04962922009379592,0.11732397138183208,0.002354774288697144,Outer Race Fault,3,0.007,133,14
0.005318798730663674,0.5771710461184857,0.3330981268575698,0.5771465384610478,2.9879942115768463,5.863908183632734,5.176964838536703,4.694698595569911,0.0011095159926682615,3410.15625,0.0025794305884322085,0.048510454669877,0.11350253139096753,0.001984964237825481,Outer Race Fault,3,0.007,133,15
0.005451054872676521,0.5867291755772408,0.3442214114743237,0.5867038532976614,3.134998003992016,5.855786427145709,5.343177286024197,5.238288755402365,0.023270825415142374,3310.546875,0.0025521951206430612,0.04979225973872055,0.11752488648804028,0.0022710807834059885,Outer Race Fault,3,0.007,133,16
0.004967041015625,0.5899728364032517,0.34804327619724706,0.5899519270222338,2.7833259481037924,5.551626646706587,4.717718810703624,4.604939300151089,0.0047562015767834065,3410.15625,0.00264419981874801,0.05049995279904448,0.11884433628930491,0.002057870636962375,Outer Race Fault,3,0.007,133,17
0.005413380709284557,0.5667562866298722,0.3211833837437783,0.5667304330488864,2.9741872255489024,5.738833133732536,5.247735747642858,5.022174294275697,-0.04775053049298978,3410.15625,0.0025855494223392694,0.046423259898120184,0.10944684517718116,0.0021654059709307846,Outer Race Fault,3,0.007,133,18
0.005274581159945731,0.5890704156776597,0.3469761334202379,0.5890468007045263,3.1301249500998,5.954059680638722,5.3136685645619135,5.061988082724314,-0.018924263896495895,3310.546875,0.0025568063926430817,0.05098102401569965,0.11782726968449532,0.0021507879657262797,Outer Race Fault,3,0.007,133,19
0.00507669265960267,0.5819596271220573,0.33865123479168385,0.5819374835767875,3.0444404191616767,5.745330538922156,5.231360179085328,5.297994684752343,0.09911639912956431,3310.546875,0.0026096505169286867,0.04878070552068867,0.11590197721888393,0.0020591955208500282,Outer Race Fault,3,0.007,133,20
0.005434200641685378,0.5733514477214136,0.32870235206762677,0.5733256945817331,2.74190499001996,5.4448255489021955,4.78224133019409,4.861779410715607,-0.04033391661952563,3310.546875,0.002405984803590597,0.048076578955753346,0.11161678049898098,0.002281546867843076,Outer Race Fault,3,0.007,133,21
0.00506717497621944,0.5932403920134875,0.3519084864540768,0.5932187509292646,3.0334760479041916,6.002790219560878,5.1134010575517665,4.954455030843749,0.007445980338209316,3310.546875,0.0023897751515730018,0.05206009961016142,0.11954378458401467,0.0019862688370022668,Outer Race Fault,3,0.007,133,22
0.004829232891638602,0.5842845261451788,0.3413650860023744,0.5842645684981885,2.8584521956087823,5.6251285429141715,4.892226420007116,4.848669304525223,0.006584707128600168,3310.546875,0.002337594353270169,0.04913271245351793,0.11720346334740799,0.002032119129197798,Outer Race Fault,3,0.007,133,23
0.004821698058960202,0.5737833755259776,0.32920411325781324,0.5737631159788971,3.003019461077844,5.9085778443113774,5.233716397455793,4.941483592776572,-0.07049192210498773,3310.546875,0.0026206443390263123,0.04742683309689021,0.11243575449822141,0.0021421253776263364,Outer Race Fault,3,0.007,133,24
0.004556392634652571,0.591993124326284,0.35043509853575416,0.5919755894762504,3.236113872255489,6.152636626746507,5.466472057320495,4.920955034568937,0.009753581092998651,3310.546875,0.0028145892359945366,0.050091306109792,0.12019651341442006,0.00213590381189044,Outer Race Fault,3,0.007,133,25
0.003984935061517592,0.5807341280677589,0.3372362477951757,0.5807204558091403,2.943730638722555,5.638529441117765,5.068981650031572,4.895761582142813,0.12003957448099382,3310.546875,0.0024498197438270015,0.048765104832382056,0.11532178408043056,0.002097334979534988,Outer Race Fault,3,0.007,133,26
0.004563134327049027,0.5896975165573229,0.3477223388389875,0.5896798613137365,2.9035279441117763,5.6693921157684635,4.923758134615667,4.815648403908173,-0.08262822626224903,3310.546875,0.002612397274789239,0.05150061120084582,0.11760388478831645,0.00216512098381231,Outer Race Fault,3,0.007,133,27
0.004117587773671408,0.5902139372577555,0.3483355372042279,0.5901995740461254,3.156926746506986,6.05639381237525,5.348783800624328,5.098473525501889,-0.07293406196132443,3310.546875,0.0026468578016023607,0.04998345806139465,0.11953532358007528,0.002019103583209635,Outer Race Fault,3,0.007,133,28
0.0034319179999376254,0.5676193687582176,0.3221799697283191,0.5676089936992886,2.9490097804391215,5.800558483033932,5.195400197302424,4.83187027040981,0.08286295327006271,3310.546875,0.002724245179074776,0.0472882050394472,0.10864906342138755,0.0024404307222909267,Outer Race Fault,3,0.007,133,29
0.004283750662737026,0.5836878619477905,0.34067316966544253,0.5836721422729052,3.019262974051896,5.8184263473053885,5.172735585037678,4.668087429359288,-0.02228967162619079,3310.546875,0.0025575976252271053,0.048714606268002815,0.11670857248523071,0.0023742520564538567,Outer Race Fault,3,0.007,133,30
0.004042636017028447,0.5903010905252882,0.3484390345693783,0.5902872475069899,2.947791516966068,5.799746307385229,4.99370840454137,4.785659559431665,-0.0035732493650888217,3310.546875,0.0026128059692755775,0.05095785588693473,0.11859599371100661,0.00206922580435466,Outer Race Fault,3,0.007,133,31
0.003918707847975925,0.5666914549845035,0.3211238488812557,0.5666779057641613,3.1276884231536926,6.026749401197605,5.519208725741632,5.688980408589906,-0.015523461401076093,3310.546875,0.0024053462965071045,0.0467777710871704,0.10912004880396607,0.0022741390518570487,Outer Race Fault,3,0.007,133,32
0.003956580296438372,0.5825325390825561,0.3393285045623276,0.5825191023153898,3.0452525948103792,5.845228143712575,5.2276094303786325,5.135918693998313,-0.060484076404764525,3310.546875,0.002963989404824476,0.04976113782610527,0.11470574319426931,0.0022490383966357426,Outer Race Fault,3,0.007,133,33
0.004259758169208459,0.5938473035504459,0.3526364743944752,0.5938320254032071,2.606271656686627,5.113051796407186,4.388790925048345,4.567471326353551,-0.012038723234014425,3310.546875,0.002806726232027907,0.05101075436771835,0.12066127168085598,0.0018576688219709677,Outer Race Fault,3,0.007,133,34
0.004047593143790541,0.5659410492349457,0.32027288819889366,0.5659265749184197,2.609114271457086,5.167061477045909,4.610222698961591,5.095921052665018,0.04901036563807108,3310.546875,0.0023839079939748397,0.04662055511946712,0.1092172644756729,0.0019311308791948097,Outer Race Fault,3,0.007,133,35
0.0041278985973365765,0.5898789589209744,0.3479401466308627,0.5898645154871267,2.8625130738522957,5.361171457085828,4.852712629534196,4.623436798378812,-0.05662289814762757,3310.546875,0.0023946720990914595,0.05097804262534034,0.11852750832107473,0.002086894929926566,Outer Race Fault,3,0.007,133,36
0.004731676636960454,0.5944830752186827,0.3533877379576652,0.5944642444736817,2.7979451097804393,5.46472385229541,4.70651768976132,4.5911925554695605,0.02206133294783886,3310.546875,0.0024440807571334527,0.051666245115795,0.12048636135109739,0.002119570990898614,Outer Race Fault,3,0.007,133,37
0.004208600621023578,0.5847882812526444,0.3419596215712346,0.5847731368413178,3.144744111776447,6.110403493013973,5.377577172101081,5.17409161496076,0.03921229165179152,3410.15625,0.0028068486045423053,0.050448619781736294,0.11554892180671049,0.0021931415530759214,Outer Race Fault,3,0.007,133,38
0.004537555552956585,0.5843778250358413,0.34147685298322417,0.5843602082476391,3.159769361277445,6.0036023952095805,5.407065815824973,5.340226972603979,-0.09795347806992248,3410.15625,0.002540551400085307,0.0496395900712982,0.11633304957168787,0.0022458251326616164,Outer Race Fault,3,0.007,133,39
0.004767169664577095,0.5807363478459171,0.3372319798028032,0.5807167810583772,3.003831636726547,5.752640119760479,5.172453296351159,5.283382253836253,0.033353802630879045,3410.15625,0.002446309099329665,0.0475126133205194,0.11650951321429927,0.0021703298724790186,Outer Race Fault,3,0.007,133,40
0.0037983488101921165,0.5660593502023663,0.32040876049784134,0.5660466062947832,2.663936127744511,5.232847704590818,4.70610745461965,4.706320292151581,-0.0016057037910309042,3310.546875,0.002673168291925847,0.04739727060238749,0.10774896855225205,0.0023994948848282847,Outer Race Fault,3,0.007,133,41
0.004253809617093936,0.5845289958157213,0.341656052053077,0.5845135174254544,2.7833259481037924,5.468378642714571,4.761655911046138,4.480539978552851,-0.04968178901251256,3310.546875,0.002637761368733023,0.05016533586202368,0.11574663335391731,0.002296399031596309,Outer Race Fault,3,0.007,133,42
0.004712641270193985,0.5868567986014974,0.34437869307705693,0.5868378763142823,2.88281746506986,5.755076646706586,4.912301385857208,4.898374330428314,0.03244296104757134,3310.546875,0.002551091141831603,0.049591171323514795,0.11788955633919507,0.0021797566563951576,Outer Race Fault,3,0.007,133,43
0.0039262426806543176,0.5765697471771923,0.33241725797838406,0.5765563788376502,2.9648472055888226,5.76847754491018,5.1422177804234686,5.102749451155452,-0.017359993169678078,3310.546875,0.002273608886830482,0.047104168339900394,0.11475145629848686,0.0020948144298735326,Outer Race Fault,3,0.007,133,44
0.004465578072370883,0.5830995303543597,0.33998512091195443,0.5830824306322001,2.869010479041916,5.620255489021956,4.9202757500050955,4.71376484352725,-0.008328844006942912,3310.546875,0.00284254712205634,0.049843864294108926,0.11508928626071642,0.002236804308648504,Outer Race Fault,3,0.007,133,45
0.0036161248304172914,0.5688148953284015,0.32353730878867115,0.5688034008237567,2.9774359281437124,5.9495927145708585,5.234454921270495,5.2310837853535705,0.08754102805628167,3310.546875,0.0027735043120374354,0.04702740331339045,0.10964476401049242,0.002336427181615633,Outer Race Fault,3,0.007,133,46
0.005020379699585204,0.5738132024012581,0.32923638703765923,0.5737912399450337,2.9104314371257485,5.790406287425149,5.072088660467125,4.9780296791127325,0.007346924902338012,3310.546875,0.002632726974730058,0.047486818464910326,0.11246410525318258,0.0020600322530847696,Outer Race Fault,3,0.007,133,47
0.004629758110731661,0.5929075562357874,0.3515179355813295,0.592889480073082,2.913680139720559,5.790406287425149,4.914223320442634,4.904075155170284,-0.020041576548533516,3310.546875,0.002756597685078642,0.051407884787872574,0.11933830459124661,0.0022776261225420555,Outer Race Fault,3,0.007,133,48
0.004395781727560506,0.5790436247819908,0.33527219650367057,0.5790269393591896,2.9741872255489024,5.707564371257485,5.1363785011339695,5.002336108283901,0.06375838038056665,3310.546875,0.0024331134947078977,0.0503039654200655,0.11298152602685467,0.0019368752473141095,Outer Race Fault,3,0.007,133,49
0.0038790508338791196,0.5853421469557314,0.34261038196737326,0.5853292936180226,2.988806387225549,5.8545681636726545,5.106084369235739,5.0769193740993455,-0.08830744033154515,3310.546875,0.0028158118641659134,0.05044168037445124,0.11594718821082352,0.0021155674515644794,Outer Race Fault,3,0.007,133,50
0.004148321959596432,0.594853151161951,0.3538330628722225,0.594838686428701,2.923832335329341,5.703503493013972,4.915217023929519,4.681041411672187,0.047074303124158653,3310.546875,0.002355769936263798,0.05065655072456744,0.12175761818468221,0.0021638243081377904,Outer Race Fault,3,0.007,133,51
0.004104897529160428,0.5688875621677691,0.32361620820546244,0.5688727522086661,3.013577744510978,5.750203592814371,5.297316983038999,5.067050741405032,0.08490841658156485,3310.546875,0.002159544087461903,0.047562160103462106,0.10986371918166561,0.0022395367315198216,Outer Race Fault,3,0.007,133,52
0.00415466708185192,0.5853315442268848,0.34259575540846854,0.5853167991852519,2.8170312375249504,5.620661576846308,4.812710446428665,4.65430410440507,-0.025436838659467848,3310.546875,0.0025285117153302852,0.050301291813158046,0.11618817244178119,0.0022971650689531903,Outer Race Fault,3,0.007,133,53
0.0040132898265968055,0.5926722860120642,0.35124433211153383,0.5926586978282979,3.110632734530938,6.06289121756487,5.248486909117291,5.202556715533186,-0.032244721678691066,3310.546875,0.002674082061289271,0.05091884328277102,0.11978567080665546,0.002259688055798918,Outer Race Fault,3,0.007,133,54
0.0041499082401603065,0.5854028907340244,0.3426793227413503,0.5853881812450182,3.0992622754491017,5.800964570858284,5.2942380786042955,5.134539706155298,0.04159121405880908,3310.546875,0.0026214631223969095,0.04826102097960154,0.11854584175811027,0.001928561911351314,Outer Race Fault,3,0.007,133,55
0.004407678831789547,0.5824186019874801,0.3391920003083666,0.5824019233384851,2.8815992015968064,5.580052794411178,4.947642798089664,4.55017073116604,-0.040123477336095434,3310.546875,0.0027228403217143225,0.04918840250025815,0.1157151433496596,0.00198904193230711,Outer Race Fault,3,0.007,133,56
0.004059490248019588,0.5920592791824726,0.3505177106049952,0.5920453619487237,2.957131536926148,5.740863572854291,4.994654489681194,5.133923114621748,-0.03527627178568329,3310.546875,0.0023622363825786634,0.05136683527828673,0.11960682928591795,0.0019394483900354801,Outer Race Fault,3,0.007,133,57
0.004149115099878371,0.5871668406352472,0.34474768358546576,0.5871521809424417,3.147586726546906,6.036495508982036,5.360634335449833,4.939276513547959,0.06435070697575594,3310.546875,0.002389469175621912,0.050752937186707474,0.11718265475440541,0.002066009736182758,Outer Race Fault,3,0.007,133,58
0.050804442131362273,0.20622808009132304,0.03994892967787421,0.19987228341587088,1.6094072654690619,3.048907385229541,7.804016139588631,15.754346645609587,-0.07773490124012945,3445.3125,0.0035789475188947864,0.00862790297910904,0.01025529789865314,9.340779388236373e-05,Inner Race Fault,0,0.014,169,0
0.050039458329434884,0.20614963669108213,0.03999372531796191,0.19998431267967473,1.9144604391217563,3.798707944111776,9.286751458071206,23.269644600896225,-0.21203830625815842,3539.0625,0.003452487740829671,0.00845769170972811,0.010500291583465635,9.034130345123568e-05,Inner Race Fault,0,0.014,169,1
0.049251156203218564,0.22173329270925643,0.04673997670833496,0.2161943031357093,1.7629084630738523,3.2907732934131735,7.950580815057992,14.977428284304228,-0.10972083125003924,2753.90625,0.0034227322451775995,0.01043420332778062,0.011850380959812199,8.834827217388319e-05,Inner Race Fault,0,0.014,169,2
0.04864773507672156,0.21222238903651303,0.04267174028027021,0.20657139269577046,1.6279248702594808,3.243991976047904,7.67084414443848,16.587791629314104,0.02651989837335328,3521.484375,0.0033011682907476943,0.008966285582990374,0.011340171512071414,9.485366074147923e-05,Inner Race Fault,0,0.014,169,3
0.047876485466566865,0.20400596379738528,0.03932627540426968,0.19830853588353095,1.57123500998004,3.0687244710578843,7.701907241989062,16.877297147635748,0.04056866855892645,3521.484375,0.0032094747427904996,0.008302655151979487,0.010348780536463523,9.439112155060637e-05,Inner Race Fault,0,0.014,169,4
0.04699935162877371,0.20333098987521583,0.03913455239011002,0.197824549513224,1.7872737325349302,3.489269021956088,8.789972121966157,21.519986604546684,0.0030769726335771156,3521.484375,0.0030545957023684566,0.008528686016865381,0.010084962504818672,0.00010798744714699858,Inner Race Fault,0,0.014,169,5
0.04653552319189746,0.19182306306570554,0.03463053260516602,0.18609280643046366,1.5930013173652695,2.8603201996007988,8.304534876599357,15.755853572930206,0.04909417068328095,2783.203125,0.0030246453470299944,0.0076971590693750876,0.008676221593104412,8.280285654886375e-05,Inner Race Fault,0,0.014,169,6
0.04567544187016592,0.18960416789281048,0.033863494492290154,0.1840203643412602,2.010784471057884,3.9450619960079836,10.605170199605775,27.076807432652235,-0.06956499700723236,2753.90625,0.0028681437305546013,0.008040257244576708,0.008044647298179037,6.494508493781707e-05,Inner Race Fault,0,0.014,169,7
0.045187581282747004,0.187408662829896,0.033080089401504774,0.18187932648188682,1.5878033932135727,2.9748369660678637,8.472411943170226,19.29907746682268,0.06323264054256542,3416.015625,0.002813028130508155,0.007933473399004553,0.007763792904014999,7.16688792049163e-05,Inner Race Fault,0,0.014,169,8
0.04459835736729666,0.1913210055881087,0.034614713699384014,0.18605029884250124,1.7629084630738523,3.3292704191616767,9.214400988823904,21.076496332363853,-0.13924562515742217,3697.265625,0.002759796333937112,0.007738470657654024,0.008725196117210836,7.290756953668956e-05,Inner Race Fault,0,0.014,169,9
0.044163319922654695,0.18416197682784763,0.03196523488254994,0.17878824033629823,1.5156821956087823,2.9246445109780437,8.230158155967361,19.606289882261855,-0.0731596910179068,3697.265625,0.002708331221541952,0.007146729535831961,0.008013273678470925,6.468208571283471e-05,Inner Race Fault,0,0.014,169,10
0.04261058919270833,0.1973947798479335,0.03714903679986438,0.19274085399796376,1.671782355289421,3.239931097804391,8.469232857005174,18.339069358954095,-0.4066786242980369,3697.265625,0.002812798685499749,0.008158977519296578,0.009307106556689945,0.00011130619428416804,Inner Race Fault,0,0.014,169,11
0.04357750651041667,0.20696845331306116,0.04093694159313537,0.20232879575862495,1.6254883433133733,3.2334336926147706,7.853797606800754,18.137145673338612,0.0398889840106927,3533.203125,0.0028792757797555914,0.00917941560314994,0.010195179818972298,0.00011361403059599817,Inner Race Fault,0,0.014,169,12
0.04194435135588198,0.18876357749787642,0.03387235957913112,0.184044450009043,1.5629508183632734,3.106734291417166,8.27993852988327,18.049002902843643,-0.19134099688221,3697.265625,0.0026049444238653713,0.007375859696987065,0.008640232406148531,7.447189187909734e-05,Inner Race Fault,0,0.014,169,13
0.0417343278092253,0.18478810027738823,0.03240488788643822,0.18001357695029066,1.4490837924151696,2.86080750499002,7.841867470036911,18.244466116959515,-0.2281780365058834,3462.890625,0.0027050089641180047,0.00714563917612776,0.008019943456929307,7.361034611277416e-05,Inner Race Fault,0,0.014,169,14
0.040533196166261234,0.1910425170660717,0.03485430333548769,0.1866930725428442,1.6027474251497007,3.1676474650698605,8.389480256875979,17.771317627417286,-0.20292832309058215,3714.84375,0.002768113709373172,0.007749851523867658,0.008468019318129405,8.411531162637476e-05,Inner Race Fault,0,0.014,169,15
0.04022886824008234,0.19133910086991385,0.03499228968182916,0.18706226151158645,1.7702180439121755,3.53994878243513,9.251731799010061,21.487816955668414,-0.1634782168583549,3544.921875,0.0026977271894977964,0.0076449954281608895,0.00869057726442553,8.120946093888697e-05,Inner Race Fault,0,0.014,169,16
0.03964337208395709,0.197408040469413,0.03739833749178634,0.19338649769770985,1.6558637125748503,3.306204630738523,8.388025678373596,19.156483243699316,0.06305035379233329,2712.890625,0.002760753970718998,0.00843054255204185,0.008994985461822178,8.448433715914452e-05,Inner Race Fault,0,0.014,169,17
0.038898296103106286,0.20169896885961272,0.039169396599306086,0.19791259838450428,1.618828502994012,3.171708343313373,8.025963207183052,16.703025446470015,-0.034027459122690035,2712.890625,0.002699953196251266,0.008609491053450541,0.009698186765386906,9.014745642230363e-05,Inner Race Fault,0,0.014,169,18
0.03864552229525324,0.20515468965528325,0.04059497029408267,0.20148193540385367,1.6483916966067864,3.202895888223553,8.0348721219902,17.35130597158277,-0.004282525299772981,2812.5,0.00257834172280823,0.009292387128311335,0.009832997846047084,8.723485920334809e-05,Inner Race Fault,0,0.014,169,19
0.037723417403474305,0.20612675464002303,0.04106518275783151,0.20264546073828427,1.9006534530938124,3.786038003992016,9.220799388284592,20.98003527923115,-0.0887915894243825,2753.90625,0.002655997081781834,0.009578037970299793,0.009617324280237816,0.00010430679438375883,Inner Race Fault,0,0.014,169,20
0.037657824702158185,0.22527077120309555,0.04932880859713895,0.22210089733528532,1.8256084231536926,3.5826692215568863,8.104062561706213,18.090979513042946,0.10889123186169418,2724.609375,0.002573761919693622,0.012063919908104912,0.01130610415830979,0.00013875392977416782,Inner Race Fault,0,0.014,169,21
0.03702624709565244,0.19916698939836355,0.03829654669201955,0.1956950349191812,1.842339241516966,3.5854306187624747,9.250223880384183,19.4762890678093,0.1381780506542833,3574.21875,0.0024728890136331747,0.008861608970808243,0.009092991066565095,9.172727536091907e-05,Inner Race Fault,0,0.014,169,22
0.03637769628711327,0.19936714652130874,0.03842392232489153,0.1960202089706353,1.8546843113772455,3.5933899401197604,9.302858288032995,21.761041493892925,0.09312935625355692,3574.21875,0.002390751279183571,0.008958179996585753,0.009103312057993352,8.305761203263767e-05,Inner Race Fault,0,0.014,169,23
0.03885689418038922,0.20058355794464208,0.03872390549238562,0.19678390557254835,1.6620362475049901,3.216540439121757,8.286004418984762,16.475255657616344,0.10198689965249427,3445.3125,0.0026088428858885766,0.008249758252368757,0.009927183269787466,8.602668680457287e-05,Inner Race Fault,0,0.014,169,24
0.037632523527164424,0.1937810979316521,0.03613490708857395,0.19009183856382142,1.7513755688622754,3.3783258283433133,9.037907141386913,20.75858420894834,-0.08838120207066671,2765.625,0.0025122965758449106,0.007978611945615307,0.00889971921496693,9.30327312089869e-05,Inner Race Fault,0,0.014,169,25
0.03685818066991018,0.19970651694016484,0.038524167426076616,0.19627574334613185,1.8111516966067864,3.6028111776447105,9.069066570068093,17.598040201534083,0.04479039859557237,2753.90625,0.0023942240713664084,0.00786753308254244,0.010271852098777793,8.700205758581026e-05,Inner Race Fault,0,0.014,169,26
0.03566045953015843,0.20425519144818713,0.040448514859633494,0.20111816143658806,1.771842395209581,3.3831988822355292,8.674650483285461,18.36725200464881,-0.0270287016197057,2625.0,0.0022608679317556446,0.008160731878077735,0.010991880917113984,8.244803013950518e-05,Inner Race Fault,0,0.014,169,27
0.03478483265890095,0.1963076308935786,0.03732670136394175,0.19320119400237087,1.465489740518962,2.891020439121756,7.465271389849468,15.01009064909399,-0.19497359662965025,3714.84375,0.0022050620685093833,0.007800871135269111,0.009785903268876307,8.149996665183506e-05,Inner Race Fault,0,0.014,169,28
0.034500491867826846,0.19998148536970478,0.038802310551551464,0.19698302097275153,1.7499136526946109,3.449797285429142,8.750378313570149,19.70767432081935,-0.3427278057646207,3714.84375,0.0021017495337527273,0.008238836529000348,0.010167554860084816,8.330041732758614e-05,Inner Race Fault,0,0.014,169,29
0.033236305572448846,0.2099039028138599,0.04295499640838514,0.20725587183089683,1.537123632734531,3.015120878243513,7.322987386745413,15.898839978299375,-0.16011026065199221,3714.84375,0.002000570569589565,0.009927270226053516,0.010559276708201056,9.503369131809577e-05,Inner Race Fault,0,0.014,169,30
0.03262582549744261,0.18971317675427277,0.03492664494480837,0.1868867168763162,1.9511707784431138,3.7808400798403197,10.284845849007002,23.90350961025041,-0.2795867864767543,3714.84375,0.0020145983273722216,0.007734681938355704,0.00870295689036171,7.553216458388001e-05,Inner Race Fault,0,0.014,169,31
0.032003289690150954,0.18992059819962592,0.03504562306951203,0.18720476241140885,1.792309221556886,3.405777365269461,9.437150254091904,18.608264345479622,-0.05494042421665884,2753.90625,0.002001328564309596,0.007805448307703027,0.00865681633985674,8.343594149989988e-05,Inner Race Fault,0,0.014,169,32
0.031616237232566125,0.19159125158193266,0.03570762122598551,0.18896460310329422,1.623863992015968,3.192824910179641,8.475668792849522,20.222381235070547,-0.20155110974888588,3697.265625,0.0019314043355124948,0.007603053045584101,0.009230598603711596,8.835204866862106e-05,Inner Race Fault,0,0.014,169,33
0.030934215904129238,0.1893763875893848,0.03490649046280162,0.186832787440539,1.794420878243513,3.3728030339321355,9.475420357760042,21.387436727603014,-0.2285177947029892,2753.90625,0.0018931984902196826,0.007747173741614357,0.008704297252277428,6.550214980141424e-05,Inner Race Fault,0,0.014,169,34
0.03054993943753119,0.1875000261079158,0.03422296099083229,0.18499448908232993,1.447297005988024,2.88907121756487,7.718916290470439,18.207207280673497,-0.12606592663380706,2724.609375,0.001903891121309394,0.007897734415225609,0.008174539524010807,6.861429014538686e-05,Inner Race Fault,0,0.014,169,35
0.030205478613086326,0.18308493655016325,0.03260772305333169,0.18057608660432226,1.366241876247505,2.724361996007984,7.462339076012241,16.720172561164507,0.12475405222929914,3697.265625,0.0019260309706076832,0.007432935034677197,0.007776129983506204,8.113675170401956e-05,Inner Race Fault,0,0.014,169,36
0.029288687761196357,0.18229969943512486,0.032375353183364014,0.17993152359540562,1.6264629540918163,3.165210938123752,8.921917913916403,19.08209423795134,-0.02707683871024531,2753.90625,0.001961075877545419,0.0076814796097981345,0.007325689118286918,7.726309920524333e-05,Inner Race Fault,0,0.014,169,37
0.028806379155751,0.18884542342224453,0.034832786467461935,0.18663543733027213,1.6267878243512974,3.190713253493014,8.614388396979678,19.577340273633844,-0.020427631548910294,3445.3125,0.0017687891876447715,0.008380829224786572,0.008018272802392108,7.830965398820223e-05,Inner Race Fault,0,0.014,169,38
0.029089926806543164,0.21035086966316408,0.0434012645264394,0.2083297014984647,1.7057312974051897,3.4030159680638725,8.108981437236679,19.705465356496166,-0.01884780743897748,3714.84375,0.0020261869033176313,0.01008238793104764,0.010340159750882434,9.812288555104609e-05,Inner Race Fault,0,0.014,169,39
0.028088349258514222,0.1875182566854056,0.034374141226265385,0.18540264622239183,1.7507258283433134,3.26462123752495,9.336295352193146,19.77533326257431,0.22341648338646247,3714.84375,0.0019353117384190428,0.007928401397585702,0.008030000768761834,8.231404042483535e-05,Inner Race Fault,0,0.014,169,40
0.02794510812359656,0.19451506605431507,0.03705518185407507,0.19249722557500684,1.7274976047904191,3.447035888223553,8.8810478274626,20.47875992782108,0.09537516172315162,3714.84375,0.0018549975179242585,0.008172461576257716,0.009190702451837465,9.035846868776688e-05,Inner Race Fault,0,0.014,169,41
0.02745383703296532,0.1990825485092119,0.03888014795309008,0.19718049587393294,1.7770403193612774,3.376051736526946,8.926148136379974,20.697779123117297,-0.12149067350307367,2712.890625,0.001774396054599161,0.008999058330862371,0.009333777535050724,8.655532691045853e-05,Inner Race Fault,0,0.014,169,42
0.027058773858532933,0.2002899958221181,0.03938390518369686,0.1984537860150238,1.6427064670658682,3.278753093812375,8.201640128470478,19.41097746570755,-0.09437852691714965,2712.890625,0.0017774536570611095,0.008809152044503731,0.009743289411372801,9.423653839652696e-05,Inner Race Fault,0,0.014,169,43
0.026617946489832834,0.19770628160643114,0.03837925871130586,0.1959062498015463,1.748451736526946,3.469939241516966,8.843683277638817,19.62869446472122,-0.06695296186318865,2783.203125,0.0016907680110411869,0.008650541055796058,0.009468793456869622,8.804242065433748e-05,Inner Race Fault,0,0.014,169,44
0.02620162715584456,0.19545934148816665,0.03751782890937386,0.19369519588614958,1.592514011976048,3.0841558083832337,8.147546184547341,16.201259835488553,-0.14105750843338558,2783.203125,0.0017267452730348742,0.00886932715978548,0.008767834417393691,8.153289729097381e-05,Inner Race Fault,0,0.014,169,45
0.026376911158152445,0.19763557013255592,0.03836407713937537,0.1958674989358249,1.7045942514970058,3.2712810778443115,8.624936545348184,18.933356058603774,-0.1429476146219598,2783.203125,0.0017330966994674219,0.009117166685285165,0.008934204778027451,9.331437993569214e-05,Inner Race Fault,0,0.014,169,46
0.026290696809505985,0.19472990949893387,0.03722853691473361,0.19294697954291384,1.8108268263473055,3.4926801596806385,9.299171508921281,25.29435019469,-0.3710975999472078,2783.203125,0.0017287031569192504,0.008866395740408733,0.00862009407446971,9.027847548118884e-05,Inner Race Fault,0,0.014,169,47
0.025805850155158433,0.20078132784686978,0.03964719970972171,0.19911604583689813,1.6524525748502994,3.17690626746507,8.230110800495243,17.670895589136354,-0.1906763439932608,2753.90625,0.0016056833387324296,0.009585285788519653,0.009209909217805522,8.866577636440344e-05,Inner Race Fault,0,0.014,169,48
0.025362246795471555,0.18893327532500112,0.03505253896251827,0.18722323296674018,1.7089800000000002,3.224174890219561,9.045415621256922,19.77503777729455,-0.04534728461861644,3574.21875,0.001576490542388424,0.007773761220996639,0.008728255868574404,9.100974698487391e-05,Inner Race Fault,0,0.014,169,49
0.024656669200661178,0.19243974650077086,0.03642510469721012,0.19085362112679477,1.6862390818363273,3.250814251497006,8.762426226899922,17.195860272885827,-0.30284527308905573,3574.21875,0.0015618762935615503,0.00831608859225378,0.00884607627947435,9.64628255678948e-05,Inner Race Fault,0,0.014,169,50
0.024289048679983785,0.19312268036786145,0.036706411786688556,0.19158917450286317,1.7817509381237526,3.4350156886227547,9.226005639160872,20.681393259094506,-0.18252180253807834,3574.21875,0.001485845511221154,0.007669595877428311,0.009693429376576709,9.429575189586175e-05,Inner Race Fault,0,0.014,169,51
0.023636611484063125,0.20105446608687516,0.039864208931029904,0.1996602337247703,1.8390905389221557,3.659176167664671,9.147225499221136,20.41922958745507,0.03299720934915865,2753.90625,0.0015768879967479987,0.007829533752174277,0.010994056002952128,9.031675019631045e-05,Inner Race Fault,0,0.014,169,52
0.023446337130426646,0.19796513924964024,0.03864046563329583,0.1965717823933431,1.4396625548902195,2.8788378043912175,7.272303398199619,14.328175256996428,0.08663124288340472,2753.90625,0.0016208716808106503,0.007616665060445094,0.010546236177633402,8.619171008088507e-05,Inner Race Fault,0,0.014,169,53
0.023057143194080587,0.19785579038940587,0.03861528193834418,0.1965077147043957,1.695173013972056,3.379625309381238,8.567720007767958,17.297255374809712,0.10316582186414809,3714.84375,0.0016474323369105358,0.008178522169692549,0.009909694720127647,0.00010364403136288143,Inner Race Fault,0,0.014,169,54
0.022345379105071107,0.20202339315655013,0.040314135415136676,0.20078380267127297,1.7752535329341317,3.5336138123752496,8.78736618169,19.15759499872464,0.021002991056751835,3714.84375,0.001620787542408675,0.009035320967939513,0.009906838961108128,9.344977231045104e-05,Inner Race Fault,0,0.014,169,55
0.02253152912924152,0.20296965089361027,0.04068900937897217,0.2017151689362309,1.8783998403193614,3.6430950898203593,9.254584771907373,19.441770745318912,-0.05644302439522169,3714.84375,0.0016261293384246247,0.008944964657830559,0.01019360659707321,8.747448805875461e-05,Inner Race Fault,0,0.014,169,56
0.02213662458286552,0.2070575585683513,0.04238280241236351,0.2058708391500931,1.7057312974051897,3.185028023952096,8.237957161279454,16.469974122906905,0.13135811595166566,2753.90625,0.0018382166296154554,0.00905716373723753,0.010697220012831252,8.88309760841398e-05,Inner Race Fault,0,0.014,169,57
0.021593006233626498,0.19862155278944016,0.03898426331428294,0.19744432965847092,1.792309221556886,3.4402136127744507,9.023739852929875,19.34943839299228,0.09022638294017161,2753.90625,0.0017186328140411419,0.008965307003245986,0.00918478283221666,8.966695792890359e-05,Inner Race Fault,0,0.014,169,58
0.003209680092939122,0.16816166080085923,0.028268042117004226,0.1681310266340042,1.5015503393213574,2.833193532934132,8.929207360169489,18.23894330166303,-0.06613317069595945,2589.84375,0.0006912482098850789,0.004720056123216279,0.008680133377069528,5.288552810662987e-05,Inner Race Fault,1,0.014,170,0
0.0032012728059506,0.17304515631203982,0.029934377975480174,0.17301554258354992,2.030114251497006,4.03163992015968,11.731702260629866,32.45700765104198,-0.030204514974490608,2589.84375,0.0006801348805693034,0.005449792178731491,0.008775894186135601,7.161666994306116e-05,Inner Race Fault,1,0.014,170,1
0.002907572959549651,0.15435220030830427,0.02381614775949978,0.15432481252053987,1.6555388423153692,3.2017588423153693,10.725722335079016,21.776391344331604,-0.22613332071054892,3369.140625,0.0006951115153549359,0.003353151632423593,0.0078051289426466055,6.313588944207817e-05,Inner Race Fault,1,0.014,170,2
0.00314488053190494,0.1510069472894235,0.02279320785611077,0.15097419599425185,1.3353792015968065,2.5693988822355287,8.843164010443752,16.34071411397854,-0.04493859251272761,3369.140625,0.0006622737240269432,0.0038116601298076405,0.006879715365706379,5.284548281844079e-05,Inner Race Fault,1,0.014,170,3
0.0031062546001746493,0.16705182594401544,0.02789666373358852,0.16702294373405266,1.4838449101796407,2.866167864271457,8.882542299638951,18.57389416137004,-0.13005413000422178,2589.84375,0.0006633179676283539,0.005486000673870839,0.0077406351618891905,6.802888402323974e-05,Inner Race Fault,1,0.014,170,4
0.003478713276571856,0.15400877342188188,0.023706600844851954,0.153969480238299,1.571559880239521,3.0822065868263473,10.204352942507304,21.571705464593357,-0.04727217209017733,3562.5,0.0006648688565821324,0.003933463443604831,0.007207548743356789,5.952082555931332e-05,Inner Race Fault,1,0.014,170,5
0.0035168633241329838,0.14700906889434415,0.021599298009541395,0.14696699632754762,1.3779372055888222,2.6343729341317363,9.373144228123435,17.213320792919546,-0.17635331926300707,3632.8125,0.0007131356315067112,0.0033366663712984003,0.006708341539034428,5.387415203942322e-05,Inner Race Fault,1,0.014,170,6
0.003901694988928393,0.1677909958182607,0.02813859505389696,0.16774562603506823,1.7367564071856287,3.4306299401197604,10.35071279430727,25.40693085881915,0.002350634762461169,3492.1875,0.0006452307039493873,0.005271916623671537,0.008110075229572007,5.7298517642962334e-05,Inner Race Fault,1,0.014,170,7
0.003934213740487775,0.17145797092588203,0.029382357756264764,0.171412828447187,1.7685936926147705,3.52435500998004,10.315027543276477,26.49793800451586,0.12074672528344924,3492.1875,0.0006579172765650898,0.005168788099673592,0.008814058036629652,6.589523941137196e-05,Inner Race Fault,1,0.014,170,8
0.003934451682572356,0.15240320961033443,0.023211258389489037,0.15235241510881617,1.3240087425149702,2.609682794411178,8.687538444237525,15.39271808471467,0.0385459886737032,3667.96875,0.0007182929184389423,0.0035485417192904095,0.007296904322329422,5.7371895170035655e-05,Inner Race Fault,1,0.014,170,9
0.004182783904846557,0.1807655355163886,0.032658683149332096,0.18071713573795956,1.4921291017964071,2.9749994011976044,8.254499938463809,19.21538349682084,0.11464981295436838,2589.84375,0.0007006833115718937,0.00624036879771182,0.009332450400208098,7.335701839709907e-05,Inner Race Fault,1,0.014,170,10
0.004348074339602046,0.17598518111474343,0.030951878221526338,0.17593145887397835,1.5325754491017964,2.9594056287425152,8.70854829590764,17.611608392929348,0.03777255127251998,3667.96875,0.0006755555807451504,0.005250419480330728,0.009474588425009157,9.431569039077324e-05,Inner Race Fault,1,0.014,170,11
0.003644083025355539,0.16449527000853834,0.027045414514086246,0.16445490115556377,1.3525973253493013,2.6796923353293414,8.222712575742106,16.519247165742104,0.09512626833410175,3474.609375,0.0006316776769769361,0.0036899669586775174,0.009151230015681425,6.311218467059127e-05,Inner Race Fault,1,0.014,170,12
0.0041829425329029425,0.16842671986504407,0.02835006295626446,0.1683747693577172,1.3384654690618762,2.6543524550898203,7.946871316702918,15.967145478039079,0.0965624156534544,2589.84375,0.0007122495260908566,0.004635382714573347,0.008781201070623152,6.369953243345057e-05,Inner Race Fault,1,0.014,170,13
0.00410489752916043,0.17554270843559258,0.03079839230117856,0.17549470733095787,1.5702603992015969,3.0346130938123754,8.94517586743133,18.584524822281715,0.0075347851202074165,2589.84375,0.0007630444727642078,0.005713448191772095,0.008868287977452724,7.126572071201179e-05,Inner Race Fault,1,0.014,170,14
0.0041803251699725555,0.15010244900982203,0.022513270080219517,0.15004422708061618,1.206893013972056,2.3363044710578844,8.040461844117429,13.280705458901675,-0.1868431870006437,2589.84375,0.0006435218050167199,0.0033494003677752527,0.007219379515327994,6.180847606490852e-05,Inner Race Fault,1,0.014,170,15
0.004179769971775199,0.15709790159036396,0.02466228020707873,0.15704228795798517,1.4001908183632734,2.640545469061876,8.912855004354546,14.97763755618795,-0.2327980687294262,3474.609375,0.0006717643472485438,0.004138433300212661,0.00747842631994321,5.998908782170481e-05,Inner Race Fault,1,0.014,170,16
0.004553418358595309,0.17385600484771715,0.030205176802861056,0.17379636590809674,1.5839049500998004,3.148480119760479,9.110441433916328,19.992774390518072,-0.1315499599518294,3474.609375,0.0006724940263021331,0.005439812374211817,0.008934961752995206,7.605533824415678e-05,Inner Race Fault,1,0.014,170,17
0.004443806371631736,0.16532324072653956,0.02731202650925679,0.1652635062839246,1.5538544510978045,2.9468981237524954,9.398886957871992,16.34400573900221,-0.07410323712843704,3533.203125,0.000591356795970181,0.004203027177419834,0.008811540957514935,6.98357871550165e-05,Inner Race Fault,1,0.014,170,18
0.004569281164234031,0.1549889301672094,0.024000690144018295,0.15492156126252501,1.3774499001996008,2.7129915369261477,8.88740827305242,16.350650427693793,0.017023989758957764,3533.203125,0.0006442678432233737,0.003452370579774472,0.007863391933814759,6.119493961318497e-05,Inner Race Fault,1,0.014,170,19
0.004175962898421906,0.17394784558190787,0.030240414316458266,0.17389771222318673,1.4060384830339323,2.661337165668663,8.083103750611631,15.127989146161429,-0.06750694960577396,2589.84375,0.000698858394160042,0.005436707092133323,0.008927190125404827,7.489041399112779e-05,Inner Race Fault,1,0.014,170,20
0.004144078659088075,0.17436576417229654,0.03038624632745622,0.1743165119185679,1.6930613572854292,3.207931377245509,9.70982672729527,18.774527630124076,-0.09803512057714617,3533.203125,0.0006485604326903786,0.004994312043107612,0.009495131475722741,7.229268577244727e-05,Inner Race Fault,1,0.014,170,21
0.003976091547374001,0.16107371969030201,0.025928933870876886,0.16102463746544157,1.259197125748503,2.480221996007984,7.817520624528778,14.418023239392944,0.06791900412833815,3667.96875,0.0006817362105629669,0.0038966583993893717,0.008340741416784302,6.11414023477525e-05,Inner Race Fault,1,0.014,170,22
0.004348946793912176,0.17727325207708441,0.03140689256376924,0.17721989889335013,1.366891616766467,2.7164026746506984,7.710647831812192,15.178206924704096,0.08854772219725401,2589.84375,0.0007418284560190118,0.005249060015119071,0.009668209697924287,6.326169412433782e-05,Inner Race Fault,1,0.014,170,23
0.004306037904659431,0.18346093116106185,0.03363937130004751,0.18341039038191786,1.5411845109780438,2.893781836327345,8.400614240996221,16.12174844998976,0.06185772354112885,3492.1875,0.0007308886874462428,0.0049648399414620095,0.011073464709637323,6.903498957459718e-05,Inner Race Fault,1,0.014,170,24
0.003975932919317615,0.15931896014290226,0.025366723018436767,0.1592693411125844,1.2630955688622754,2.5205059081836327,7.928093227129608,13.316372702246792,0.12068670366978312,3369.140625,0.0007123016812753051,0.0033231139235651067,0.008610233140884013,5.352112214670682e-05,Inner Race Fault,1,0.014,170,25
0.004200629561190121,0.1726140284847659,0.029777957541029233,0.17256290893766607,1.4398249900199602,2.860157764471058,8.341297649206028,17.220235001063386,0.025827966749307665,2589.84375,0.0007507317639845943,0.005319912712466863,0.008776792275000585,5.9189754622033107e-05,Inner Race Fault,1,0.014,170,26
0.003636389564620758,0.17068986093627314,0.029121805297378584,0.17065112158253923,1.5774075449101796,2.980034890219561,9.24136639550666,23.018805258713954,0.273810114897047,2589.84375,0.0007046549061020253,0.005030962718291109,0.00877154389094629,6.696484772184884e-05,Inner Race Fault,1,0.014,170,27
0.0036497936353854787,0.1450796388972624,0.021034780628979156,0.14503372238544784,1.3803737325349301,2.6579260279441117,9.514593109184926,20.045389072136192,0.17393214359384235,3369.140625,0.0006846230654151632,0.003100842216349977,0.00668646148820021,5.878747929435858e-05,Inner Race Fault,1,0.014,170,28
0.0031836650916916166,0.1461599643106985,0.0213525994438886,0.1461252868051543,1.3766377245508983,2.656626546906188,9.418705943472458,21.26369815653519,-0.08714048176280696,3533.203125,0.0007054634829344597,0.003865072205837931,0.006063476916595804,5.24228947968706e-05,Inner Race Fault,1,0.014,170,29
0.003504173079622006,0.16891464550463026,0.02851987823698296,0.16887829415582975,1.8995164071856288,3.685653093812375,11.245421624103988,29.056571053969435,0.07677764016151473,3533.203125,0.0006726943865989574,0.005836085186961307,0.007701519755682893,6.191907219775e-05,Inner Race Fault,1,0.014,170,30
0.003646145190088573,0.15246905146971354,0.02323351728132695,0.15242544827333443,1.2494510179640719,2.4948411576846308,8.194784488524629,15.124184176501945,-0.0843978406874408,3492.1875,0.0007032042764807496,0.003665280609579978,0.007204042666320385,5.75254788853156e-05,Inner Race Fault,1,0.014,170,31
0.0035983188310878245,0.15117109962853342,0.022839753464489812,0.1511282682508134,1.391906626746507,2.624789261477046,9.20749157852779,17.078406605754164,0.06332463007911747,3667.96875,0.000698331908530803,0.003418794587646609,0.00725205871053362,6.365586094085608e-05,Inner Race Fault,1,0.014,170,32
0.0029855386492639714,0.18925504625491074,0.035808559091922154,0.1892314960357344,1.7054064271457086,3.3305699001996008,9.011154317379038,20.65304854308865,-0.05216136387619156,3509.765625,0.0007402961753774478,0.006954287269091854,0.01015391243006844,6.470929449480347e-05,Inner Race Fault,1,0.014,170,33
0.003454522497972805,0.16042538036667633,0.025724368940103784,0.16038818204625857,1.435114371257485,2.764158602794411,8.945681587148588,13.617922905598569,-0.18754005463126083,3509.765625,0.0006819393249913757,0.003977436182890829,0.008153502966971643,6.123979451671807e-05,Inner Race Fault,1,0.014,170,34
0.0031298108665481538,0.15924620190667538,0.02534955710564125,0.1592154424220253,1.267318882235529,2.368466626746507,7.958236159241201,14.81196994897114,-0.1645554851508938,3726.5625,0.0006733592320114386,0.003846394459805835,0.008109533715512346,5.528831169015117e-05,Inner Race Fault,1,0.014,170,35
0.0032986704325723547,0.17427266751722523,0.030360081416946603,0.17424144574970274,1.5428088622754492,3.0159330538922156,8.852844707406323,16.98872249278309,-0.08193777920700197,3667.96875,0.0006924543750148519,0.005447992131637732,0.008989030675841819,6.144481077815694e-05,Inner Race Fault,1,0.014,170,36
0.0030972921149887726,0.1717745418503115,0.02949690000943885,0.17174661571465927,1.4588299001996008,2.7495394411177645,8.492701447405755,15.546879252076959,-0.08162482417949324,3568.359375,0.0006401358213195621,0.004751338419603523,0.009295390940586087,7.117853241023268e-05,Inner Race Fault,1,0.014,170,37
0.003234584697791916,0.15682067778503817,0.02458226244279157,0.1567873159499568,1.3444755688622754,2.6327485828343313,8.573330939847194,15.329579212027305,-0.005270891262808438,3380.859375,0.0006198406709897673,0.003531626415784872,0.008089817430933045,6.0309420020923405e-05,Inner Race Fault,1,0.014,170,38
0.003009808741891218,0.18000853854188378,0.032394014999322096,0.17998337423029412,1.7887356487025947,3.4013916167664666,9.936948898045731,20.613063710236656,0.02826597721422476,2589.84375,0.0006803300294566833,0.005895613968060182,0.009565485176466743,6.463755366053498e-05,Inner Race Fault,1,0.014,170,39
0.003171767987462574,0.17408206421477385,0.03029450496911035,0.17405316707578278,1.4729617564870259,2.777153413173653,8.46130681601844,16.76186789774532,0.24816311073261937,2589.84375,0.0007067809170752453,0.004881668992572492,0.00949658127373111,7.228152689002725e-05,Inner Race Fault,1,0.014,170,40
0.0028380145568238533,0.14692081327034984,0.021577671045396256,0.1468934002785566,1.2104665868263473,2.4087505389221557,8.238904753399103,12.826659021776447,0.191695676141739,2589.84375,0.0006408246141414787,0.0031670696289295627,0.00692969879326865,5.929782061733866e-05,Inner Race Fault,1,0.014,170,41
0.002957382169255239,0.15945069777060103,0.025415778910236525,0.15942326966361128,1.3217346506986027,2.489968103792415,8.289299885035057,14.443518086936667,0.21881362542221433,3591.796875,0.0007689808085724023,0.0040236778022542646,0.00786099017062244,6.298678409965715e-05,Inner Race Fault,1,0.014,170,42
0.002906541877183134,0.18195906043727825,0.03310065168953326,0.18193584498260165,1.5096720958083831,2.9170100598802393,8.296767922302891,16.77215303058106,0.05844911465573702,3263.671875,0.0007179678109951232,0.0055467687260744285,0.010217747547941195,7.62899206235314e-05,Inner Race Fault,1,0.014,170,43
0.002980938435628742,0.16569508894630672,0.027445976506967493,0.1656682724813882,1.429754011976048,2.7144534530938125,8.62882551962272,16.90725190835372,-0.0024573550648222565,3691.40625,0.0006950109208299358,0.004143299604060188,0.008826000203660993,6.756411133659911e-05,Inner Race Fault,1,0.014,170,44
0.0028848891474862774,0.16113398561796058,0.02595583873573585,0.1611081585014733,1.4882306586826348,2.8794875449101798,9.23598242155534,17.39975926103863,0.15389217391000679,3667.96875,0.0007797677984143782,0.004071634660673175,0.008079781993314977,5.505750086182192e-05,Inner Race Fault,1,0.014,170,45
0.003027099200037424,0.18180476872812543,0.0330438106027203,0.18177956596581557,1.7169393213572854,3.2902859880239523,9.44386296007907,18.994959833721904,0.11218970506252483,3667.96875,0.0007052986320310248,0.005568058701435153,0.010185694728829926,7.201810106168533e-05,Inner Race Fault,1,0.014,170,46
0.0034158172522143213,0.1712993563425527,0.029331801675872328,0.17126529618072756,1.7335077045908185,3.320336487025948,10.119756090176246,18.82660825346519,0.13336871875006087,3474.609375,0.0006553210590400461,0.003927758259022353,0.010018809425324767,7.567993806071867e-05,Inner Race Fault,1,0.014,170,47
0.0032151527608844815,0.16711404420321577,0.02791676656267853,0.1670831127393745,1.3512978443113772,2.5372367265469062,8.086081877524057,14.674886118536389,-0.04688963307769686,3667.96875,0.0006657306486828028,0.003747588493294337,0.00949206267056545,6.334443399230915e-05,Inner Race Fault,1,0.014,170,48
0.003460629678143712,0.183047014779478,0.03349423366190918,0.18301429906405997,1.7054064271457086,3.227748463073852,9.316767220706991,18.72929599040052,-0.1420787309721971,3667.96875,0.0007053405822433844,0.005736613541812926,0.010248668311934167,6.847166534138607e-05,Inner Race Fault,1,0.014,170,49
0.003495527850548902,0.17317191177395044,0.029976292312490913,0.1731366290317878,1.8064410778443114,3.341940359281437,10.431490068680105,20.065305311694583,0.0622683754089606,2589.84375,0.0006345749545664185,0.004902239380701018,0.009396407805774836,6.714621113691353e-05,Inner Race Fault,1,0.014,170,50
0.0040145588510479046,0.15185385902308587,0.02304347781743471,0.1518007833228627,1.326770139720559,2.622190299401198,8.73715128648034,17.57352062331169,-0.027757148647049923,3667.96875,0.0006526066242312622,0.003389347580280389,0.007445358861400548,5.054392910770231e-05,Inner Race Fault,1,0.014,170,51
0.003602205218469311,0.16950506074414232,0.028718989735439415,0.16946678062511075,1.4593172055888224,2.7232249500998003,8.60928398941182,18.774346083506995,-0.09432719531271336,2589.84375,0.0007378682309960066,0.005035929990440526,0.008547382875075143,5.1289716176851624e-05,Inner Race Fault,1,0.014,170,52
0.003394005894461077,0.16373180942706636,0.026796586142249543,0.1636966283777694,1.7294468263473053,3.3144888223552895,10.562680717931478,24.553751310749345,-0.3121383919301499,3462.890625,0.0006844568011365548,0.005180491681768448,0.007478575459204812,6.628840583180315e-05,Inner Race Fault,1,0.014,170,53
0.0034506361105913173,0.144473763649734,0.020860761493551483,0.14443254997939864,1.2850243113772455,2.509785189620758,8.894516754562387,16.989086282883612,0.017188669891045286,3533.203125,0.0006159387962588474,0.003143433316542755,0.006628982988403058,5.393289447702379e-05,Inner Race Fault,1,0.014,170,54
0.003781375608158682,0.1526804231451641,0.02329701281029639,0.1526335900458886,1.3642926546906187,2.5965255489021954,8.93560959936225,18.658387789805182,0.15381375452796792,3533.203125,0.0007209183588158693,0.004321314011293025,0.006512504233293038,0.00010817529054294998,Inner Race Fault,1,0.014,170,55
0.0032353778380738527,0.17787652590077008,0.03162959079677223,0.1778470994893429,1.6812035928143714,3.165698243512974,9.451520285213155,23.391918829803043,-0.17492248215336312,3533.203125,0.0007340694702705843,0.006138769865619096,0.008822164604241822,0.00013030186271180172,Inner Race Fault,1,0.014,170,56
0.0035253499251497013,0.15092914047854425,0.02276717735349739,0.1508879629178464,1.234831856287425,2.4037150499001996,8.181533747374424,14.680492729684666,0.08265326406623281,3521.484375,0.0005815555794098111,0.0033520476731957456,0.007389116910079567,7.332601954153675e-05,Inner Race Fault,1,0.014,170,57
0.0034338215366142713,0.15940210672655525,0.025397240498518794,0.1593651169438243,1.4271550499001995,2.851223832335329,8.953175583484592,20.969449784197533,0.12097698301028464,3421.875,0.0006855291110864573,0.004235053862178118,0.007735505473572029,5.432368796845133e-05,Inner Race Fault,1,0.014,170,58
0.003501714344748004,0.1518902732819418,0.023058393114310745,0.15184990324103187,1.3188108183632734,2.546982834331337,8.682654852528115,16.013808260051267,0.06373328429797713,3380.859375,0.001004385621644563,0.003576152937064258,0.00691623406188591,4.468643315524157e-05,Inner Race Fault,2,0.014,171,0
0.0035247947269523455,0.1779049500892983,0.031637747088408566,0.17787002864003976,1.854197005988024,3.400092135728543,10.422402552921215,21.395968439203255,0.2028191194582286,3451.171875,0.0009692814805374478,0.005647729771040096,0.009150701146327713,6.358586587537918e-05,Inner Race Fault,2,0.014,171,1
0.0032556822292914176,0.15715023861498492,0.024685598029968572,0.15711651100367705,1.2189132135728544,2.3494617165668665,7.756356110658976,15.224055305078249,0.03971592398625506,3550.78125,0.0009500849972264344,0.003681840627578872,0.007674761016656308,4.671257711966989e-05,Inner Race Fault,2,0.014,171,2
0.0035738901104041916,0.17617698245661736,0.03102555645699802,0.17614072912588394,1.7375685828343312,3.3326815568862274,9.862631080437525,19.657094382617572,-0.06055493332822483,3310.546875,0.0009817317551938755,0.005505968864378615,0.008975320872145996,6.252961456377282e-05,Inner Race Fault,2,0.014,171,3
0.003454046613803642,0.1682595323951981,0.028299339803840386,0.1682240761717549,1.2830750898203591,2.4401005189620757,7.625571470190156,14.3687776568844,-0.13875595337201865,3339.84375,0.0008804469916147462,0.004086086177111626,0.009145834591296333,4.923281090602109e-05,Inner Race Fault,2,0.014,171,4
0.0034730026665419165,0.1646318623571089,0.027091588355648236,0.1645952257984667,1.771842395209581,3.370366506986028,10.76245126454449,22.451660447299258,-0.18083664515508094,3427.734375,0.0009642241963483413,0.004344830165521958,0.008191706961784732,5.709685287360865e-05,Inner Race Fault,2,0.014,171,5
0.003384012326908683,0.16968263414144305,0.028780744789750144,0.16964888679195672,1.4112364071856287,2.747915089820359,8.316917133719521,15.520996430451305,-0.05039480476520421,3427.734375,0.0009541422563027582,0.004835422838082925,0.008562385630852576,4.987395811350756e-05,Inner Race Fault,2,0.014,171,6
0.003291214913922156,0.1557146736050172,0.024236227480307418,0.1556798878478123,1.2916841516966069,2.4090754091816367,8.295198659139007,12.759559027702752,0.032184840995537006,3486.328125,0.0009769302304961658,0.003192364510528961,0.00791590050891645,4.3750724532022214e-05,Inner Race Fault,2,0.014,171,7
0.0033787776010479045,0.16957727076643395,0.028745034622515105,0.1695436068464839,1.3681910978043912,2.687164351297405,8.068245771503538,16.292458620497666,-0.0987332883495928,3486.328125,0.0009206482459805322,0.004795127326716119,0.008603916148475086,6.424402212273331e-05,Inner Race Fault,2,0.014,171,8
0.003405347800492764,0.1595019579049526,0.02542927818187096,0.15946560187661463,1.3538968063872256,2.500526387225549,8.488277035408018,15.152210907703484,0.0883050444457262,3486.328125,0.0010155757205009656,0.0035948785056457285,0.008062068144102881,5.3717772882668104e-05,Inner Race Fault,2,0.014,171,9
0.0031761302590132237,0.16938428158415017,0.02868094704435646,0.169354501104507,1.4762104590818363,2.7950212774451098,8.715156124734364,17.99978995470205,-0.13433944431272457,3486.328125,0.0009242183944380833,0.004603336211202665,0.008761662246860043,6.135292253965398e-05,Inner Race Fault,2,0.014,171,10
0.0032805075201160173,0.16149087937681247,0.026068542392306656,0.16145755600871287,1.3826478243512974,2.6233273453093813,8.561770359334755,14.510790422602483,0.1551594579534235,3462.890625,0.0009152420057671616,0.003874023335741727,0.008191411191048706,6.436886163731077e-05,Inner Race Fault,2,0.014,171,11
0.0033177851133670165,0.162067241529511,0.026254783078926376,0.16203327768988188,1.383135129740519,2.6978850698602796,8.5343288173919,16.273887804667936,0.04896431562388708,3328.125,0.0009861400039644888,0.003867875411718034,0.008225889975686733,5.849565813312516e-05,Inner Race Fault,2,0.014,171,12
0.0032863767582023452,0.1720244774487447,0.029581620569316815,0.17199308291125204,1.633610099800399,3.144744111776447,9.496381701186326,19.290341962196067,0.13315560335944288,3533.203125,0.0009097388844414328,0.004769141425691659,0.00907126108900437,5.146968903473911e-05,Inner Race Fault,2,0.014,171,13
0.0034561880925648696,0.15955414028807616,0.025445578446935894,0.1595167027208621,1.6227269461077845,2.950634131736527,10.170384442408947,18.680476075540007,0.10182656959659046,3328.125,0.0008768641880249242,0.003356757111511935,0.008455825521463952,4.528770564476466e-05,Inner Race Fault,2,0.014,171,14
0.0031528119347243016,0.18307761827166796,0.03350747408893082,0.18305046869355682,1.688025868263473,3.2093932934131733,9.220274352480487,20.763885100988034,0.10687496539177327,3328.125,0.0009729165252249323,0.0060498619728473185,0.009688897192691372,5.200169886571246e-05,Inner Race Fault,2,0.014,171,15
0.003241881588385729,0.1612125377811228,0.025978972541596833,0.16117993839680184,1.6204528542914172,3.21442878243513,10.051655265743012,18.43853416453397,0.10551449613881683,3328.125,0.0010002821180648993,0.0033446849821743463,0.008610300870517135,4.472820509193914e-05,Inner Race Fault,2,0.014,171,16
0.0030709598576284932,0.17172985916988298,0.029481713736060677,0.17170239874870905,1.5621386427145707,2.9059644710578842,9.096488230210637,21.727257658524053,-0.030526127058212355,3421.875,0.0009241250292912578,0.0050470706485625455,0.008724785947467204,5.4306037688060787e-05,Inner Race Fault,2,0.014,171,17
0.003065011305513972,0.14866023443130943,0.022090471006868947,0.1486286345455308,1.192923592814371,2.3622940918163673,8.024496916595261,16.628386943511757,-0.07726928690822164,3328.125,0.0009232752610393465,0.0031328355583691327,0.0069559441295317746,4.257537753174932e-05,Inner Race Fault,2,0.014,171,18
0.0031781924237462567,0.16103425159279927,0.025921929278970617,0.16100288593367082,1.3720895409181637,2.718839201596807,8.520482613771575,21.661653138819386,-0.1763043811630002,3486.328125,0.0009787548041221858,0.004462023049601855,0.007475418864077037,5.487205643498503e-05,Inner Race Fault,2,0.014,171,19
0.003226494666916168,0.15104102486984944,0.022802980925898837,0.15100655921481967,1.271704630738523,2.395105988023952,8.419597469193143,15.810374954102581,-0.05948251998656265,3328.125,0.0008879019640552543,0.0035534627266461927,0.006921899212303807,4.863682903794707e-05,Inner Race Fault,2,0.014,171,20
0.0034150241119323852,0.16043706382016643,0.025728389057551065,0.16040071401820835,1.5056112175648702,2.9285429540918164,9.384435128110464,23.502695895194957,0.09659803295488653,3328.125,0.0009491326536626589,0.004204126137160781,0.007667830285552645,5.4769654065240225e-05,Inner Race Fault,2,0.014,171,21
0.0033699737439184135,0.1493004914624006,0.02227928002787966,0.14926245351018338,1.4583425948103792,2.6975601996007983,9.767835192810761,19.157680136790752,-0.13963807218620075,3486.328125,0.0009459254707735571,0.003829693117637894,0.006331809947098466,4.356846781663093e-05,Inner Race Fault,2,0.014,171,22
0.003453253473521706,0.16457150960238445,0.02707185681325533,0.1645352752854394,1.666421996007984,3.2881743313373253,10.125823115034727,21.45545943163088,-0.0015806716212059982,3445.3125,0.000947456383183181,0.004204166818295636,0.008342251398608905,5.397891148648552e-05,Inner Race Fault,2,0.014,171,23
0.0034392942045596304,0.1585018761769321,0.025111016006981998,0.15846455757355332,1.4282920958083831,2.8237722954091815,9.01119993187975,20.478280953745145,0.03780829406880269,3462.890625,0.0008707497510792349,0.004301941598655058,0.007342537279447879,5.2108120598240205e-05,Inner Race Fault,2,0.014,171,24
0.0034204174658495506,0.15990605226721838,0.025558246296045684,0.15986946642822603,1.3990537724550898,2.7958334530938123,8.749223388475231,19.46747387769289,-0.03760828420545399,3462.890625,0.0009875331162874446,0.004127509195791029,0.007623941963090048,5.183879694953686e-05,Inner Race Fault,2,0.014,171,25
0.0035343917243637725,0.1724032972204399,0.02971040496761809,0.1723670646255197,1.4156221556886228,2.7630215568862275,8.211108363423971,18.302007660211753,0.2410808788435263,3462.890625,0.0009742653271929658,0.005024281859570463,0.008812095661974,5.7053907929685845e-05,Inner Race Fault,2,0.014,171,26
0.0033034292742639723,0.15544618007157415,0.024152602253874195,0.15541107506826596,1.3043540918163672,2.5250540918163673,8.391033418870673,14.37039190123176,0.2337736337406358,3462.890625,0.0009786226212913506,0.0036122574156583413,0.007448532520039566,4.780251132104672e-05,Inner Race Fault,2,0.014,171,27
0.003747349890063623,0.17815855364820116,0.03172642760682042,0.17811913879990668,1.3901198403193613,2.767244870259481,7.802711752276269,16.41967901045527,0.12536034420281647,3462.890625,0.0009382479598752812,0.005558031377885885,0.009319480777901906,6.149738801812231e-05,Inner Race Fault,2,0.014,171,28
0.003523763644585829,0.15599576674297197,0.024322262331504814,0.1559559627956072,1.4455102195608782,2.7438542115768465,9.266342604941249,19.206649646578835,0.29899669293327336,3462.890625,0.0009479712080357307,0.0035556553071640273,0.007626293351461906,4.362837860937004e-05,Inner Race Fault,2,0.014,171,29
0.0034479394336327344,0.17594436574024266,0.030944531549398278,0.17591057827600443,1.6301989620758484,3.097313053892216,9.265422937626829,21.34839646609923,0.26775279175743283,3486.328125,0.0009967934740582613,0.005576660661201677,0.008849030157227796,6.167172164029067e-05,Inner Race Fault,2,0.014,171,30
0.003683740039452345,0.14918268036169632,0.022241902179221788,0.14913719247465332,1.195360119760479,2.382436047904192,8.012727193681632,14.770547981936527,0.24627390935442342,3392.578125,0.0008640848878460636,0.003261910133839199,0.006964253597645869,4.427251629290365e-05,Inner Race Fault,2,0.014,171,31
0.003400588958801148,0.16288304889796715,0.02651932361303084,0.16284754715079636,1.473286626746507,2.8221479441117765,9.0450580137986,18.207808893029835,0.22328680454399708,3398.4375,0.000995611013825458,0.004182098098178602,0.008039359698395969,5.415871912791131e-05,Inner Race Fault,2,0.014,171,32
0.0037258557884231533,0.16176325686411802,0.026153469269930504,0.16172034278324574,1.3480491417165668,2.5536426746506984,8.333469341860093,15.7461839483116,-0.08849798518363362,3328.125,0.0008754373738940201,0.0040024710349420775,0.008161382756309314,5.1328052998664106e-05,Inner Race Fault,2,0.014,171,33
0.0035485889354104293,0.16313428785403458,0.0266002033902105,0.1630956878345056,1.3949928942115768,2.6775806786427143,8.551193697916869,15.309893326055512,-0.021053146039166824,3486.328125,0.0009698365917750574,0.003954304868930898,0.00833388343118843,5.4669978499369226e-05,Inner Race Fault,2,0.014,171,34
0.003546685398733783,0.16993754191078914,0.028866189173363622,0.16990052728983399,1.842664111776447,3.517207864271457,10.84318444916531,24.328679942306323,-0.0664143264552738,3486.328125,0.0009168718103783073,0.004667325424835806,0.008812853792511175,4.862264392397772e-05,Inner Race Fault,2,0.014,171,35
0.0035577893626808884,0.15031468470230144,0.02258184657200309,0.15027257425093604,1.250100758483034,2.4184966467065867,8.31655776652069,13.991138390631686,-0.2162967333473112,3486.328125,0.0009727476315622454,0.003048421264050966,0.007234532844819269,4.788003357769474e-05,Inner Race Fault,2,0.014,171,36
0.0037147518244760483,0.1767227986038432,0.031217148165257076,0.1766837518428253,1.6332852295409181,3.1676474650698605,9.242074267973928,21.454768464967216,0.015137397838326615,3462.890625,0.0009066119942967322,0.005211226486462722,0.009440795563174427,6.37419788875752e-05,Inner Race Fault,2,0.014,171,37
0.003528443172249252,0.16244511677490264,0.026375966052791962,0.16240679189243276,1.309227145708583,2.5588405988023952,8.059504475734755,14.912515446119048,-0.2859474286587848,3462.890625,0.0009479044233613244,0.0038184437614415053,0.008378758476220521,5.5327902619599886e-05,Inner Race Fault,2,0.014,171,38
0.0036759672646893716,0.16769415340907542,0.028107816352255455,0.16765385874549818,1.3170240319361277,2.61358123752495,7.853726591906643,16.975139186599595,-0.044592984477493124,3462.890625,0.0009067857090655051,0.004071165700393677,0.009031602179990435,5.786807413021715e-05,Inner Race Fault,2,0.014,171,39
0.003243309240893214,0.16748089988359524,0.02803933277098678,0.16744949319417715,1.880511497005988,3.6400088223552896,11.22821466992956,25.032703240983423,-0.1586233569353789,3462.890625,0.000951928483181878,0.004930300748464271,0.008085047807236912,6.292603879571917e-05,Inner Race Fault,2,0.014,171,40
0.0035777764977856785,0.1639433301132698,0.026864615003960448,0.163904286106131,1.7307463073852296,3.369716766467066,10.556979086550472,20.29632264126674,0.039424823798580734,3462.890625,0.0009672412769087967,0.0038731582182344386,0.00850254675087203,0.00010221515711088472,Inner Race Fault,2,0.014,171,41
0.006006927239271456,0.16511931646614345,0.027228305495388523,0.16501001634867055,1.560351856287425,2.9974154491017964,9.449844449951827,23.45113245859782,-0.08430761898804472,3462.890625,0.0009634679594962899,0.004696588482369924,0.00787860768147455,0.00011167306171997124,Inner Race Fault,2,0.014,171,42
0.008000961222087075,0.1486308659791334,0.022027118941229773,0.1484153595192552,1.2637453093812376,2.5112471057884234,8.502576507618933,17.6075731668911,-0.05323082975713733,3521.484375,0.000996009343412583,0.0031599717869962313,0.0068676447739199,5.3982271905219835e-05,Inner Race Fault,2,0.014,171,43
0.006777621651228792,0.15636322695549743,0.02440352258868919,0.15621626864283114,1.3615312574850298,2.6705959680638722,8.707490143270933,19.5327853462687,0.03480209622191927,3544.921875,0.0009061031103662089,0.004109246808192484,0.007187296348655678,4.505118308513478e-05,Inner Race Fault,2,0.014,171,44
0.006395169407279192,0.14891163384950648,0.022133776503981687,0.14877424677672438,1.1334723353293412,2.1423569261477047,7.611711093539236,13.111202935158662,0.22297877576040084,3328.125,0.0009662858798313792,0.0036482619309675685,0.0064439027701668344,4.933593260294338e-05,Inner Race Fault,2,0.014,171,45
0.0052437676599925145,0.15535890262119764,0.024108891524390788,0.15527038199344648,1.3472369660678643,2.5495817964071854,8.67177189937259,17.396057396494804,0.14183139048175963,3492.1875,0.0009684835418902509,0.00393538877511381,0.0071202187268828805,5.7852399157043967e-05,Inner Race Fault,2,0.014,171,46
0.004843628387755739,0.16061782420175377,0.025774624715346806,0.1605447747992653,1.3704651896207585,2.6780679840319364,8.532460182621465,18.295850805358537,0.15557241589745252,2730.46875,0.0009375719973692218,0.004345501679086148,0.007583018165436402,4.46812565243918e-05,Inner Race Fault,2,0.014,171,47
0.004523913540107285,0.16560288589273667,0.027403850022284394,0.16554108258158878,1.4922915369261478,2.9014162874251497,9.011265286117817,19.197138443701284,-0.15882760913553384,2572.265625,0.0009387151869684665,0.00439541232783579,0.008333757081359985,5.450714637772571e-05,Inner Race Fault,2,0.014,171,48
0.004178976831493264,0.15830829644652072,0.025044052876441326,0.1582531291205369,1.520555249500998,2.912137005988024,9.605025659629076,20.73196334018323,0.06032826195180601,2730.46875,0.0009228223124873022,0.004355075636468956,0.0072166730539401595,4.491943630481216e-05,Inner Race Fault,2,0.014,171,49
0.004026455955276946,0.15832588826127225,0.02505087454616108,0.15827468068570247,1.31150123752495,2.578332814371257,8.283555215939714,15.403951633909728,0.087399970943523,3679.6875,0.0008854776287059471,0.0042609833366592745,0.007342690524827861,5.2498343073411434e-05,Inner Race Fault,2,0.014,171,50
0.0036333756315494008,0.16056172532317106,0.025766866220273493,0.1605206099548388,1.3076027944111777,2.57281001996008,8.14392590624756,15.318500195406791,0.10570159675354247,3462.890625,0.0009327871642180287,0.004230584806882774,0.007680563046055832,5.269971120283174e-05,Inner Race Fault,2,0.014,171,51
0.003527887974051896,0.15797261441145702,0.02494290091043342,0.15793321661523083,1.3561708982035927,2.5421097804391217,8.584848096970129,15.863933116674474,-0.1184143141933767,3462.890625,0.0009370194229139625,0.00391121200727333,0.00757796248958259,5.770256706311142e-05,Inner Race Fault,2,0.014,171,52
0.002997990951690369,0.1715560341175428,0.029422484892393092,0.17152983674099703,1.8161871856287426,3.5724358083832337,10.586553804247826,23.02492147962802,-0.04703596341778145,3492.1875,0.0009251690995992568,0.0048556957843037315,0.008886710836209054,5.265498005304633e-05,Inner Race Fault,2,0.014,171,53
0.0030853950107597302,0.15419647190073335,0.023767032284261226,0.15416560019751885,1.1921114171656686,2.309665109780439,7.7311199307667104,14.98730363104341,-0.07092381147743551,3462.890625,0.0009038601299097216,0.0035095597487787436,0.007428095353879694,5.1520632706326745e-05,Inner Race Fault,2,0.014,171,54
0.002840949175867016,0.17291678730476528,0.02989214433958158,0.1728934479371083,1.5351744111776446,3.0079737325349303,8.878110882732887,20.646393076589494,0.1547247363189307,3492.1875,0.0009877201068942709,0.005024834997705779,0.0088836996969391,5.78901062235671e-05,Inner Race Fault,2,0.014,171,55
0.0026417916510728546,0.15841928456194224,0.025089690657989945,0.158397255841097,1.2960699001996008,2.451633413173653,8.181263435089148,16.196762839859296,0.00544998483739847,3544.921875,0.0009962644339865834,0.003848127265820618,0.0076584614697066036,4.8972324943427774e-05,Inner Race Fault,2,0.014,171,56
0.0028096201347305384,0.1710773482198889,0.029259565108647637,0.1710542753299304,1.8377910578842314,3.384335928143712,10.74245700560009,24.766261541272012,0.10008690420489189,3492.1875,0.0009443410075321973,0.005079247857775572,0.008553781668994674,6.0308059195476895e-05,Inner Race Fault,2,0.014,171,57
0.002623787366672904,0.16213005097737287,0.02627926916978001,0.1621088189142713,1.338627904191617,2.6524032335329344,8.256507020888051,14.131166217563646,-0.04941182879087756,3457.03125,0.0009949659897327402,0.003914218880065087,0.008188861894430797,4.8472200409113105e-05,Inner Race Fault,2,0.014,171,58
0.00310712705448478,0.17124541266958784,0.029315337121844726,0.17121722203634984,1.254486506986028,2.469176407185629,7.325664888942262,9.964675086376875,-0.06700559289157093,1388.671875,0.002386262268511401,0.003827997153406915,0.00840577699726224,4.728914180092574e-05,Inner Race Fault,3,0.014,172,0
0.002997911637662176,0.18004358464760675,0.032406704898572704,0.1800186237548013,1.6050215169660678,3.1564394411177643,8.914627644786801,14.983009971522932,-0.02613500098226071,1388.671875,0.0025262967573879587,0.004384763481892154,0.009250331923663622,5.094781368639012e-05,Inner Race Fault,3,0.014,172,1
0.002839442209331337,0.17660688260580937,0.031181928551681996,0.17658405520228035,1.4294291417165668,2.7433669061876245,8.09384731005691,14.953511700014758,-0.18592823399082423,1388.671875,0.0024062138692618525,0.004137741355348373,0.009003890156518708,5.118458638169975e-05,Inner Race Fault,3,0.014,172,2
0.002958254623565369,0.16789337352383593,0.028179433602796452,0.16786730951199658,1.25204998003992,2.4604049101796406,7.45741153305354,12.485590259044667,-0.11321138559835613,1388.671875,0.002359938617600741,0.0035715143867827426,0.008120980459049356,4.603469298076673e-05,Inner Race Fault,3,0.014,172,3
0.002833493657216816,0.17445655888904446,0.03042706225310115,0.17443354681110268,1.6868888223552896,3.1410081037924154,9.669391813627152,15.862406122931432,0.1345917430425797,1388.671875,0.0023702873381905394,0.0044352380033095655,0.008366807926890887,4.9227577177165126e-05,Inner Race Fault,3,0.014,172,4
0.0029045590264782936,0.18279143293521422,0.03340427149137062,0.1827683547318042,1.4161094610778444,2.8315691816367266,7.747132556150749,12.708122276792547,0.01629503502198716,1388.671875,0.0024206325274193146,0.004234117642101237,0.010001792318227792,5.402972802335585e-05,Inner Race Fault,3,0.014,172,5
0.002992280341660429,0.184772694214627,0.034131994785688964,0.1847484635543391,1.689000479041916,3.2782657884231536,9.14096363762504,16.401451349545855,0.16265097347558158,1388.671875,0.0024558339559180354,0.005195628315491746,0.009365058274757148,5.8430759078954026e-05,Inner Race Fault,3,0.014,172,6
0.0032073799861215063,0.18477041696294116,0.034129819698283756,0.18474257684216638,1.338140598802395,2.657763592814371,7.2421798943647016,12.081588529540351,0.1281244868146072,1388.671875,0.0024280806865240234,0.004570405648037294,0.010019168088235934,5.754319851732411e-05,Inner Race Fault,3,0.014,172,7
0.002939457198883484,0.18731024276126831,0.0350764866346612,0.1872871769093154,1.7630708982035928,3.4333913373253493,9.412570675329654,16.879682594818476,0.18761190638171757,1388.671875,0.0025037839416604058,0.0050447109228095675,0.009948576230571741,4.981263728230602e-05,Inner Race Fault,3,0.014,172,8
0.0030179780867951593,0.18936013761938253,0.03584815352749912,0.18933608617350028,1.6911121357285428,3.170083992015968,8.930665962694379,14.45645103702725,-0.07248846446767489,1388.671875,0.0025554483299115964,0.005644627868706511,0.00968565400496704,4.7455363609070105e-05,Inner Race Fault,3,0.014,172,9
0.0029811763777133245,0.1861903564845746,0.03465796143525793,0.18616648848613418,1.6595997205588824,3.138734011976048,8.913456915242417,14.421146214175572,0.17602103859073642,1388.671875,0.0025384142433439536,0.004594052764215675,0.010155975231042506,4.94282559525266e-05,Inner Race Fault,3,0.014,172,10
0.003024719779191617,0.1879820433677736,0.03532809969898089,0.18795770720824642,1.5780572854291417,3.132399041916168,8.394723544640826,15.013386923416977,0.23513742666163984,1388.671875,0.002475635682909643,0.004856171233437025,0.010289336567197292,5.205530701240209e-05,Inner Race Fault,3,0.014,172,11
0.0031508290840194615,0.18555415385134436,0.03442041628757167,0.18552740036871015,1.4909920558882235,2.812239401197605,8.035347228511647,12.269687638082562,-0.004324068792257087,1388.671875,0.0023479889576950206,0.004794050145734294,0.010028056097490242,5.0050365606171365e-05,Inner Race Fault,3,0.014,172,12
0.0031977036746818855,0.1822919953773531,0.03322014626986585,0.1822639467087933,1.5251034331337325,3.047445469061876,8.366266604173681,14.93413108459469,-0.06659569884852384,1388.671875,0.002534745607662093,0.0044555653987452025,0.009560803930091453,6.921198554713919e-05,Inner Race Fault,3,0.014,172,13
0.003280666148172405,0.16227015920174878,0.026320841796985132,0.16223699268966105,1.4300788822355288,2.607896007984032,8.812950509634534,9.996928637374769,-0.03777105212863226,1388.671875,0.0024718216410572263,0.0031825327005515747,0.007473710348004373,4.311964192222672e-05,Inner Race Fault,3,0.014,172,14
0.00283531787986527,0.1772250625387375,0.03140068376437953,0.17720238080900474,1.7538120958083832,3.2988950499001994,9.895959807744678,14.317027813780431,0.0983750378626927,1388.671875,0.0026009111510541896,0.0038293182801088965,0.009231932045741516,4.623291030754559e-05,Inner Race Fault,3,0.014,172,15
0.003224273874126746,0.18614872053114398,0.03464095021336657,0.18612079468282572,1.4437234331337325,2.758148502994012,7.75575265311688,11.642738548092549,-0.12023529248193271,1388.671875,0.0024244100977495685,0.004450150741386443,0.010399983235348156,5.6327284334164847e-05,Inner Race Fault,3,0.014,172,16
0.0029484196840693614,0.18770073162943793,0.035222871475592867,0.18767757318228748,1.7965325349301398,3.280864750499002,9.571260161504782,16.225902122960502,0.049919384454119434,1388.671875,0.0024713203626906604,0.004302728535907425,0.010789357577824307,5.6722683093262907e-05,Inner Race Fault,3,0.014,172,17
0.00301139502245509,0.18357715338112798,0.033691502743536925,0.1835524522950781,1.6295492215568863,2.93585253493014,8.876645004804866,13.988563902756692,-0.023083221968785404,1388.671875,0.0024958161688731564,0.004327199229075776,0.009982125984616862,4.967872532479671e-05,Inner Race Fault,3,0.014,172,18
0.003167564343968313,0.19089069302140488,0.036429223218319054,0.1908644105597454,1.8970798802395208,3.723825349301397,9.938042815040742,17.854548234089215,-0.12067867536346567,1388.671875,0.0024175230058965185,0.00500491984375653,0.010750265188662683,5.194173931945506e-05,Inner Race Fault,3,0.014,172,19
0.0030661217019086837,0.1865259576928127,0.03478253179093004,0.1865007554701322,1.557428023952096,3.0138213972055885,8.34965837042909,15.547162001304219,-0.11900753049898646,1388.671875,0.0023237924607161027,0.004541477011801188,0.010488253355761607,4.714619258358536e-05,Inner Race Fault,3,0.014,172,20
0.002964044547623502,0.1875368554291365,0.035161286584168554,0.1875134304101137,2.0176067465069862,3.9710516167664673,10.758454608242953,24.28628829821364,0.24604579329660356,1388.671875,0.0023817314471236053,0.005119430116861703,0.010037440990144643,5.08285438985342e-05,Inner Race Fault,3,0.014,172,21
0.002831907376652944,0.1776484630823207,0.031550956736120725,0.1776258898249935,1.4161094610778444,2.711204750499002,7.971414086603338,13.494830556473886,0.030881027955234425,1388.671875,0.002478327136333881,0.004334971582624272,0.008927986780023166,4.221516741815275e-05,Inner Race Fault,3,0.014,172,22
0.0031461495563560376,0.17164283913336995,0.029451365968732945,0.17161400283407222,1.3160494211576845,2.578820119760479,7.667371547816729,14.381505405681587,-0.13011588139126481,1388.671875,0.002299151563018054,0.00425202128189895,0.008136700622119332,4.770785589190739e-05,Inner Race Fault,3,0.014,172,23
0.0029747519414296403,0.1693420296856832,0.028667873868953777,0.16931589963424515,1.4773475049900198,2.7121793612774447,8.724045104054401,13.61830721827485,0.029526073242999707,1388.671875,0.002463378902313717,0.004407016538217279,0.007428272547427219,4.4120058649350755e-05,Inner Race Fault,3,0.014,172,24
0.0033250026899326345,0.17748377014746242,0.03148943302286921,0.17745262191038264,1.7442284231536926,3.1367847904191617,9.82753759233591,16.84001117960218,0.34784556998878474,1388.671875,0.002393465072427152,0.004303990151115311,0.009015256580562682,4.306332190099263e-05,Inner Race Fault,3,0.014,172,25
0.003419465697511227,0.17191070141740322,0.0295415965161671,0.17187668985690613,1.5098345309381238,2.889883393213573,8.782667504056132,13.700619402550156,0.17129516065549213,1388.671875,0.0024251446570934337,0.004313621189142068,0.007998425793871604,4.529973368106943e-05,Inner Race Fault,3,0.014,172,26
0.0033819501621756487,0.1757642136780422,0.030881621222961033,0.17573167393205197,1.4273174850299402,2.6109822754491017,8.12063761537057,13.28596881551277,-0.10744631805052628,1388.671875,0.002445413294578083,0.0037683661942353,0.009191573762425622,4.689510779323294e-05,Inner Race Fault,3,0.014,172,27
0.003690957616017964,0.18449596713550048,0.03402513872114043,0.1844590434788721,1.737731017964072,3.1583886626746507,9.41880218274809,16.475364546365338,0.1916493879126421,1388.671875,0.002527370220877209,0.004758831628605663,0.009682571814360627,5.7420441504456e-05,Inner Race Fault,3,0.014,172,28
0.0032887561790481534,0.16796934985395987,0.02820288657315674,0.1679371506640408,1.3889827944111777,2.7610723353293416,8.269263384175876,15.616131279139342,-0.025330764007835693,1388.671875,0.0025201638296687154,0.003867370719610317,0.007678428907921767,4.6297950122781125e-05,Inner Race Fault,3,0.014,172,29
0.0034819651517277936,0.17209918478395655,0.029606005321984576,0.17206395706824998,1.2736538522954093,2.3895831936127747,7.400696603498043,11.194340822273578,-0.008999460825941162,1388.671875,0.0023923515508960493,0.004276871487391267,0.008090741513870063,5.516330368795762e-05,Inner Race Fault,3,0.014,172,30
0.0035550133716941114,0.1808739897518612,0.03270276204868347,0.18083905012104956,1.661386506986028,3.3010067065868265,9.185325702525077,15.97878465719425,-0.005405025454129112,1388.671875,0.002541850218774796,0.00408426158528804,0.009680598190805117,5.730957088621904e-05,Inner Race Fault,3,0.014,172,31
0.0035132941928642707,0.193151876280139,0.0372953040744525,0.19311992148520696,1.9073132934131736,3.545309141716567,9.874681676127702,14.564883347579961,0.06528332317130602,1388.671875,0.002547634242241701,0.004712521379462858,0.011340518231447869,5.9322277219044546e-05,Inner Race Fault,3,0.014,172,32
0.003264327458364521,0.18448957278091313,0.03402574663112841,0.18446069128984746,1.5229917764471057,3.0402983233532934,8.255164524965885,13.499550941245417,-0.08894701704112166,1388.671875,0.0023599233785870505,0.0048801974074271235,0.00972931135221147,5.409772675404959e-05,Inner Race Fault,3,0.014,172,33
0.003460074479946357,0.18522182018221384,0.03429515055620558,0.18518949904410234,1.38654626746507,2.7449912574850304,7.485868922468428,12.014324940328528,-0.10571695524596984,1388.671875,0.0024035588701865913,0.0045650393584962526,0.010138846539934262,5.210302576513566e-05,Inner Race Fault,3,0.014,172,34
0.0032527476102482537,0.19461533949004725,0.03786454999781036,0.19458815482400352,2.1269255888223553,4.112532614770459,10.928869196002546,21.874197815754044,0.07071537273196671,1388.671875,0.0024239982999457333,0.005630384638610919,0.010834170276400375,5.430243216223803e-05,Inner Race Fault,3,0.014,172,35
0.002978241758670159,0.1908531653039169,0.03641606078255116,0.19082992632852733,1.6066458682634732,3.165698243512974,8.4182301388873,16.02386004895762,-0.03542528223062459,1388.671875,0.0023585238639113482,0.00512175383211386,0.01069308258129427,4.354180719279841e-05,Inner Race Fault,3,0.014,172,36
0.0030819051935192117,0.17480327915944915,0.03054668826527447,0.17477610896594098,1.7328579640718562,3.4562946906187624,9.91318911409669,19.277218200802494,0.09698859684382347,1388.671875,0.0023366182424953844,0.0042334166204803314,0.008661846225568147,5.0967199805971154e-05,Inner Race Fault,3,0.014,172,37
0.003185251372255489,0.17993441032980154,0.03236624619442894,0.17990621499667248,1.414485109780439,2.802330858283433,7.861115098484115,12.189009456006714,-0.18122690648361406,1388.671875,0.0024013065810358667,0.003846089861455435,0.009895096364280247,5.0776714667259037e-05,Inner Race Fault,3,0.014,172,38
0.002872198902975299,0.1813154803535389,0.032867053889296304,0.18129272983022873,1.7700556087824353,3.156277005988024,9.762297214397158,17.996324291778436,0.2413056582869615,1388.671875,0.0023636669241369045,0.004925056969222733,0.00910744744970861,4.5605383599818097e-05,Inner Race Fault,3,0.014,172,39
0.0028688677137911674,0.17505023052147295,0.03063435280366159,0.1750267202562557,1.4200079041916167,2.7524632734530936,8.112002480439054,13.290907702694991,0.10308143494909665,1388.671875,0.002340498468210571,0.0043670823776460945,0.00856935145218244,4.847602503724504e-05,Inner Race Fault,3,0.014,172,40
0.0029195493778068874,0.17237499017891889,0.02970461347061293,0.17235026391222302,1.4489213572854291,2.8096404391217566,8.40563561907387,12.53205561119182,0.0953505634476038,1388.671875,0.0024643207471889547,0.0040482838172729504,0.008297094387076447,5.113161576055122e-05,Inner Race Fault,3,0.014,172,41
0.00297078624001996,0.19067765334814005,0.03634914191546957,0.19065450929749753,1.5629508183632734,2.980359760479042,8.196822180885725,14.914980696253544,-0.015956737673012884,1388.671875,0.0024934559354460764,0.004354591926451948,0.011281436381676212,5.391229007701026e-05,Inner Race Fault,3,0.014,172,42
0.002806764829715569,0.19407231244299777,0.03765618452816322,0.19405201500670693,1.581630858283433,3.017882275449102,8.149698627144375,14.159891297508683,0.2578593172335377,1388.671875,0.002488238550001126,0.004905471484324872,0.011389779893987468,5.2480619675753865e-05,Inner Race Fault,3,0.014,172,43
0.0028982932182509977,0.18298773888727002,0.03347611247949676,0.18296478480706815,1.7884107784431136,3.419584351297405,9.77339131746345,17.00468249696309,0.12257631749387617,1388.671875,0.002533951632401864,0.004155930201129743,0.010011134504319244,4.54404268160019e-05,Inner Race Fault,3,0.014,172,44
0.002809302878617765,0.19639749200046747,0.03856408268140987,0.19637739860128983,1.8891205588822355,3.584780878243513,9.618862947993954,16.785732357957105,0.19868905169088277,1388.671875,0.002530564264007342,0.0055238162066823335,0.011179841191264611,5.571460528597522e-05,Inner Race Fault,3,0.014,172,45
0.0026619374142340326,0.17803869561665134,0.03169069122608133,0.1780187945866428,1.3422014770459083,2.659875249500998,7.538818864051355,13.181449658111344,0.03144359414436068,1388.671875,0.0024797050712635355,0.003815711752533539,0.009511586629186284,4.5432814003437505e-05,Inner Race Fault,3,0.014,172,46
0.002952781955620011,0.18735680920217912,0.035093855033144314,0.18733353953081736,1.9414246706586826,3.7192771656686627,10.362178342627871,20.454045161556913,0.051830675575643456,1388.671875,0.0024021382851423276,0.004488962453960932,0.010615331274087666,4.922598349847383e-05,Inner Race Fault,3,0.014,172,47
0.0028690263418475553,0.18554267525136706,0.034417853027284034,0.18552049220310957,1.9194959281437127,3.595014291417166,10.345306951854841,19.318887492464395,-0.08387695170154352,1388.671875,0.002503440828285791,0.004551850878848415,0.010105279107782968,5.660413070698198e-05,Inner Race Fault,3,0.014,172,48
0.0025649363577532427,0.16214068654919753,0.0262830233361258,0.16212039765595754,1.4157845908183633,2.769518962075848,8.731828025094607,13.439241609464279,-0.0339701237172092,1388.671875,0.0023497426410847484,0.003606660684842853,0.007143351925496342,4.833612366929036e-05,Inner Race Fault,3,0.014,172,49
0.0028110477872380244,0.16838746426217424,0.028346436130982876,0.1683639989159882,1.4838449101796407,2.769356526946108,8.812086556926463,13.498957780049391,-0.045640167482193295,1388.671875,0.002476739343776059,0.003955841486147028,0.00769835140121041,5.02038892482167e-05,Inner Race Fault,3,0.014,172,50
0.002743948119386227,0.17801696127083474,0.031682509248820004,0.1779958124474281,1.3852467864271456,2.5867794411177645,7.781543828959271,10.822984696493599,-0.06052417626727951,1388.671875,0.0024003742291122047,0.004285803730787301,0.009112936992374473,4.966974795450716e-05,Inner Race Fault,3,0.014,172,51
0.0024219331649201602,0.17359393418020186,0.030128988223904914,0.17357703829684648,1.438525508982036,2.7126666666666663,8.286726813211988,14.989310226934922,-0.2202618645571315,1388.671875,0.0023043490513383683,0.004347153084791981,0.008369617730751254,4.9241063424469505e-05,Inner Race Fault,3,0.014,172,52
0.002814378976422155,0.1769278485217853,0.031295542853524885,0.176905463040362,1.3444755688622754,2.583530738522954,7.599004792604646,11.789817521874046,-0.06605118550893775,1388.671875,0.002318007327588564,0.004019021726290709,0.009265427859865775,5.3241111139086074e-05,Inner Race Fault,3,0.014,172,53
0.002740061732004741,0.17919548410451472,0.03210351358515619,0.17917453386337073,1.571559880239521,3.019506626746507,8.770086412015372,15.521187148654722,-0.015026218315432438,1388.671875,0.002306299787776524,0.004653664310427961,0.009049972380830443,4.932990511691302e-05,Inner Race Fault,3,0.014,172,54
0.00255541867437001,0.16840858641320036,0.02835492181309105,0.1683891974358541,1.4027897804391216,2.7022708183632735,8.329680869105418,14.44039603383479,0.1710591469963213,1388.671875,0.0022972860687293767,0.00412626602839973,0.007713839830207618,4.6602942776097105e-05,Inner Race Fault,3,0.014,172,55
0.002730306106536926,0.17054870324072288,0.029079405605656767,0.1705268471697544,1.4984640718562874,2.930492175648703,8.786135827378667,13.637035573703791,-0.07403318694286828,1388.671875,0.0024248250674545288,0.004219199699296061,0.00785099158501396,5.214203013338303e-05,Inner Race Fault,3,0.014,172,56
0.002679783070577595,0.1836827650591928,0.03373217694248526,0.18366321608445513,1.518281157684631,2.9738623552894214,8.265779084909553,15.230128522055729,0.16362607290113118,1388.671875,0.002476555302959285,0.004144776564689241,0.010203615704960818,4.8322514667996944e-05,Inner Race Fault,3,0.014,172,57
0.002806526887630987,0.18742480277766788,0.0351201801030767,0.18740378892401482,1.4963524151696608,2.914735968063872,7.983748111207589,13.617440768469109,0.08716720068229669,1388.671875,0.002457073283393763,0.004635362073885297,0.010415929588449642,5.96019544623096e-05,Inner Race Fault,3,0.014,172,58
0.005043499738803643,0.13133716983219923,0.017224015289916628,0.13124029598380457,0.6442177245508982,1.1805785229540917,4.905067814191309,1.5004033466926971,-0.012035144749052382,3146.484375,0.0017545784072890138,0.002433606445402639,0.004403590394425184,4.568855473753335e-05,Ball Fault,0,0.014,185,0
0.0047030839297966575,0.12021354598715653,0.014429177640355487,0.12012151197997588,0.8680533333333333,1.5566158483033932,7.220927776525909,4.4907582641294805,-0.1385882352098836,3281.25,0.0019927739544924375,0.001223348170431527,0.003978896561353584,4.170167606506077e-05,Ball Fault,0,0.014,185,1
0.005429283171937373,0.2412480721462149,0.05817115519850424,0.24118697145265588,1.285186746506986,2.5180693812375248,5.327241519791561,3.701044523340938,0.03903564934583422,3333.984375,0.002646414911163448,0.00704700316277718,0.019318861195274175,0.00010277861005638227,Ball Fault,0,0.014,185,2
0.004916597293693863,0.19485800906752734,0.03794547076881222,0.19479597215756853,1.3422014770459083,2.492079760479042,6.888100127209928,6.286084351053436,0.08800905869746599,3281.25,0.00142145872977429,0.003820154043174767,0.013716806144253156,3.8490035921119255e-05,Ball Fault,0,0.014,185,3
0.005096957393806137,0.21189221116786208,0.04487233017893158,0.211830899962521,1.6979344111776449,2.841477724550898,8.013198794893563,7.107375525155669,0.16214479670133827,3234.375,0.0022181021700877256,0.004846628711484923,0.015359302541396986,3.811084250161922e-05,Ball Fault,0,0.014,185,4
0.005107585473584082,0.10799924435287485,0.011637749351422004,0.10787840076411034,0.5847664670658683,1.0415340518962077,5.414542208788171,1.6820510369601145,0.11741274123232015,1435.546875,0.0015095804751266775,0.0012569489325824149,0.0030662784179902136,1.215427940997135e-05,Ball Fault,0,0.014,185,5
0.004708001399544661,0.14886605578685957,0.022138937288358276,0.14879159011301102,0.8095766866267465,1.5501184431137724,5.438289355807652,4.354694016819535,0.030593140137078863,3246.09375,0.0012098120254886533,0.002212367021685573,0.007653629550451596,1.582557921309435e-05,Ball Fault,0,0.014,185,6
0.005322129919847804,0.1968166711701748,0.03870847698362497,0.19674470001406638,1.1718070259481037,2.245178363273453,5.953799639944713,6.032457518914814,-0.032073554801844165,3269.53125,0.0013036063804502496,0.004463846319147759,0.013592325995061431,2.2786521879254528e-05,Ball Fault,0,0.014,185,7
0.005017564051584333,0.247786390580657,0.06137291940797815,0.24773558365317275,1.970013253493014,3.6500798003992014,7.95044977602091,10.362482193964315,0.4500630639023532,3128.90625,0.003115740621244867,0.005623798345170249,0.021936278553222433,3.581816481684809e-05,Ball Fault,0,0.014,185,8
0.005241308925118513,0.17395124318999472,0.030231563688096156,0.17387226256104266,0.9297786826347305,1.7463400798403192,5.34505339303151,3.0691411856514934,0.056060797085072805,3246.09375,0.0014618837911332108,0.002510962841135351,0.01113187312617862,3.853670944068183e-05,Ball Fault,0,0.014,185,9
0.00479778487945983,0.13925474269831967,0.019368864624225643,0.13917206840535798,0.6481161676646706,1.1573502994011975,4.654176619813547,1.3222779524301274,0.01765537822862443,3228.515625,0.0013172834905612722,0.0018673584745051252,0.006494916794924144,2.7895418385550475e-05,Ball Fault,0,0.014,185,10
0.004937774139221557,0.2570288578265386,0.06603945214216503,0.25698142372974164,1.8368164471057884,3.536537644710579,7.146343265258577,12.094492534267742,-0.04615503791512451,3287.109375,0.0010754307511938743,0.011671839052327736,0.02027172045699377,2.511750861463192e-05,Ball Fault,0,0.014,185,11
0.005019150332148203,0.19461031857823213,0.0378479842270643,0.19454558393102708,1.2039691816367266,2.346213013972056,6.186563952171624,6.323770900349507,0.03296127628630969,3240.234375,0.0022922902755851565,0.0023108086855136104,0.014328051276325967,1.803399985607673e-05,Ball Fault,0,0.014,185,12
0.004847038890968065,0.14332643971583525,0.020518974535606402,0.14324445725963153,1.06102626746507,1.9110493013972056,7.402864883609076,6.222047654411693,-0.2178248794184969,3269.53125,0.0015999721537517872,0.0021813656418522274,0.006489746008116901,1.1897296908342928e-05,Ball Fault,0,0.014,185,13
0.004851956360716067,0.13215694449951532,0.017441916498921677,0.1320678480892366,0.7113034331337325,1.3085774051896206,5.382263004244481,3.4649589890011576,-0.04781152421301072,3316.40625,0.0013530243054262637,0.001499595478205213,0.005815341429392177,7.653923562734966e-05,Ball Fault,0,0.014,185,14
0.005200382886570609,0.14573268336322964,0.021210971018080414,0.1456398675434732,1.077594650698603,1.9813837125748504,7.394323811445682,4.793620672699141,0.10358214580202374,3287.109375,0.0018580666924360406,0.0019280507836176033,0.00673219962953723,0.00011421265934101115,Ball Fault,0,0.014,185,15
0.004925321836795159,0.16135802295851612,0.026012152777885007,0.1612828347279555,1.1069954091816365,1.9357394411177644,6.860491897984127,6.129708965001663,0.17856477136305618,3222.65625,0.001726872204312575,0.0032293738497531656,0.008049039962166007,2.5049201275862138e-05,Ball Fault,0,0.014,185,16
0.0049986873128742525,0.1705860830746818,0.02907462486391035,0.1705128290302825,1.4781596806387227,2.896380798403194,8.665183313879078,16.68980925640306,0.03721792844844233,3140.625,0.001205037237721121,0.003536134740285126,0.009805087429955983,1.6039979365987373e-05,Ball Fault,0,0.014,185,17
0.005036440790294411,0.08075305912442649,0.006495690822118977,0.08059584866554217,0.31301249500998,0.5899643912175649,3.8761688833073427,0.2028161759955598,-0.031900355030772674,1435.546875,0.0013403248486796,0.0004194455625874426,0.001504698366039897,8.743314150138975e-06,Ball Fault,0,0.014,185,18
0.004721246842252994,0.08732762622317325,0.007603824130028773,0.08719990900241108,0.42184403193612774,0.8123380838323353,4.830590847140046,1.0722842220831295,0.09642324844815231,1435.546875,0.001476090700719163,0.0007014074894930608,0.0016381370629408685,8.567106917374376e-06,Ball Fault,0,0.014,185,19
0.00515168407325973,0.09892978098920625,0.009760561717781639,0.0987955551519482,0.3786362874251497,0.7559730938123752,3.827323619229086,0.25682423837347335,-0.006461080554568525,1435.546875,0.0022094267912950902,0.0007720222669315549,0.0019130493226447254,1.232274127074395e-05,Ball Fault,0,0.014,185,20
0.004844183585953094,0.18663961343740532,0.03481087918944967,0.1865767380716301,1.7122287025948104,2.9446240319361277,9.173983331084496,15.779057106260243,0.49935163219282547,3269.53125,0.0029600575720107438,0.005301733485984315,0.009128593766152758,3.852266390370168e-05,Ball Fault,0,0.014,185,21
0.005609643272049651,0.11267535641178715,0.012664267844883613,0.11253562922418665,0.7153643113772455,1.1328225948103792,6.348897701843969,1.7690550784216708,0.19763972581103736,1435.546875,0.002260051365895405,0.0011313220457590568,0.00295618259844247,1.604613454382948e-05,Ball Fault,0,0.014,185,22
0.004918500830370508,0.20271663486729324,0.04106984240150114,0.20265695744657064,2.261097005988024,4.224612854291418,11.153978594150562,26.438230246244316,0.7847671913914226,3263.671875,0.002998827347719236,0.005093033200649113,0.012437515504894263,2.974483995959872e-05,Ball Fault,0,0.014,185,23
0.004777242546157684,0.10762682829466062,0.01156071212242354,0.10752075205477099,0.5982485828343314,1.1466295808383236,5.5585451352003705,2.017214788625453,0.022372465826099176,3251.953125,0.0016265882426278965,0.0009608266056535829,0.0032003983013533274,1.5370656416352277e-05,Ball Fault,0,0.014,185,24
0.005167626192926647,0.07781178388707297,0.006027969351218727,0.07763999839785371,0.3630425149700599,0.6414563273453093,4.665649556331183,0.32956868056019406,-0.01123495040483718,1435.546875,0.0013130701943566596,0.00044251737571517817,0.0012752584005753939,9.846248647011001e-06,Ball Fault,0,0.014,185,25
0.004595296165481537,0.0944509772172448,0.008899870350444008,0.09433912417679108,0.5069600399201596,1.0015750099800398,5.367440918627141,1.5225658618576832,0.011438832202431606,1435.546875,0.0014139217829254327,0.0005956299447699966,0.0024461764461257965,1.532972091836296e-05,Ball Fault,0,0.014,185,26
0.004839266116205089,0.09483329894105218,0.008969936091499518,0.09470974654965304,0.5761574051896208,1.0806809181636727,6.075475720271598,2.763458809272361,-0.027216552881293307,1435.546875,0.0013630596371536044,0.0008299453427027255,0.0023086344500721826,6.747641099298047e-06,Ball Fault,0,0.014,185,27
0.004489808507984031,0.0904427183328252,0.008159726918992392,0.09033120678366027,0.518655369261477,0.9383877445109781,5.734628268832525,2.6241316098925935,0.006587855542800631,1435.546875,0.0014782403233830563,0.0005679457343420206,0.0020465544656221362,7.281344379726424e-06,Ball Fault,0,0.014,185,28
0.0047976262514034425,0.09574576510436646,0.009144234317772362,0.09562548989559407,0.5295385229540919,1.030650898203593,5.530673052503943,1.8266498886772933,-0.007843249086077678,1435.546875,0.0011687396299706436,0.0006824906327564941,0.002734771774535845,9.133467828782455e-06,Ball Fault,0,0.014,185,29
0.004450627378056387,0.10113688830959346,0.010208862092888876,0.10103891375548768,0.7342067864271457,1.3478867065868263,7.259535058856478,7.167607282149625,-0.1267551653840855,3251.953125,0.0011802816454815034,0.0007919310618953856,0.0031416772050535742,1.0352752196005219e-05,Ball Fault,0,0.014,185,30
0.004548421574819111,0.08591928688195515,0.007361435719481429,0.08579880954582896,0.5258025149700598,1.0387726546906186,6.11972624601112,2.2350026141197032,0.015602152368939238,1435.546875,0.0010450148575765533,0.000794195546289271,0.0018538000788274737,8.397215070470572e-06,Ball Fault,0,0.014,185,31
0.004387969295783433,0.08183977895116773,0.00667849514423526,0.0817220603278898,0.2996928143712575,0.5974364071856287,3.6619455503426837,0.35044677587085316,-0.01901311247743525,1435.546875,0.0011290397506120314,0.00042995972641845273,0.0017925522178217903,6.950321101817125e-06,Ball Fault,0,0.014,185,32
0.004198091512287924,0.09837570422917633,0.009660155210240837,0.09828608858959052,0.6596490618762475,1.1898373253493015,6.705406248879572,3.079631506015052,0.1411075237041546,3246.09375,0.0012598106404010775,0.0007755111572584641,0.002804613504465919,7.767254691604741e-06,Ball Fault,0,0.014,185,33
0.004181435566367266,0.1149188202474838,0.013188850843677812,0.11484272220597094,1.0990360878243512,2.1348849101796405,9.563586586231207,17.03608414651387,0.1378107504485087,1435.546875,0.0012739305169458446,0.00097507005854935,0.004349125455339968,1.3785737588727679e-05,Ball Fault,0,0.014,185,34
0.004040494538267215,0.09427309457079157,0.008871090763839644,0.09418646805056258,0.325844870259481,0.6460045109780439,3.456393064670191,0.21143248544681548,-0.010975132657075684,1435.546875,0.0013793051817424045,0.0007683671361052386,0.0022949087538478444,9.289933542299098e-06,Ball Fault,0,0.014,185,35
0.004149947897174402,0.0899926375937,0.008081452753521765,0.0898969006891882,0.4762598003992016,0.8937180838323353,5.292208486536709,0.8528338704785927,-0.12375758893797799,1435.546875,0.0012881343221852622,0.0005651755998783059,0.002197941176510381,6.6974272670073975e-06,Ball Fault,0,0.014,185,36
0.003868858981256237,0.08539488265048598,0.007277317913073425,0.08530719731109108,0.32015964071856284,0.6232635928143713,3.7491665868193667,0.006726425669415725,0.029026274906633245,1435.546875,0.0013150712541247802,0.0005198841642987023,0.0018104744082402821,8.197275257009727e-06,Ball Fault,0,0.014,185,37
0.0038492684162924145,0.10987973350596296,0.012058738968000771,0.10981228969473668,0.7960945708582835,1.5374485029940121,7.245144718294034,4.795732507235398,0.04160274732599531,1435.546875,0.0015454064879280192,0.0010532193010930927,0.003418717917731599,2.6865134762827767e-05,Ball Fault,0,0.014,185,38
0.004069602786614271,0.08809317426284519,0.007743845684863191,0.08799912320508195,0.5275893013972056,0.8831598003992016,5.988991835201987,0.99459945305632,0.12273797160426544,1435.546875,0.0015249834332957217,0.0005405055888567075,0.0017998930431511772,2.3129557252707098e-05,Ball Fault,0,0.014,185,39
0.004181276938310878,0.0878543713416178,0.007700907486996025,0.08775481460863573,0.36141816367265467,0.6542887025948103,4.113832449694463,0.09403310793271791,0.03491400850291407,1435.546875,0.0018398920361357267,0.0005310183482809068,0.0014899242787616356,7.102160375439932e-06,Ball Fault,0,0.014,185,40
0.004199915734936378,0.13446202739992494,0.018062397520317602,0.1343964192987209,1.3917441916167663,2.3086904990019956,10.350462643831468,16.506934374276753,0.5273719686352643,3281.25,0.0022048393929770147,0.0018061335863260003,0.0050228901305252194,1.4981028403663749e-05,Ball Fault,0,0.014,185,41
0.00470689100314995,0.22315489574697486,0.049775952672927684,0.2231052502137224,2.2781526946107786,3.978361197604791,10.208840307917205,17.005048532070333,0.4528446625545352,3328.125,0.003974578758464426,0.004143654860609124,0.016741019758611256,5.0917532801717385e-05,Ball Fault,0,0.014,185,42
0.004370916779721807,0.19094683071557814,0.03644158724682839,0.19089679737184798,1.631660878243513,2.7315091417165664,8.545105839823693,10.145561983036323,0.6047977213538125,3222.65625,0.004086301433812369,0.004728911478238293,0.009392422268878492,3.2293252254522545e-05,Ball Fault,0,0.014,185,43
0.004456020731973553,0.13703901334253765,0.018759835057132433,0.13696654721913826,1.0814930938123752,2.111494251497006,7.891862816533238,13.861118332537107,-0.11796775665350902,3140.625,0.0023119734889599404,0.001558104993874795,0.0055211203607852585,8.575131833251293e-06,Ball Fault,0,0.014,185,44
0.0041823080206773965,0.1580299037155623,0.024955958767970077,0.15797455101366825,1.369653013972056,2.7384938522954094,8.667049601177329,16.72333589817513,0.0592010737395521,3257.8125,0.0019605086541856437,0.002889264281773499,0.007626845681345644,1.8852546577854044e-05,Ball Fault,0,0.014,185,45
0.004585857796126498,0.13695271712364343,0.018735016635822395,0.13687591693143975,1.0639500998003992,1.9963277445109782,7.768740351751076,8.192032793857624,-0.18258847944429804,3281.25,0.0015897458343748553,0.002352661579459581,0.005433722196391577,1.2410345043317897e-05,Ball Fault,0,0.014,185,46
0.004314603819704341,0.15878501261363254,0.02519406442459044,0.15872638225761476,0.7697800798403194,1.5101594011976047,4.8479391547702635,2.4432587282466285,0.012273483242697003,3234.375,0.0015686825297270219,0.0026058342011492995,0.008423681681323557,1.7449791946562407e-05,Ball Fault,0,0.014,185,47
0.004397011094997506,0.1985867351963769,0.03941735768938638,0.19853805098616834,0.989717245508982,1.9461352894211577,4.9838033971920535,3.344470723202889,0.1123606722158831,3234.375,0.0022498154743195824,0.004797334914054296,0.012649565500545646,3.130129795854897e-05,Ball Fault,0,0.014,185,48
0.004850925278349552,0.23146937457819197,0.05355453989156321,0.23141853834894735,1.7713550898203592,2.950309261477046,7.652654235785231,8.673333679429046,0.6523941140169213,3228.515625,0.0032441691137507713,0.006874904193142255,0.01664207272750776,3.967330895760493e-05,Ball Fault,0,0.014,185,49
0.004345932860840817,0.20690059989849766,0.04278897110592728,0.20685495185256572,1.249775888223553,2.380161956087824,6.040465270940125,4.427233685732145,0.03462295787025061,3240.234375,0.001889739006008103,0.0038806697897883343,0.01561574288770545,2.7221002697896847e-05,Ball Fault,0,0.014,185,50
0.004545883525916916,0.12741064617334777,0.016212807701278815,0.12732952407544298,0.5774568862275449,1.0421837924151696,4.532249883121144,1.254012744114438,-0.02157173545851,3251.953125,0.0014731994231973306,0.0016685486467239111,0.0049616766574397085,2.3644457758503343e-05,Ball Fault,0,0.014,185,51
0.004753369023671408,0.13448466986090862,0.018063531910522387,0.1344006395465527,0.5623504191616766,1.070772375249501,4.181520613043033,1.0178625779853396,-0.05913093046040018,3292.96875,0.001290872091577056,0.0018077974249214948,0.005926184279657548,2.9509580984027985e-05,Ball Fault,0,0.014,185,52
0.00427748485450973,0.1476564195787988,0.02178412136614972,0.14759444896793958,0.8069777245508982,1.512433493013972,5.465239688547669,1.6013800700599603,0.05079366051729007,3263.671875,0.0015357764441651539,0.0019325121160844417,0.007407382741437841,3.468636805799152e-05,Ball Fault,0,0.014,185,53
0.005235439687032187,0.22865436625606408,0.05225540937924575,0.22859442114637388,2.195960518962076,4.074847664670658,9.603842493446535,16.224056816147854,0.460411006151566,3228.515625,0.0025009006996722545,0.005943770335744039,0.017659174298319143,5.1279891479669126e-05,Ball Fault,0,0.014,185,54
0.004727829906593065,0.22525111714657967,0.05071571340015647,0.22520149511083729,1.4498959680638723,2.8781880638722557,6.436798123049346,6.2769319115192435,0.14967109336205178,3251.953125,0.0027818890133357605,0.003950814601432462,0.018614231231257796,3.327552204554318e-05,Ball Fault,0,0.014,185,55
0.004519313326472056,0.16107327685607523,0.02592417632421103,0.16100986405873097,0.7627953692614771,1.5233166467065868,4.735704048183376,2.9713387990137905,0.10398809976600015,3310.546875,0.0020083958149862734,0.0040536363821623905,0.006900412289421716,2.0069272011983156e-05,Ball Fault,0,0.014,185,56
0.004491315474519711,0.139030170030952,0.01930921626414376,0.13895760599601506,0.9622657085828343,1.710279481037924,6.9212726156388005,3.2085951849122347,0.10235680771247258,3251.953125,0.0014895502074200708,0.002072325954192015,0.006091084551116684,2.1819337460067454e-05,Ball Fault,0,0.014,185,57
0.004510509469342564,0.10233887844513241,0.010452901345734556,0.10223943146230106,0.625375249500998,1.1250257085828343,6.110827663958466,1.4368092766390754,0.06969124942801457,1435.546875,0.0016026915506714972,0.0009592829126667225,0.0026742537492360653,1.0567847822011322e-05,Ball Fault,0,0.014,185,58
0.004718153595153443,0.16456591937388704,0.027059680846025235,0.16449827003961237,0.9123981237524951,1.6842898602794412,5.544271421591027,2.7346628789680105,0.01680014704479318,3339.84375,0.0013676910552696754,0.0021976886142399035,0.009964325603934178,2.2396435014419415e-05,Ball Fault,1,0.014,186,0
0.004607113955682385,0.18044396613902197,0.03253879941697986,0.18038514189638752,1.16124874251497,2.2994316966067863,6.43550885830282,4.418636315922896,0.08180067124079939,3339.84375,0.0014265502390589074,0.0027174742711548123,0.012120980784291094,2.5620671271698555e-05,Ball Fault,1,0.014,186,1
0.004596803132017216,0.10574354397092589,0.011160566492496613,0.10564358235357514,0.5573149301397206,0.9965395209580838,5.270439302591881,2.136876823162469,0.09568289114352231,357.421875,0.001363454000089573,0.0012384487568447753,0.002982662474662913,1.684867621842159e-05,Ball Fault,1,0.014,186,2
0.004660095726515719,0.13452294038038987,0.018074704996405642,0.13444219946283847,0.9489460279441118,1.8551716167664671,7.054157642263704,7.758538746954374,0.14494922129761006,3269.53125,0.0013998613011794335,0.0018324280469483414,0.005806992954880113,1.9786692159311786e-05,Ball Fault,1,0.014,186,3
0.004119411996319862,0.14094118554040572,0.01984744822633964,0.14088097183913675,0.8134751297405189,1.5778948502994012,5.771734689341803,4.16323271318286,0.027371678124013223,3187.5,0.0014117087390257167,0.0019969269402431494,0.006519421863998553,1.2636280113627144e-05,Ball Fault,1,0.014,186,4
0.004785887775230788,0.14631258243406245,0.021384467056727217,0.1462342882388642,0.7814754091816367,1.5254283033932134,5.341136053926313,3.2944999804726285,0.0016639643419643154,3339.84375,0.00140783652725217,0.0018428497468408317,0.007442774362107482,2.167768758990151e-05,Ball Fault,1,0.014,186,5
0.004447296188872256,0.16477296565503535,0.027130351767363902,0.16471293746200966,1.2817756087824352,2.5123841516966072,7.779040716338924,10.352785912764974,0.0357336540681692,3292.96875,0.0013488450774453652,0.0028511328132665996,0.009370736742869461,1.4239697128114216e-05,Ball Fault,1,0.014,186,6
0.004515347625062375,0.14542487856260958,0.021128006940774588,0.14535476236014624,0.9385501796407185,1.8184612774451097,6.453848811272315,5.895352649675758,-0.08731682770334681,3187.5,0.0014270907566352935,0.002716588989974854,0.00642569963701949,1.5012472082196322e-05,Ball Fault,1,0.014,186,7
0.004318648835142215,0.13325255760774832,0.017737593381245004,0.1331825565952426,0.8360536127744511,1.5497935728542913,6.274203120629908,3.1136863734229783,0.009208019558407363,357.421875,0.001344912958891029,0.0022140956575832796,0.005303888109565922,2.4552277918279873e-05,Ball Fault,1,0.014,186,8
0.0043915384270521475,0.14140737939352188,0.019976761337187163,0.14133917127671,0.814124870259481,1.5900774850299402,5.7573011659727955,4.195252868281481,-0.06388764377948059,3281.25,0.0013126395137642115,0.003212741622051361,0.005467833588077699,1.4452395176056349e-05,Ball Fault,1,0.014,186,9
0.004653829918288424,0.19795407699779455,0.039164158467140414,0.19789936449402867,1.1588122155688623,2.0825807984031934,5.85394467819813,4.297168901215828,-0.18159005517708954,3275.390625,0.001435845859335708,0.004277710333409841,0.013865741336901532,2.444011241512778e-05,Ball Fault,1,0.014,186,10
0.00442302609624501,0.19980170742202166,0.03990115912890709,0.1997527449846612,1.0598892215568863,2.0718600798403193,5.304705526455716,3.778449841277653,0.01042004841626072,3175.78125,0.0013688606993288352,0.0034240413079755882,0.015157743769510724,1.9497078383660056e-05,Ball Fault,1,0.014,186,11
0.004854890979759233,0.20097800655608897,0.040368589152833985,0.20091935982586145,1.3038667864271458,2.4896432335329344,6.4876093099433865,4.236853629320273,-0.002634261907648448,3175.78125,0.0014161519121334452,0.003138253806655275,0.015638259130155714,1.5199853131627317e-05,Ball Fault,1,0.014,186,12
0.0041021215381736535,0.11151560167346249,0.0124189020154804,0.11144012749221172,0.7030192415169662,1.2804761277445111,6.304223184622467,3.5988521082125233,0.11185615568976527,357.421875,0.0014541426568166328,0.0010915831138603438,0.0036647658404146003,1.578710788224397e-05,Ball Fault,1,0.014,186,13
0.004629004627463823,0.1739641853255439,0.030242110092139098,0.17390258793974026,1.166284231536926,2.232995728542914,6.704162867514522,6.779524411118958,0.07666924411018111,3199.21875,0.001323165454129041,0.0015539028875974988,0.012240710582694853,2.4703950883389427e-05,Ball Fault,1,0.014,186,14
0.0045544494409618256,0.09281112704277251,0.008593162293239382,0.09269931117996175,0.4257424750499002,0.8144497405189621,4.587192167741853,1.0364622433377306,0.08706845776510164,357.421875,0.0013859695488041,0.0006103649281289264,0.002309933150949733,1.1056544302957172e-05,Ball Fault,1,0.014,186,15
0.004384558792571108,0.1456364879777248,0.021190762274680468,0.1455704718501677,0.8561955688622754,1.6790919361277445,5.878990771826571,4.310623562768203,-0.006064226124915657,357.421875,0.0014383460716443002,0.0016469781150488974,0.007493413957515391,3.5869479379032704e-05,Ball Fault,1,0.014,186,16
0.004564363694486028,0.1166772391172038,0.013592744712077614,0.11658792695677204,0.7556482235528942,1.4040892614770457,6.476397875628817,2.48685920613202,0.006834466161685644,357.421875,0.001331886893441085,0.0012644348247244665,0.004195559433450927,2.5329456659615105e-05,Ball Fault,1,0.014,186,17
0.004247266209767964,0.1461295211400702,0.021335797678369583,0.14606778453296806,0.7160140518962076,1.4170840718562876,4.899859017603181,2.5450015278334073,0.141243580895962,3193.359375,0.0013677920956019995,0.0018602237407510502,0.0074311449390588435,2.6778204274474526e-05,Ball Fault,1,0.014,186,18
0.004855208235872007,0.10963009080749603,0.011995183763446146,0.10952252628316307,0.47788415169660675,0.9538190818363272,4.359060073531665,1.6276345348311212,-0.014940625402743683,357.421875,0.0014667745830861491,0.0010412554718439685,0.0035001650019141823,1.2972459417682086e-05,Ball Fault,1,0.014,186,19
0.004331101137568613,0.1223423485249834,0.014948891805544661,0.12226566077826047,0.6611109780439123,1.2642326147704592,5.403778707982768,1.9037092740433064,0.04571322698650364,357.421875,0.001404496266468124,0.001768340160092341,0.004308809495795005,1.156036561765783e-05,Ball Fault,1,0.014,186,20
0.004675879218126247,0.10892023376590572,0.011841753477157043,0.10881982115936896,0.5160564071856288,0.9801335728542915,4.737929669658542,1.6295940650179732,0.015029816806300169,357.421875,0.0013789570760710617,0.0012096626568400323,0.0033403614479824172,1.3760254652192566e-05,Ball Fault,1,0.014,186,21
0.00413170567068987,0.12812310055092813,0.016398457903034028,0.12805646373000476,0.7897596007984031,1.460779121756487,6.164068754209383,4.158843289601627,-0.020423694649599658,357.421875,0.00144212039354501,0.0017070590358940168,0.005053917409414902,1.3203844279019903e-05,Ball Fault,1,0.014,186,22
0.004536207214477296,0.11616780198372882,0.013474381041838157,0.11607920159028558,0.633821876247505,1.1708324151696607,5.4560890834129925,1.658425711051815,0.27403477885199756,357.421875,0.0013544895962257781,0.0012514345873398337,0.004130409396649526,2.143526787610716e-05,Ball Fault,1,0.014,186,23
0.00458855447308508,0.1402470204257016,0.0196481719061347,0.14017193694222357,0.7431407185628743,1.4227693013972056,5.298798621939826,2.7502398583996293,0.09529586033277118,3140.625,0.0013072141494307014,0.002776587227778956,0.005732240498813815,2.9100342299871894e-05,Ball Fault,1,0.014,186,24
0.004548659516903692,0.1109335313963306,0.012285558084659948,0.11084023675840804,0.612542874251497,1.2184259081836328,5.521710762664483,3.628079059629904,-0.02410516399168431,357.421875,0.0013775389256562476,0.0010173770086187384,0.003717848784367635,5.070505304496957e-05,Ball Fault,1,0.014,186,25
0.004825624103355788,0.18572635062721143,0.03447099066931499,0.1856636492944028,1.049168502994012,2.0226422355289424,5.649001875344524,3.512238271237896,0.13713303872744087,3181.640625,0.0014429286905014152,0.003457823224390212,0.012340755577794557,1.7276345165560242e-05,Ball Fault,1,0.014,186,26
0.004600689519398703,0.18194671276416474,0.03308343994163156,0.18188853713643297,1.2783644710578843,2.4820087824351296,7.026037742791604,5.895417976549208,0.029325807200521217,3234.375,0.0014049382290984927,0.004293737874235814,0.010849563541785212,1.4647346933066187e-05,Ball Fault,1,0.014,186,27
0.0049560163657060875,0.15601852750227058,0.024317218825759622,0.15593979231023627,1.022529141716567,2.041647145708583,6.553895605133729,6.129708159489281,-0.019511802225064084,3269.53125,0.0013723352894749036,0.003206566932474722,0.00759195983905,1.2309467321306185e-05,Ball Fault,1,0.014,186,28
0.004379165438653942,0.11708552905071842,0.013689844023147525,0.11700360688093135,0.70740499001996,1.2827502195608784,6.041779848930182,2.6629242365367807,-0.12531075568044994,3181.640625,0.0014784329656918275,0.0013383131135206922,0.004035779377600076,1.1574440504031983e-05,Ball Fault,1,0.014,186,29
0.004550325111495758,0.18958186549799144,0.035920578267078215,0.1895272494051402,1.2564357285429142,2.303005269461078,6.627404605617333,4.688651635072979,-0.015614518160898507,3275.390625,0.0013765070831629814,0.0031135628235462107,0.013462400355644525,2.852452796636878e-05,Ball Fault,1,0.014,186,30
0.004086417360591317,0.15514524219739645,0.02405334736964386,0.15509141617008937,0.9481338522954091,1.8470498602794412,6.111266055384843,4.391475508344019,-0.019494883917075562,3140.625,0.0013821292315282913,0.0022960896113882997,0.0083430586693992,2.2098840793290708e-05,Ball Fault,1,0.014,186,31
0.0045732468656437125,0.17029689723674446,0.028980118621568192,0.17023547991405374,1.3397649500998003,2.530901756487026,7.867230535840457,7.332768228308705,0.2215750010324985,3193.359375,0.0015046023183051742,0.0024324654974902625,0.010552352432882996,2.1554721742840678e-05,Ball Fault,1,0.014,186,32
0.004378292984343812,0.10467833607257603,0.010938384593466414,0.10458673239692697,0.7213744111776447,1.3798864271457085,6.891343884922839,4.81629155602213,0.03409783376679027,357.421875,0.001338766118352577,0.001030458430228847,0.0031064244790692383,1.2714937903575378e-05,Ball Fault,1,0.014,186,33
0.00420895753415045,0.08598607604063961,0.007375889949342376,0.08588300151568048,0.4775592814371257,0.8373530938123752,5.553914115250669,1.4190049334624453,-0.04075206661635223,357.421875,0.001319444950404557,0.00048643183537869185,0.0018873277653525763,1.2456860594845655e-05,Ball Fault,1,0.014,186,34
0.004332449476047905,0.1060810210956698,0.011234412918237433,0.10599251350089511,0.809414251497006,1.5839049500998004,7.630151398778778,6.656685390639698,0.18669621918987775,357.421875,0.00147908821561473,0.0010725105002336226,0.003066360980895698,1.8016921714240205e-05,Ball Fault,1,0.014,186,35
0.004095300531749002,0.1468254598405887,0.021540944170954986,0.14676833504184403,0.8176984431137725,1.570910139720559,5.569187006133431,3.4408176003092974,-0.006087120819250117,3345.703125,0.001359224211894958,0.0012922588054301279,0.008110203759941903,2.55568038277107e-05,Ball Fault,1,0.014,186,36
0.004559684166822606,0.18092835404167087,0.032714278576527034,0.18087088924569103,0.8115259081836328,1.605346387225549,4.485344005266994,3.158773292698288,0.041617119995018076,3263.671875,0.0014237890676690183,0.0024979333934923077,0.012415990558605188,4.021718952936785e-05,Ball Fault,1,0.014,186,37
0.004304372310067365,0.14130094731583973,0.01994743009137004,0.14123537124732613,1.0311382035928145,1.9394754491017965,7.297461363001243,5.272150201020143,-0.04129366392202813,3333.984375,0.0014833212786092898,0.002031459129350962,0.006453211471897773,2.4250841615378422e-05,Ball Fault,1,0.014,186,38
0.004554211498877246,0.13864645602355322,0.019202098925514575,0.13857163824359794,0.9346517365269461,1.8543594411177646,6.741259483532473,7.774175105152677,-0.03920605396398994,3304.6875,0.0013640589065722548,0.0017497315351606617,0.006492863720302038,1.5136324271432021e-05,Ball Fault,1,0.014,186,39
0.004764076417477545,0.12789200081035387,0.01633366744716399,0.12780323723272424,0.7899220359281437,1.5078853093812374,6.176477269281984,3.433046167056532,-0.07520857373334343,3292.96875,0.0014046031283078018,0.0015841404720339635,0.005175140372942855,2.564789680672649e-05,Ball Fault,1,0.014,186,40
0.00420173995758483,0.1350024793033246,0.01820801479937342,0.13493707718552903,0.9361136526946108,1.8681664271457086,6.934047859901472,6.309557486852448,0.042677683676080304,357.421875,0.0014563760892142604,0.0020265330198826286,0.005615646126000719,2.310937649432107e-05,Ball Fault,1,0.014,186,41
0.004852828815026198,0.11105072227296389,0.01230871296983901,0.11094463921181145,0.43971189620758483,0.8773121357285429,3.9595590844224153,0.9961058776804586,-0.04498141067874821,357.421875,0.001373205437460654,0.001112843462949112,0.003671993318951792,1.98687499327486e-05,Ball Fault,1,0.014,186,42
0.004157958614021956,0.1128636465314028,0.012720914088529508,0.11278702978857767,0.5706346107784431,1.113330379241517,5.055964682300706,2.3505210088469966,-0.04789798989980058,357.421875,0.0013606768623161986,0.001286519215883483,0.003715973411186583,1.4577012184724824e-05,Ball Fault,1,0.014,186,43
0.004808016389096805,0.14618266088083912,0.02134625332060459,0.1461035705265432,0.9387126147704591,1.8746638323353295,6.421504500698966,6.645588715478281,-0.018857890678848497,3316.40625,0.001442019068612401,0.002267133153298797,0.006974520828299057,1.2570760033031146e-05,Ball Fault,1,0.014,186,44
0.004098631720933134,0.08496984523022827,0.007203075816465107,0.08487093622946024,0.3513471856287425,0.6456796407185629,4.134963229328676,0.35540008484093333,-0.04482363111363611,357.421875,0.0014385802104473465,0.0005669444208854254,0.00159985662417777,1.2955621967856847e-05,Ball Fault,1,0.014,186,45
0.005004159980819611,0.12019411005922999,0.014421582475816656,0.12008989331253757,0.5550408383233533,1.070772375249501,4.617870526682521,1.9266075798926208,0.08670752812454734,3316.40625,0.0014231811723249483,0.0013273140055997056,0.004468268779450801,1.707269661248519e-05,Ball Fault,1,0.014,186,46
0.004672230772829341,0.12090422483217163,0.014596001841873735,0.12081391410708343,0.8224090618762475,1.5582401996007984,6.802153216877589,6.513344312015592,0.014328674988655778,357.421875,0.0014113357852516308,0.001753822330585681,0.004138806741489443,1.5867452725615682e-05,Ball Fault,1,0.014,186,47
0.004483542699756737,0.13986267743655584,0.019541466384581527,0.13979079506384362,0.8609061876247505,1.6389704590818361,6.15536756055076,4.912205169145855,0.007066261382602031,3181.640625,0.0014510546252196309,0.0016599206894419498,0.006666807551124431,1.3052532376763638e-05,Ball Fault,1,0.014,186,48
0.004841645537050897,0.12451489639016171,0.01548051789154626,0.12442072934823305,0.882022754491018,1.7533247904191618,7.083672556954472,6.7896498488259365,0.04253456443699799,357.421875,0.0013688873969195175,0.0017268971868713823,0.004655215652124654,1.2700285159980827e-05,Ball Fault,1,0.014,186,49
0.004802543721151447,0.12051076257331396,0.014499779469808077,0.12041503008266068,0.6027967664670658,1.2034818762475048,5.002016032388378,2.6213043632225466,0.0038557776858033723,357.421875,0.0013648178895641868,0.0015710857781205422,0.004326196447892047,1.0854076348482147e-05,Ball Fault,1,0.014,186,50
0.005356869464196607,0.11262942786416204,0.012656691970552037,0.1125019642964159,0.5889897804391218,1.0597267864271458,5.229448392026632,1.3210970905515111,-0.04722332228315012,357.421875,0.0014512642557357408,0.0016133986480989181,0.003277807022050973,1.457918690128038e-05,Ball Fault,1,0.014,186,51
0.004481401220995507,0.17407440530252635,0.030281815624524675,0.17401671076228475,0.9643773652694612,1.8197607584830342,5.5400296418847805,3.4415631180920405,-0.05336884668334001,3328.125,0.0014023019697473587,0.0033503228990405826,0.010388788826875588,1.958060762607247e-05,Ball Fault,1,0.014,186,52
0.004942612294941367,0.11248934266962729,0.012629422797946727,0.11238070474039005,0.8086020758483033,1.563762994011976,7.1882549640556315,6.086441281251181,0.0015666438503172415,357.421875,0.001376826907072948,0.0011764760983384507,0.0037728294713102123,1.3011402659660444e-05,Ball Fault,1,0.014,186,53
0.0044321472094872765,0.1728772883620024,0.029866912902512362,0.1728204643626222,1.0571278243512974,2.107108502994012,6.11490285605179,4.466632145502201,-0.038475983436392795,3298.828125,0.0014983977054202414,0.003641370060391675,0.009777818014972807,3.552956107207311e-05,Ball Fault,1,0.014,186,54
0.004530100034306386,0.11889528449640914,0.014115566869161246,0.11880895113231682,0.5707970459081837,1.1359088622754492,4.800838387542803,1.6788075663551796,-0.0320481432743257,3287.109375,0.0013736130754661037,0.001184588105398782,0.0045004920132687785,1.9626478183987038e-05,Ball Fault,1,0.014,186,55
0.004462841738398203,0.12828076873884767,0.01643603867184773,0.1282031149069621,0.6737809181636727,1.2838872654690618,5.252392270390484,3.2166038978807974,-0.0013433405263907341,3328.125,0.0013202147266750304,0.001984543607081196,0.004919890371359756,1.329124235953618e-05,Ball Fault,1,0.014,186,56
0.0041404302137911676,0.1090504941771368,0.011874867117922473,0.10897186388202448,0.61660375249501,1.1835023552894213,5.654295811749611,2.833968272222884,0.06105606485627809,357.421875,0.001495984169988958,0.001515502181083205,0.002932483267650751,1.0608179013580202e-05,Ball Fault,1,0.014,186,57
0.004339349796500748,0.13552382298937138,0.018347876640998077,0.13545433415361088,0.8082772055888223,1.5936510578842316,5.964096848509154,3.524930345226755,-0.047138653204189196,3269.53125,0.0012920191301215708,0.002401106708339159,0.005481182500265088,1.8469082062597757e-05,Ball Fault,1,0.014,186,58
0.004965375421032934,0.12481878424461461,0.015555073947231851,0.12471998214893976,0.843850499001996,1.5733466666666667,6.760605017176368,4.328655789054339,0.15001285852909704,3287.109375,0.0014823108733939129,0.0015769262579824516,0.004719436476362,2.3518397470066633e-05,Ball Fault,2,0.014,187,0
0.004349660620165919,0.11710854776308904,0.013695492411669088,0.11702774206003073,0.5964617964071856,1.1511777644710577,5.093238775480588,2.161980863547453,0.027432242152908064,357.421875,0.0014054096515282192,0.001437136853866857,0.004003901654172519,2.021776161699427e-05,Ball Fault,2,0.014,187,1
0.005004159980819611,0.1242799483519655,0.015420463945253572,0.12417916067220608,0.5940252694610779,1.1752181636726546,4.779735406541818,2.0016106130530957,-0.09597040124228852,357.421875,0.0015721863970764647,0.0016494133783072269,0.004489195600115277,2.4478238048665766e-05,Ball Fault,2,0.014,187,2
0.00499448366937999,0.17993488357234283,0.032351617459068865,0.1798655538424989,0.9486211576846307,1.8489990818363273,5.27202473945658,2.3221508609562695,0.06452344722141652,3164.0625,0.002319967494129457,0.0033978470084258185,0.010427832272543458,5.5107655786853565e-05,Ball Fault,2,0.014,187,3
0.0048429938755301894,0.14803020816926477,0.021889487940957443,0.14795096465031055,0.8852714570858283,1.6505033532934132,5.980343255841179,2.7324418763723797,-0.07685600324138649,3152.34375,0.001910984050019075,0.0022077553183932216,0.006814187341592508,3.527248425956448e-05,Ball Fault,2,0.014,187,4
0.005149383966442116,0.11313289514478167,0.012772535808606312,0.11301564408791516,0.5945125748502994,1.0568029540918165,5.25499302470314,1.5450426293443087,-0.08198663964889029,357.421875,0.0016560993499093318,0.0012876955421786233,0.0034462095333868763,2.2781498944658095e-05,Ball Fault,2,0.014,187,5
0.004543583419099301,0.11143328258901083,0.012396732318276031,0.11134061396577635,0.7894347305389221,1.4877433532934132,7.08437113398626,5.818350969177921,0.08875083374655358,357.421875,0.0013260539506474334,0.0008446226979825941,0.004027489402595134,2.0845506591573487e-05,Ball Fault,2,0.014,187,6
0.005169212473490519,0.10155240760007514,0.01028617073177571,0.10142076085188727,0.5038737724550898,0.9143473453093812,4.961711734490842,0.9225115421096901,0.03212383942047423,357.421875,0.001464536714129042,0.0009077536040114172,0.002780320306025503,1.7195732024113764e-05,Ball Fault,2,0.014,187,7
0.004572295097305389,0.10228939325156446,0.010442214089316356,0.10218715227129267,0.7129277844311377,1.344313133732535,6.969713689451705,4.815353924122086,-0.019550799914788017,357.421875,0.0014039795356564954,0.00120931564926555,0.002615544010662126,1.3173915735568694e-05,Ball Fault,2,0.014,187,8
0.004640029277382734,0.09887866029900833,0.009755459590831714,0.09876973013444815,0.41063600798403194,0.8123380838323353,4.152928516044531,1.2404535312471454,0.016557866838446855,357.421875,0.0014672639437253465,0.0009244462030556807,0.002490464417794764,1.7085474744065376e-05,Ball Fault,2,0.014,187,9
0.005088153536676647,0.11832437258077629,0.013974767840221568,0.11821492224005212,0.6458420758483034,1.2741411576846309,5.458233682223057,3.687505158086462,-0.025545595537571648,3292.96875,0.001407394974023582,0.0015861810575437446,0.004007280851319443,1.2419158467593669e-05,Ball Fault,2,0.014,187,10
0.004432861035741018,0.10720732166423183,0.011473759561455882,0.10711563640036818,0.6231011576846307,1.1104065469061877,5.812113837114162,3.768075013065199,0.10643381733108655,3152.34375,0.0014194480141449242,0.0013611499337016564,0.002964910228441013,1.1022002767487217e-05,Ball Fault,2,0.014,187,11
0.00522544611947979,0.11083444566473312,0.012256969058661093,0.11071119662735604,0.6859635528942116,1.2179386027944112,6.189082724058602,2.27086796779444,-0.02779124142247404,3263.671875,0.0015468552810893512,0.0013726745852718626,0.0032192145932338854,1.7049046038285203e-05,Ball Fault,2,0.014,187,12
0.00449329832522455,0.10731881944439753,0.011497139277099732,0.10722471392873814,0.46911265469061875,0.9288040718562873,4.371205880937486,1.1761887111603793,-0.06531949456169733,357.421875,0.0013411598209122717,0.0011588214527823595,0.0032479255076904114,2.085605476096915e-05,Ball Fault,2,0.014,187,13
0.004802860977264222,0.15992322370692108,0.025552370007247,0.15985108697549416,1.5730217964071858,2.724199560878244,9.836106101074733,21.734732960364568,0.8752503734924824,3246.09375,0.0018655080290469733,0.004589538313392404,0.006321167740020714,2.3041287455898906e-05,Ball Fault,2,0.014,187,14
0.00475432079200973,0.20209359460796425,0.040819217415374864,0.2020376633585304,1.8390905389221557,3.122490499001996,9.100192128749832,9.820089012919404,0.44429628954411543,3257.8125,0.00246006442366363,0.004942106090052758,0.01298398981806825,4.6055922939258166e-05,Ball Fault,2,0.014,187,15
0.004611079657092065,0.16416262364089332,0.026928104945057537,0.16409785173809419,1.0909143313373253,1.9339526546906187,6.64532709786429,5.3151496102126075,-0.03211384173845678,3292.96875,0.0021121661099622957,0.002482489986029769,0.008847583732508458,4.3077876522038254e-05,Ball Fault,2,0.014,187,16
0.004972196427457585,0.14348259974141286,0.020562533691241267,0.1433964214729268,1.0057983233532932,1.9133233932135725,7.009897542740113,4.295295516617958,0.03865617817452321,3298.828125,0.0018021531148401946,0.001802047279452925,0.0066661400588872285,3.5661435914533226e-05,Ball Fault,2,0.014,187,17
0.004605131104977544,0.1556858468942955,0.024216875690699982,0.15561772293251172,1.0249656686626745,1.9346023952095805,6.583550715169283,3.514056911859141,-0.006537246674950017,3257.8125,0.0019583404012859223,0.002770147838819412,0.0073652854226877095,3.587208060863305e-05,Ball Fault,2,0.014,187,18
0.0049814761687562385,0.17919087006677878,0.032084552810469305,0.17912161458201883,1.4765353293413173,2.7974578043912173,8.240014286392265,10.003103608911735,0.03904670702180551,3175.78125,0.0023697307480450916,0.004376528278042627,0.009277766790163823,4.307218886879661e-05,Ball Fault,2,0.014,187,19
0.004536207214477296,0.14927848098425922,0.022263487709075158,0.14920954295578803,0.9882553293413173,1.696797365269461,6.6202129257031,3.3767980940958644,0.26375999519489723,3169.921875,0.002019267171995956,0.0019466728932688825,0.007150431662971426,3.5949302448766374e-05,Ball Fault,2,0.014,187,20
0.004656050711077844,0.12582645162587874,0.01581061712053547,0.12574027644528013,0.5967866666666667,1.0954625149700599,4.742934883366968,0.8816838749896725,-0.04186669082094935,3251.953125,0.0016804056508993464,0.0012366033377941084,0.004972228387125402,3.776175742993125e-05,Ball Fault,2,0.014,187,21
0.004862663754522205,0.16682575683442827,0.027807187644590253,0.1667548729260715,0.8535966067864271,1.6046966467065866,5.116695545002726,2.6592784485665737,-0.0695837464180331,3175.78125,0.002201814944992455,0.0035242450604047334,0.008153724223391721,4.746959116415594e-05,Ball Fault,2,0.014,187,22
0.004770738795845808,0.17358086795129574,0.03010755777006698,0.17351529549312641,1.4143226746506987,2.47583624750499,8.147917978192948,9.198581226777733,0.3971918028775007,3169.921875,0.0021299856712277397,0.002665256117690123,0.010253763057848801,2.7534100472420305e-05,Ball Fault,2,0.014,187,23
0.0049525265484655695,0.14887138196593114,0.022138160849232914,0.14878898094023266,0.7057806387225549,1.3253082235528941,4.740875172933312,1.664853572975609,0.06868074139056903,3146.484375,0.002052040207435613,0.003173642371017172,0.0058324606481970085,3.5464762473069205e-05,Ball Fault,2,0.014,187,24
0.004979414004023203,0.1782412015561438,0.031745131368354426,0.17817163457844357,1.175380598802395,2.0567536127744512,6.594326051107575,5.346040338234465,-0.3104793268636927,3298.828125,0.0022001508308959667,0.005744342653417756,0.00791539278313828,3.747797555849168e-05,Ball Fault,2,0.014,187,25
0.004982745193207334,0.16062941473543452,0.025776981128587798,0.16055211343544437,0.8448251097804391,1.5910520958083834,5.259467023346331,2.4526829084532045,0.08903012245394668,3152.34375,0.002221283984994121,0.0028321168618494048,0.007831931829134069,2.7988411304525537e-05,Ball Fault,2,0.014,187,26
0.005142642274045657,0.19456472154842808,0.03782898410165856,0.19449674573539413,1.2171264271457087,2.35368502994012,6.255637802471607,4.71038774816734,-0.029622676262356724,3164.0625,0.0021403841408050186,0.006055966799078661,0.010706239234665441,3.8348753488820104e-05,Ball Fault,2,0.014,187,27
0.005064517956274949,0.17204228987708628,0.029572900164021955,0.17196773000776033,1.5577528942115768,2.6757938922155686,9.054476636671694,7.801472394586606,0.3328571107640044,3169.921875,0.001989442166377112,0.0036775743769287346,0.009111134905961651,3.394825419324133e-05,Ball Fault,2,0.014,187,28
0.0051995897462886725,0.1385399811211665,0.019166290635523463,0.1384423729770747,0.9104489021956088,1.5647376047904191,6.571741202991315,3.9594791675280154,0.1913714496249288,3257.8125,0.0016579882241620557,0.0023763448289236795,0.005528313160540884,4.7534977699284355e-05,Ball Fault,2,0.014,187,29
0.0047918363273453096,0.11157607395135516,0.012426258583010209,0.11147312942144492,0.7069176846307386,1.3657545708582834,6.3357461828146056,3.841960530612658,-0.06535116207244901,3281.25,0.0013901943341282762,0.001057748142494392,0.003768806710914849,1.934187012619773e-05,Ball Fault,2,0.014,187,30
0.004950623011788922,0.08760133065566818,0.007649484464438854,0.08746133125238179,0.4208694211576846,0.800642754491018,4.804372467947809,1.4149021647369917,0.0829706590014885,357.421875,0.0014603942590058747,0.0008298727069080016,0.0015449439497713117,1.4040004869381678e-05,Ball Fault,2,0.014,187,31
0.004612903879740519,0.10291331464498023,0.010569871449012978,0.10280988011379537,0.7473640319361277,1.4424239520958082,7.262073275108349,5.906395859229724,0.09066490133991968,357.421875,0.0014543500998008784,0.0011006078227823854,0.002734342054346788,1.691469682660174e-05,Ball Fault,2,0.014,187,32
0.004764869557759481,0.095387894481394,0.00907614643169109,0.09526881143213181,0.4592041117764471,0.904926107784431,4.814071159375656,1.561389510836391,0.17434968777732263,357.421875,0.0014309308230554968,0.0009942363521512633,0.002119650875301802,1.5960379829575625e-05,Ball Fault,2,0.014,187,33
0.004426674541541917,0.10036918641801618,0.010054378134717748,0.10027152205246387,0.827606986027944,1.4217946906187624,8.245628121175937,6.714717247938413,0.4884386610102587,357.421875,0.001370608744765731,0.0007783124753532798,0.0028807336096011446,1.713105525319593e-05,Ball Fault,2,0.014,187,34
0.0042198235560129745,0.09464561248951758,0.008939985052672045,0.0945514941852959,0.5246654690618763,0.9492708982035929,5.543473757116689,1.3038575472261735,0.016883141601673046,357.421875,0.0014164410236770465,0.0008712456602576436,0.002173210861709559,2.6902677875038526e-05,Ball Fault,2,0.014,187,35
0.004279071135073604,0.11060273005968024,0.012214653446875473,0.1105199233028845,0.5657615568862276,1.0452700598802396,5.115258516502692,1.4899308825293387,0.058347744780139946,357.421875,0.0015544274409952758,0.001201853377904387,0.0033386804125012624,3.067607399948228e-05,Ball Fault,2,0.014,187,36
0.004077454875405439,0.13024630395780867,0.016947474056408923,0.13018246447355697,0.49136626746506984,0.9260426746506986,3.772592791763523,0.7235026456775051,-0.06311965168058567,3158.203125,0.0015919055140148773,0.0011394368955534775,0.005721943569586824,3.707669901412581e-05,Ball Fault,2,0.014,187,37
0.0046017999157934135,0.12774450621747568,0.01629748230628169,0.1276615929176888,0.7673435528942116,1.3646175249500998,6.006861473853641,3.292836981780585,0.14443203186499573,3304.6875,0.0017513539199887063,0.0013658754558824727,0.0050166971033332244,3.599124849218984e-05,Ball Fault,2,0.014,187,38
0.0038840079606412173,0.12008970477560464,0.014406451675253555,0.12002687896989389,0.5706346107784431,1.1203150898203593,4.751736311157653,2.031067905460322,-0.005886898613252719,3158.203125,0.0014919935730376224,0.0014523418091274575,0.0042301346802590825,4.3841615125551016e-05,Ball Fault,2,0.014,187,39
0.00455516326721557,0.13426235569703301,0.01800563064492562,0.13418506118389492,0.5914263073852295,1.143705748502994,4.405004696326054,2.024473644917342,0.01616394349868872,3269.53125,0.002004190946985978,0.0015769518151781791,0.0054176432885911984,2.477902718425781e-05,Ball Fault,2,0.014,187,40
0.00442413649263972,0.19043181960224398,0.03624470493331609,0.19038042161240237,1.1695329341317366,2.1764683033932135,6.141478543735741,3.5865048103932846,0.1155204309454956,3152.34375,0.0020926772261291226,0.004666688823573311,0.011338567529629,4.399519499563154e-05,Ball Fault,2,0.014,187,41
0.0040904623760291935,0.19700760159569672,0.03879526320403906,0.19696513194989376,1.3969421157684632,2.428405189620759,7.090803118527874,6.074136806468321,0.3753419177508246,3304.6875,0.0024448400143188623,0.0043073755203139955,0.01261831937270941,4.383023040552647e-05,Ball Fault,2,0.014,187,42
0.004584112887506237,0.16089761855767093,0.02586702956656437,0.16083230262159517,0.7681557285429141,1.4120485828343314,4.774189546301969,1.4171005711099482,-0.016839104122656413,3292.96875,0.0019729996396125153,0.0025724861538564243,0.008360850913398372,4.819246382707665e-05,Ball Fault,2,0.014,187,43
0.0037151483946170167,0.15823739726700875,0.02502527156624313,0.15819377853203687,1.2202126946107783,2.1389457884231535,7.711278848651683,6.997156454177322,0.47086195773976675,3175.78125,0.0018482012121114908,0.002890565741903928,0.0077523197962973455,3.535138207119351e-05,Ball Fault,2,0.014,187,44
0.004377182587949101,0.14022421183204173,0.01964366985650906,0.14015587699596854,0.8230588023952096,1.5489813972055888,5.869591218534043,3.6231887547517445,0.19786992749474178,3158.203125,0.0020988018040393186,0.001540722391371066,0.006158961395874569,4.2509073549684764e-05,Ball Fault,2,0.014,187,45
0.004105056157216816,0.16928457906184924,0.028640417222093588,0.16923479908722552,1.285511616766467,2.12205253493014,7.593790432008558,4.982913200606989,0.3392962105860659,3158.203125,0.0025828703649245907,0.003263375335745624,0.008451778078893994,3.9036432282278506e-05,Ball Fault,2,0.014,187,46
0.003985609230757236,0.1410493209341838,0.01987902585505408,0.14099299931221437,0.6079946906187624,1.1515026347305388,4.3105112920214905,1.1372768931123556,0.01618059899071855,3146.484375,0.0020965447666435443,0.002269981559758596,0.005545941939681455,4.2929907329436907e-05,Ball Fault,2,0.014,187,47
0.004441664892870509,0.16816578456478742,0.028260002711269938,0.1681071167775771,1.81228874251497,3.1980228343313373,10.776798307724537,19.432590980721532,0.5421268797775076,3169.921875,0.002190906574785759,0.004094599967018466,0.007828070334749382,3.615534077172072e-05,Ball Fault,2,0.014,187,48
0.004087369128929642,0.1737413520838465,0.03016935083752699,0.17369326652903672,0.9760726946107785,1.8863591616766469,5.617964191620495,3.1424038767012856,0.09908332293609347,3164.0625,0.002059837644399619,0.0031333336020401906,0.009872618562988366,3.559314720210065e-05,Ball Fault,2,0.014,187,49
0.004362826748846058,0.15145321180026391,0.022919041107375155,0.15139036002128786,0.9224691017964072,1.6662595608782436,6.090785998074157,3.4273708502781224,0.021809929565253804,3169.921875,0.001738032475265214,0.002528342704584959,0.0071798155589233555,3.236509049859575e-05,Ball Fault,2,0.014,187,50
0.004013051884512224,0.15213777048261296,0.023129796621992434,0.1520848336356799,0.8211095808383234,1.5319257085828344,5.3971448262557775,2.267491592446757,-0.07798514550227476,3298.828125,0.0019316839928979826,0.0035629171112904466,0.006046714715166759,3.9688785529522414e-05,Ball Fault,2,0.014,187,51
0.004045887892184382,0.15275556614272187,0.023317893778747354,0.15270197699685278,0.9052509780439122,1.7983193213572854,5.926140702448265,3.4089991714217156,-0.12983906092880448,3152.34375,0.002046489001159799,0.003428625295438263,0.006164707302741734,3.5494772594745025e-05,Ball Fault,2,0.014,187,52
0.0043222179664109284,0.12252052249593268,0.01499259686452718,0.12244426023512568,0.6875879041916168,1.2307709780439122,5.6120222978517145,2.4651270064158126,0.10058280791942492,357.421875,0.0018077053894663226,0.001900034546033379,0.003785458576652436,2.1781494076382682e-05,Ball Fault,2,0.014,187,53
0.004035101184350051,0.12047384391945304,0.014497665027160787,0.12040624995057685,0.5272644311377246,1.031950379241517,4.376588427694276,1.2776759609191775,0.0953998258218255,357.421875,0.001395748103852258,0.0015874086247904024,0.004260070833963787,2.1888106077090435e-05,Ball Fault,2,0.014,187,54
0.004460779573665169,0.14211229758555652,0.020176006570640944,0.1420422703656941,0.6242382035928143,1.2278471457085829,4.392569919693272,1.595644935674935,0.02064469233872422,3164.0625,0.0014671902341151736,0.001448116335698163,0.007165342100215832,2.725357733446597e-05,Ball Fault,2,0.014,187,55
0.004244490218781187,0.13564223174294648,0.018380799334989872,0.1355758065990753,0.5678732135728543,1.0946503393213574,4.186551682878693,1.4218279944136096,-0.015121360485543111,3158.203125,0.0017538423312975495,0.0015788008882678735,0.0058472255921233045,2.8549961587735653e-05,Ball Fault,2,0.014,187,56
0.004307782813279691,0.16507239382246408,0.027230338209512286,0.16501617559958262,1.219725389221557,2.355959121756487,7.38903314465395,6.489209028662229,0.21489631553190575,3292.96875,0.0023377520294774815,0.0028369667052868803,0.008430664920583102,2.834348935580569e-05,Ball Fault,2,0.014,187,57
0.0040622265819922655,0.1549850057661451,0.024003850327528588,0.1549317602285877,1.2475017964071855,2.1309864670658683,8.049177339706818,7.96612520806751,0.42244399304975344,3158.203125,0.002337972560111797,0.0022774862398767803,0.007372226470998413,3.0742624761485356e-05,Ball Fault,2,0.014,187,58
0.00437757915809007,0.10552054657572964,0.011115422550355384,0.10542970430744546,0.47593493013972055,0.9388750499001997,4.510353154758852,1.3566946603290049,0.017350068831408747,1382.8125,0.0020154557588587295,0.0012170047404241682,0.0023128389366222695,3.157778830805919e-05,Ball Fault,3,0.014,188,0
0.004854573723646456,0.16015509469147973,0.025626087469598526,0.16008150258414783,1.105858363273453,2.154701996007984,6.904921541233273,6.361824194552495,-0.051906497901496776,1382.8125,0.002591473863007437,0.003576346865330578,0.006639529327921094,2.9260938954652105e-05,Ball Fault,3,0.014,188,1
0.004284464488990768,0.1142705904085294,0.013039411196356465,0.1141902412483504,0.8302059481037924,1.504311736526946,7.265263486744216,3.646157862752548,-0.09231477477202134,1382.8125,0.002471590217744095,0.0016448437776125646,0.002388420682352821,3.32075681300495e-05,Ball Fault,3,0.014,188,2
0.0048433904456711575,0.1397949406899195,0.01951916701148889,0.1397110124918179,1.138995129740519,1.9341150898203594,8.147613383712756,6.043785414403429,-0.21227879900604651,1382.8125,0.002739841826810914,0.0022862941435906267,0.004718132181879075,3.877437692001249e-05,Ball Fault,3,0.014,188,3
0.004367823532622255,0.10622705728849152,0.011265109817760332,0.10613722164142197,0.6680956886227545,1.1776546906187626,6.289317483476359,2.524472262256614,0.14802105725165568,1382.8125,0.002141121036345956,0.0007369536583819069,0.0027204809849186956,5.307712452912076e-05,Ball Fault,3,0.014,188,4
0.00446760058008982,0.10992179541214953,0.012062841651687235,0.10983096854570315,0.6549384431137725,1.211603632734531,5.958221849070916,2.144140789997679,-0.03198004536214991,1382.8125,0.0020901115248850434,0.0009653575165768939,0.0029431574572684888,5.2755185590431483e-05,Ball Fault,3,0.014,188,5
0.004418267254553393,0.10037695022646449,0.010056011051233474,0.10027966419585516,0.5027367265469063,0.9294538123752496,5.0084877595171164,1.0603051232542136,-0.16688614970671845,1382.8125,0.001937667857541759,0.0007503371835725032,0.002332892780386382,2.6629415310690686e-05,Ball Fault,3,0.014,188,6
0.004320710999875249,0.12676296266732553,0.016050180160653328,0.1266893056285862,0.9949151696606787,1.9347648303393212,7.848626670802231,8.402022545125961,0.02952291004762922,1382.8125,0.0021903050701898956,0.0017770912313468722,0.00404917572386129,2.718722413498586e-05,Ball Fault,3,0.014,188,7
0.004626704520646207,0.11157593019451359,0.012427781804049602,0.11147996144621508,0.6601363672654691,1.251075369261477,5.916476484799491,2.758606043515015,-0.1999192020447816,1382.8125,0.0022173740889686196,0.0010521937024355217,0.002929537944963514,3.619157668404633e-05,Ball Fault,3,0.014,188,8
0.004392331567334082,0.131056739177312,0.01715657630719259,0.13098311458807427,0.7598715369261477,1.379723992015968,5.798034818324654,3.1302845423186847,0.10035345644215007,1382.8125,0.0021690718848108295,0.0020787857332919364,0.004308111610420411,4.1612534382610266e-05,Ball Fault,3,0.014,188,9
0.004461493399918912,0.13685856181294123,0.018710361018149137,0.13678582170001807,1.1958474251497007,1.9277801197604791,8.737834223219364,8.700125356732581,0.5349377709642146,1382.8125,0.0024076282469460727,0.001676558516379917,0.005265133707809166,2.5765472131303e-05,Ball Fault,3,0.014,188,10
0.0046131418218251004,0.13549789190770314,0.018338397633963336,0.13541933995542638,0.7511000399201596,1.4986265069860278,5.543259967703299,3.3909662423044313,0.06040533346295184,1382.8125,0.0022843782620511986,0.001418043776735501,0.005449549784155321,3.8508108877911926e-05,Ball Fault,3,0.014,188,11
0.004387096841473303,0.11755192010580164,0.013799207301864305,0.11747002724892978,0.5306755688622754,1.0283768063872256,4.514393030625491,1.7688016126524904,0.002684087302474258,1382.8125,0.002118367471313145,0.0009465726799003702,0.003808421776769917,4.54884114752668e-05,Ball Fault,3,0.014,188,12
0.004663188973615269,0.10323562839154031,0.010635849637992557,0.10313025568664395,0.6211519361277446,1.1628730938123752,6.016836878949488,2.490886435998588,-0.15576566481570064,1382.8125,0.001973244455044131,0.0011411860663484454,0.0022051747421000766,2.0065894541430776e-05,Ball Fault,3,0.014,188,13
0.0037278386391279917,0.20066235744334637,0.04025148491380195,0.20062772718097055,1.9891805988023952,3.7020590419161676,9.913073005553654,23.712712008332833,0.24120691954436174,3246.09375,0.0028852132304051157,0.002337237380984728,0.014879435365086985,3.775341775900299e-05,Ball Fault,3,0.014,188,14
0.00494047081618014,0.1282702440270067,0.01642884725086232,0.12817506485608782,0.9063880239520958,1.8049791616766466,7.066237620638345,6.577267382277364,0.05764799175130964,1382.8125,0.002425586622532914,0.0016275013485245022,0.004139197944494121,4.654872918910497e-05,Ball Fault,3,0.014,188,15
0.00426891893946482,0.1162143548225775,0.01348755259791622,0.11613592294340377,0.5371729740518962,1.049168502994012,4.622260088884795,1.2464830690636726,-0.03526491492362515,1382.8125,0.0020691169874512147,0.0010406976292012318,0.003627550027959497,2.4638155970028603e-05,Ball Fault,3,0.014,188,16
0.004240286575286926,0.10017690089977961,0.010017431443643705,0.10008711926938303,0.48454399201596804,0.9604789221556886,4.8368834298509835,1.441549381182444,-0.18135921440017685,1382.8125,0.0020491203885917727,0.000984896558829444,0.001968104088709839,2.4574770736065223e-05,Ball Fault,3,0.014,188,17
0.004739330440681138,0.11473738861485179,0.013142207093129552,0.11463946568756134,0.7072425548902195,1.3113388023952095,6.164011255862528,3.6642152898417555,0.1110083279177325,1382.8125,0.0019801734419733832,0.0009277302027130568,0.003635874766507803,4.978674349478462e-05,Ball Fault,3,0.014,188,18
0.0038299951074413667,0.122870116965769,0.015082396780658728,0.12281040990347165,0.7775769660678643,1.532413013972056,6.328446535820369,3.9506739461040956,0.04631341013103698,1382.8125,0.002208951268886432,0.0016573422974051238,0.0036490080749521326,4.056686396740053e-05,Ball Fault,3,0.014,188,19
0.004732033550087325,0.10891712939096977,0.011840548933250098,0.10881428643909814,0.7519122155688622,1.292983632734531,6.903525825306985,2.329163268256109,0.06699769740007622,1382.8125,0.0022998205907257645,0.0009222337431793336,0.0026761027123232864,4.4509644462580175e-05,Ball Fault,3,0.014,188,20
0.004066985423683882,0.13062086401780593,0.017045269746321687,0.130557534238058,0.7637699800399201,1.4448604790419162,5.847228050304466,3.4314666074453397,-0.004441376563057747,1382.8125,0.0021974471158785758,0.0017902960201956852,0.004499047281266255,5.238485230349181e-05,Ball Fault,3,0.014,188,21
0.004619328316024201,0.09916761295590838,0.009812877265281626,0.09905996802584598,0.3783114171656687,0.741516367265469,3.8148686439984436,0.6491428369364263,-0.04423528483986723,1382.8125,0.00196060654860447,0.0007478958486601224,0.0021733973410702624,4.5878380764830185e-05,Ball Fault,3,0.014,188,22
0.004430322986838823,0.22113013598677522,0.04887890927976198,0.22108575096500901,1.40538874251497,2.6455809580838325,6.3554826493618215,8.053410940158953,0.2971299088471248,3251.953125,0.0028462456637096322,0.0038885837083326943,0.017689932122321,3.4334725520422156e-05,Ball Fault,3,0.014,188,23
0.004650340101047904,0.20545152840996464,0.04218870486293509,0.20539889206842157,1.8467249900199603,3.1473430738522956,8.988616460107055,14.946082357547226,0.36260660188143223,3257.8125,0.003065723434665823,0.0031730665310364756,0.014846547993306014,3.065631468022178e-05,Ball Fault,3,0.014,188,24
0.004784301494666917,0.19339740311619863,0.037379665991297564,0.19333821658248937,1.6224020758483033,2.846188343313373,8.388954813801291,12.19598164829779,0.4252226593294069,3257.8125,0.002723112367601503,0.003687632757276711,0.012270956911230237,3.1021134439426585e-05,Ball Fault,3,0.014,188,25
0.004510271527257985,0.15678083520701133,0.02455988773895845,0.1567159460264285,1.0693104590818363,2.098012135728543,6.820415630966202,7.689932748746793,0.12597567531808448,3111.328125,0.002643587515470369,0.0024392254537535484,0.007202361762602433,1.5111704126444195e-05,Ball Fault,3,0.014,188,26
0.0045924408604665675,0.09012431835106162,0.008101302245186619,0.09000723440472226,0.3783114171656687,0.7488259481037924,4.197661897336418,0.6802733406135562,-0.23904278855762648,1382.8125,0.0020034051238995224,0.0007609971025643323,0.0012939826157878887,1.335683145727517e-05,Ball Fault,3,0.014,188,27
0.004507733478355789,0.1455722622100369,0.02117096386383585,0.14550245311964968,1.0902645908183632,1.9711502994011976,7.489507783050662,9.46344547195952,0.009952320791922237,1382.8125,0.0025139895690892405,0.001296528811664873,0.006773254366268596,2.2028846460039092e-05,Ball Fault,3,0.014,188,28
0.004329832113117515,0.08159846869691421,0.006639562647553507,0.08148351150725837,0.28556095808383236,0.5680356487025948,3.4995872182909156,0.15437230847009964,-0.16974603969503108,1382.8125,0.0020911851525110604,0.0005876683441419924,0.0006500375343531419,9.637794536571507e-06,Ball Fault,3,0.014,188,29
0.004622738819236527,0.17893534434115652,0.03199648774029737,0.17887562086628062,1.3928812375249502,2.5310641916167667,7.784271143599754,10.072144245800825,0.3864467793855496,3140.625,0.002723403237248006,0.0026441899328450624,0.010615046531942854,3.6974469302844255e-05,Ball Fault,3,0.014,188,30
0.004283829976765219,0.16010029394025796,0.025613752920487166,0.1600429721058915,1.4721495808383234,2.886147385229541,9.19517100566762,12.288639468058214,0.3404247901904764,1382.8125,0.0027906436765781986,0.002325698882948271,0.007672200557871203,3.6686070158737775e-05,Ball Fault,3,0.014,188,31
0.004607272583738773,0.17657595291878003,0.031157840188514346,0.17651583551770744,1.5858541716566865,2.9436494211576845,8.981144631772905,17.439726055179225,0.30565534925316296,3234.375,0.002846424772597583,0.0026938401725938935,0.010024621305887792,3.5262169807791555e-05,Ball Fault,3,0.014,188,32
0.0040485052551147704,0.13709438456187678,0.018778479883599066,0.13703459374770688,0.9864685429141716,1.7385431936127744,7.1955430272852245,6.629232980270491,0.2832705897041732,1382.8125,0.002294190445348298,0.0015876070059195958,0.005471526215784446,5.230936661648165e-05,Ball Fault,3,0.014,188,33
0.004719739875717315,0.13373955027966927,0.01786399136451375,0.1336562432679961,0.8752004790419161,1.63068626746507,6.544066263208915,4.994825166501579,0.0956559029919037,1382.8125,0.0022536861259249545,0.001573100520754853,0.0050867189940746104,4.07686424431976e-05,Ball Fault,3,0.014,188,34
0.004297630617670908,0.12963764736042777,0.016787449984220684,0.12956639218647975,1.054203992015968,1.8260957285429142,8.131927827145732,9.96390819716452,0.6251004948426451,1382.8125,0.002195829392921544,0.0014115670819708148,0.0047688514302016375,3.5947099049980965e-05,Ball Fault,3,0.014,188,35
0.005175795537830589,0.18811936058485879,0.0353621049674067,0.18804814534423545,1.2898973652694612,2.290172894211577,6.856802836556534,8.021280269954616,0.2764877587124134,3269.53125,0.0027412532753073766,0.003035876699085383,0.011911254278052279,1.9457514352795104e-05,Ball Fault,3,0.014,188,36
0.0048563186322667165,0.16487386101581036,0.027159806215602655,0.16480232466686462,0.9011900998003992,1.714340359281437,5.465936772803427,4.0331420728815255,0.03768735086561113,3164.0625,0.002495209189669295,0.0026918815054409987,0.008390617046087947,2.578003798065574e-05,Ball Fault,3,0.014,188,37
0.004759872773983283,0.12033898839384882,0.014458815738830377,0.1202448158501246,1.0631379241516967,1.9162472255489025,8.834526019715481,6.555797708986802,0.16201056552069548,1382.8125,0.0023123583616163194,0.001598391921511272,0.0033057576450229577,3.555636610034319e-05,Ball Fault,3,0.014,188,38
0.005135979895677395,0.15842002636251618,0.025070526463211524,0.15833675019783475,1.170020239520958,2.0497689021956087,7.385557662031781,6.054974802457332,0.28884895231088265,1382.8125,0.0027874584491129925,0.003348843893050227,0.006385272849091484,4.006648346226744e-05,Ball Fault,3,0.014,188,39
0.004628052859125499,0.11975088532877362,0.014318855663758227,0.11966142094993786,0.7173135329341317,1.3743636327345308,5.990047847786361,3.195684754707634,0.19569134897149731,1382.8125,0.0022163010324270666,0.0016681553072504453,0.003257995523025152,3.839533319771904e-05,Ball Fault,3,0.014,188,40
0.0050111396153006485,0.16302771413096181,0.026552924054522566,0.16295067982221664,1.3170240319361277,2.1779302195608783,8.078528481839284,6.831057239023805,0.22816715344978786,1382.8125,0.0031197482849285203,0.002136092833186273,0.008009858754937774,3.587443892875515e-05,Ball Fault,3,0.014,188,41
0.00447703894944486,0.0924859103166888,0.008533599729351755,0.09237748496983318,0.4419859880239521,0.8693528143712574,4.77895483226051,1.2742827402245727,-0.25087783281353826,1382.8125,0.0020036053515090618,0.0007729209112226455,0.0014971562714895157,1.3161262186981642e-05,Ball Fault,3,0.014,188,42
0.004962916686158932,0.13925000826251063,0.019365934259075533,0.13916154015774448,0.9448851497005988,1.7885732135728543,6.785530295404542,4.9342468965337964,0.1323302737367749,1382.8125,0.002029469771924782,0.0022392816661867335,0.0054143169036801695,2.452989791003838e-05,Ball Fault,3,0.014,188,43
0.00439558344249002,0.10450358051930658,0.0109016771875553,0.10441109705177558,0.4834069461077844,0.8981038323353293,4.625745297009006,1.2389607167500865,0.04154407761548002,1382.8125,0.0019854746257418816,0.0008559888423806284,0.002611324684150902,1.7372742780885277e-05,Ball Fault,3,0.014,188,44
0.004850370080152195,0.11126602750936754,0.012356602787800899,0.11116025723162437,0.5811928942115768,1.0243159281437126,5.2234532608135575,1.2820127291926084,-0.12490846437577922,1382.8125,0.002011883521729942,0.001277553224531294,0.0028976788906517246,1.4711933575396682e-05,Ball Fault,3,0.014,188,45
0.0045830818051397215,0.11065306117017382,0.012223095307497624,0.11055810828472792,0.5488683033932136,1.036660998003992,4.960263164785895,2.0055013675777422,-0.007987166161608085,1382.8125,0.0020712147914416354,0.0011988892525467269,0.0028465008095735042,1.5947465641854656e-05,Ball Fault,3,0.014,188,46
0.00459799284244012,0.10701903088864602,0.011431931434165838,0.10692021059727594,0.5651118163672655,1.0196053093812376,5.280479664923035,1.5746887323991077,-0.046750002486889916,1382.8125,0.002062991089220586,0.0009357283228755963,0.0027235040891176584,1.4883761911602196e-05,Ball Fault,3,0.014,188,47
0.00479120181511976,0.11141966343896076,0.012391385786018082,0.11131660157415012,0.5051732534930139,0.9898796806387224,4.533968582392675,1.4569790786135757,-0.21636145048428898,1382.8125,0.0020513999044103177,0.0012370875772455918,0.0029112945753298775,1.8867262560007286e-05,Ball Fault,3,0.014,188,48
0.004325628469623254,0.1187750533697346,0.014088802241326085,0.1186962604353064,0.5310004391217565,1.047869021956088,4.4706394487469225,1.7829675530978424,-0.1485409021062886,1382.8125,0.0020698460257849087,0.0013372679331131862,0.0036379884842839107,1.8009744170824426e-05,Ball Fault,3,0.014,188,49
0.004809681983688871,0.15817087603351826,0.02499489298442638,0.15809773238230326,0.6602988023952095,1.3093895808383234,4.174591549049046,1.4972081408483904,-0.07045943276014346,3275.390625,0.0025168684243604324,0.0028273571083906658,0.0071474579505409605,2.8896152750412395e-05,Ball Fault,3,0.014,188,50
0.004332211533963324,0.14600880431761504,0.021299802881484593,0.14594451987479554,0.7171510978043912,1.313937764471058,4.911697627797583,1.8097454840412723,-0.11953687465922294,1382.8125,0.002822887710215653,0.002703442607938042,0.005107890093219844,3.444924255924927e-05,Ball Fault,3,0.014,188,51
0.004424771004865271,0.11930956568118516,0.01421519386458754,0.11922748787334043,0.4762598003992016,0.9184082235528943,3.991798961634362,0.4545518405133846,-0.025806398282127573,1382.8125,0.00237732322609487,0.0018165596349196036,0.002908490080863016,2.4803260219469642e-05,Ball Fault,3,0.014,188,52
0.004596009991735279,0.0870557871821565,0.007557586774060791,0.08693438200194899,0.4366256287425149,0.8505103393213572,5.015469308535625,1.3404740723029782,-0.19059858483513362,1382.8125,0.0020009350200911684,0.0005740240792994438,0.0012129935705447808,1.1964770920434116e-05,Ball Fault,3,0.014,188,53
0.0040719822074600795,0.10521264397352309,0.011053119412801456,0.10513381669473175,0.993778123752495,1.9398003193612774,9.445424867400734,15.132093103760155,-0.09694940510432976,1382.8125,0.002061856587024565,0.0012400215191855576,0.002220055463394714,2.1222206286693386e-05,Ball Fault,3,0.014,188,54
0.0047800185371444604,0.14601370650869475,0.0212971539111918,0.14593544432793493,0.9463470658682634,1.8915570858283433,6.481220759997013,7.6389275179087175,-0.183090405634062,3146.484375,0.0021203869029994484,0.002171443294777027,0.006345611411322734,3.4006195740348815e-05,Ball Fault,3,0.014,188,55
0.004148123674525947,0.088926334755726,0.007890686083068279,0.08882953384470887,0.4395494610778443,0.8168862674650699,4.942849182812424,0.7685641861973251,-0.07435496789858283,1382.8125,0.0023668256633630497,0.000613475196867639,0.0009683311980525523,1.3921160084248023e-05,Ball Fault,3,0.014,188,56
0.004426040029316368,0.08131539389718444,0.00659260345431315,0.0811948486932093,0.26022107784431137,0.49818854291417164,3.2001453276280762,0.019871089979071943,-0.17803041501400957,1382.8125,0.0021047838522228186,0.0005244235903868959,0.0006752078681124199,1.1480136148538087e-05,Ball Fault,3,0.014,188,57
0.004439761356193863,0.08205009225127857,0.0067125061575433725,0.0819298856190058,0.3058653493013972,0.5969491017964073,3.727788000099792,0.173926403032572,-0.17786982584056663,1382.8125,0.0021151520198769602,0.0004501638116171519,0.0007983672070793291,1.2284890483821893e-05,Ball Fault,3,0.014,188,58
0.019298426623315868,0.10146802468512964,0.009923330763366572,0.0996159162150636,0.3585280239520958,0.6484846706586826,3.533408924285868,-0.04669276257221977,0.04074764908812561,3416.015625,0.0012386497931856566,0.00037181008135623965,0.0035646755446195715,0.00015895930013059767,Outer Race Fault,0,0.014,197,0
0.01904763782980913,0.10381817862426976,0.010415401705965208,0.10205587541129225,0.36770335329341314,0.7344729341317365,3.5418012352554844,0.008112313410907568,0.00740525911846908,3416.015625,0.0011703405307557089,0.00038353690417266287,0.0037725488749744025,0.00024409305224467185,Outer Race Fault,0,0.014,197,1
0.01909083352825599,0.10888982968331692,0.011492535083658184,0.10720324194565285,0.3996546107784431,0.798294251497006,3.6702657350163386,-0.007936453686803624,0.04279304477912006,3416.015625,0.0013256077296163304,0.0003655680285311444,0.004204327805077327,0.00021523344350572396,Outer Race Fault,0,0.014,197,2
0.01838094919535928,0.10734041029243008,0.01118410438842485,0.10575492607167218,0.37829964071856287,0.73418874251497,3.5242984416395653,0.13927469811750726,-0.005158566841125682,3416.015625,0.0011033043046996128,0.00041272855949340826,0.004127175552227196,0.00028670415253001307,Outer Race Fault,0,0.014,197,3
0.018575934459206585,0.10507831821792356,0.010696387618474468,0.10342334174872937,0.39526994011976047,0.719654371257485,3.76166983658802,0.10658274759376862,-0.015299519553236603,3416.015625,0.0011071623421863483,0.00036318953658836563,0.003986671194458027,0.00023623664088693593,Outer Race Fault,0,0.014,197,4
0.01799533986714072,0.10064926738047524,0.009806442767292494,0.09902748490844597,0.3860540119760479,0.7666677844311377,3.8356365825961074,0.2085981661159213,0.0054714328318495615,3416.015625,0.0011884501904540843,0.0003571129783293598,0.0034796058159618217,0.00020188796525002405,Outer Race Fault,0,0.014,197,5
0.01720114561891841,0.09835551994448823,0.009377928892947383,0.09683970721221426,0.35657928143712575,0.668702874251497,3.6254119915016343,0.1530951457751497,-0.02715652024425864,3416.015625,0.0010559815470431806,0.0004106298364293328,0.0033159646714674244,0.00020226984320349727,Outer Race Fault,0,0.014,197,6
0.011828564160741017,0.1008885260910734,0.010038579766724433,0.10019271314184697,0.3242626347305389,0.6297280239520958,3.214068510008985,-0.16708855060571226,-0.02190759080144163,3416.015625,0.0008400289118814991,0.00032801068992559777,0.0037395496844026778,0.0002516178093627069,Outer Race Fault,0,0.014,197,7
0.0073681077493450604,0.09401009606136924,0.008783609149661916,0.09372091095194239,0.3416795209580838,0.5897788023952095,3.6344981578897375,-0.3021223832173172,0.01666802530746631,3416.015625,0.0007694228540865614,0.0003416627831438643,0.003098937667589922,0.00023607263273558586,Outer Race Fault,0,0.014,197,8
0.00456280583364521,0.09260754134220983,0.008555337516373556,0.09249506752456348,0.2683174850299401,0.5237651497005987,2.897361069531418,-0.2885791749780102,0.04046040033634889,3416.015625,0.0006344006583032704,0.0003434344615039433,0.0031079533541948806,0.00021270299368072424,Outer Race Fault,0,0.014,197,9
0.003393825961358533,0.10081317808900939,0.01015177882175033,0.1007560361554102,0.32397844311377244,0.6430444311377246,3.2136517194976957,0.08898883024753612,0.036571851390942996,3416.015625,0.0007306146733111863,0.0003947445586340374,0.003748775356513425,0.00021327548475605894,Outer Race Fault,0,0.014,197,10
0.004854708844030688,0.1006000953069197,0.010096810977801017,0.10048288898016924,0.36112634730538923,0.69156,3.5897217214718626,-0.02510910950348233,0.031170799128722757,3416.015625,0.0008691970947184298,0.00035464605466173246,0.0036420412794161126,0.00020609020647570928,Outer Race Fault,0,0.014,197,11
0.00655634976141467,0.10060774403505564,0.010078932437629272,0.10039388645544743,0.3411111377245509,0.6770662275449102,3.390505780605661,-0.002936263642698833,0.012604018007522397,3416.015625,0.0008245080621792435,0.00037343771271910526,0.0036663431230822747,0.0002181662850531928,Outer Race Fault,0,0.014,197,12
0.008490402963604043,0.10131163140176135,0.01019195971480198,0.10095523619308698,0.39112886227544913,0.7735695808383234,3.8606511104770265,-0.0796963892191771,-0.011727439557476682,3416.015625,0.0010165745835140141,0.00034502020581685035,0.0035818869724137357,0.00022459046003881178,Outer Race Fault,0,0.014,197,13
0.009495738737369011,0.10336322010168014,0.010593786215620002,0.10292612018151662,0.381222754491018,0.698137005988024,3.6881857406919285,-0.0947798215349902,0.042887074577640495,3416.015625,0.0009154798954618891,0.000394388503238014,0.003825068111705915,0.0002521263438259424,Outer Race Fault,0,0.014,197,14
0.010082954423184881,0.0974362877627218,0.009392164203079909,0.09691317868628553,0.3432222754491018,0.6371982035928143,3.5225302947185493,0.13672720769546975,0.0913611732766699,3416.015625,0.0009607991695226587,0.0003147903733845427,0.0032851723477982674,0.0002369886194538997,Outer Race Fault,0,0.014,197,15
0.01149538834440494,0.10216092038417325,0.010304709700552705,0.1015121160283476,0.36628239520958084,0.6941177245508982,3.585347448243284,0.06665989502512337,-0.016852059969437203,3416.015625,0.0012279253916766967,0.0003632478786862048,0.003474467977194402,0.00021885775515642582,Outer Race Fault,0,0.014,197,16
0.012633502818581586,0.09727643075230712,0.009303098586441292,0.09645257169428555,0.4068,0.7210753293413175,4.181896856760977,0.05753415090123193,-0.03998080358486966,3416.015625,0.001111153108267689,0.00035277767461254955,0.003149792325304104,0.00019743159750795137,Outer Race Fault,0,0.014,197,17
0.014219948598895958,0.09877601066353454,0.009554493344447447,0.09774708867504672,0.34825652694610776,0.6527881437125749,3.5257197026552394,0.09739871819700818,-0.07153932764414937,3416.015625,0.001172043412733951,0.000348372291181561,0.003227380111140304,0.00023165870612647054,Outer Race Fault,0,0.014,197,18
0.014765950949663174,0.1011100790591273,0.010005214779895116,0.10002607050112043,0.4181270658682634,0.7709712574850298,4.135364839579943,-0.010604666753663672,-0.10451155918795156,3416.015625,0.0014166919568318146,0.0003388569239453375,0.0032477348407410974,0.0002173574577362625,Outer Race Fault,0,0.014,197,19
0.015011327891092816,0.09678242251058887,0.00914149734196424,0.09561117791327664,0.32974347305389223,0.652016766467066,3.407059510396274,0.1396665859552484,-0.05694084074740782,3416.015625,0.001146173745125455,0.0003475191682536705,0.0031212169123741146,0.0001811789868675407,Outer Race Fault,0,0.014,197,20
0.015063622637537424,0.09709364094537067,0.009200262385062427,0.09591799823319097,0.4197104191616767,0.7193295808383233,4.322738493222486,0.0425207481369565,0.010900656160867345,3416.015625,0.0011121270687414705,0.00033794024866605547,0.003172495891885771,0.00020448151513302202,Outer Race Fault,0,0.014,197,21
0.014605181278068861,0.10207758579187666,0.010206522200932683,0.10102733392964838,0.3562138922155689,0.7110068263473054,3.4896386846554552,-0.01146104281873006,0.020454616186244372,3416.015625,0.001118433372939172,0.0003806631912284327,0.003516999721925872,0.0003004764155980291,Outer Race Fault,0,0.014,197,22
0.015111714773577842,0.09707115606831447,0.009194445417041095,0.09588767082915871,0.36798754491017965,0.6910728143712574,3.7909051443788924,0.15938388865009978,-0.002233564932197909,3416.015625,0.0009803074585428254,0.0003559208770371885,0.003247166709226185,0.00024219223082741677,Outer Race Fault,0,0.014,197,23
0.015135681547062126,0.10176101493479486,0.010126215304665467,0.10062909770372319,0.32479041916167667,0.6407708982035929,3.191697914665963,-0.007972819256456987,-0.036037625528011916,3416.015625,0.0010870413830629147,0.00039475296303386853,0.0036214449421638913,0.00018895930688356507,Outer Race Fault,0,0.014,197,24
0.015845744292664672,0.10071916424059309,0.00989326243313505,0.09946488040074773,0.37192562874251495,0.6809231137724551,3.692699711586932,0.047683266552533965,-0.04124204177672316,3416.015625,0.0010094588850210928,0.00036817279367206627,0.00362509661570385,0.00019499607038824906,Outer Race Fault,0,0.014,197,25
0.016352178670003742,0.10063548105673624,0.00986010630026499,0.09929806795836961,0.3857698203592814,0.6690276646706587,3.8333380663405605,-0.17388808640606968,0.012520357609304728,3416.015625,0.0009759169878727873,0.0003633014761993302,0.0036675605487783897,0.00019066861871383197,Outer Race Fault,0,0.014,197,26
0.016729025952002242,0.1029714756416645,0.010323264486519143,0.10160346690206562,0.34821592814371255,0.6544526946107785,3.381673671993264,-0.17786297438644993,0.023251282623778773,3416.015625,0.0010650325164181242,0.0003328724375274504,0.0038070900683209556,0.00023650054191514958,Outer Race Fault,0,0.014,197,27
0.01756157893197979,0.1023563664178675,0.010168416691684596,0.10083856748131935,0.32925628742514973,0.6146252694610779,3.2167641246756316,-0.284059493902479,0.0288602684667504,3416.015625,0.0009471761427881406,0.0003248077942689403,0.0039029737666867728,0.00021765969692329965,Outer Race Fault,0,0.014,197,28
0.017383423933383234,0.09677174343565105,0.009062586899927751,0.09519762024298586,0.3213395209580838,0.6209992814371257,3.3205924534341005,-0.2727682885002727,0.027097468222279895,3416.015625,0.0009706365807118252,0.0003221846514142303,0.003319259122735132,0.0002213968248707147,Outer Race Fault,0,0.014,197,29
0.017957714609842815,0.10075965824011676,0.009830029214656567,0.09914650379441813,0.3323011976047904,0.6623288622754491,3.2979587605675995,0.028017324510829944,-0.04433550744121493,3416.015625,0.0010298752092835534,0.000374263942600991,0.003568523211081046,0.0002648320470014649,Outer Race Fault,0,0.014,197,30
0.017689917138379488,0.10212704071652257,0.010116999277151522,0.10058329521919394,0.39636610778443115,0.7164876646706586,3.8811083235500554,0.0025267842554455022,-0.05777557148575217,3416.015625,0.0008809804082685335,0.000358790320604299,0.003886282603707442,0.0002453813735900889,Outer Race Fault,0,0.014,197,31
0.01792056511976048,0.09953955813212108,0.009586976978926336,0.09791310933131649,0.3881651497005988,0.6742243113772455,3.8996069199481327,0.05120539742605468,-0.004445828091746678,3416.015625,0.0011533513274513314,0.0003270184602158189,0.003406466619216601,0.00022779961157625022,Outer Race Fault,0,0.014,197,32
0.01757850831540045,0.1007918369249333,0.009849990436107748,0.09924711802419126,0.35540191616766464,0.7069875449101797,3.526098214008712,0.10121342446074744,0.02990050484738012,3416.015625,0.0012755390482565392,0.000327725234477111,0.0034503661032881253,0.00018037095892691211,Outer Race Fault,0,0.014,197,33
0.017527997696014222,0.10108477631614664,0.00991090129965392,0.09955350973046566,0.3831308982035928,0.712874371257485,3.7901938567419466,-0.04722203748687637,0.059803150456579614,3416.015625,0.0010831117874175102,0.00032442972319342647,0.00363323189541517,0.00022190947103927083,Outer Race Fault,0,0.014,197,34
0.017292175746163922,0.09844028114145281,0.00939146960917205,0.09690959503151404,0.3391623952095808,0.6265207185628742,3.4453619115758585,-0.01692169028024626,0.04527963506650811,3416.015625,0.0011065891506289345,0.00035765255717794134,0.003325122173371521,0.00020539410585369876,Outer Race Fault,0,0.014,197,35
0.0168491373502994,0.10203433155427062,0.010127111386277572,0.10063355000335411,0.3906010778443114,0.7044704191616766,3.828133843720593,0.06536101800769645,-0.042187072309540066,3416.015625,0.0011118682897922152,0.0003183347583266082,0.003669287191279571,0.00024795890484736414,Outer Race Fault,0,0.014,197,36
0.01672954136648578,0.1041958242892645,0.01057689224498632,0.10284401900444343,0.389748502994012,0.7600907784431138,3.74053860269877,0.13818145496451484,-0.031540877368118586,3416.015625,0.001191438941921556,0.0003259189755131168,0.0038081779008009137,0.00024279389566179572,Outer Race Fault,0,0.014,197,37
0.01677951674775449,0.10837387192485762,0.011463343933697268,0.10706700674669703,0.46030922155688625,0.8932954491017964,4.247418804747028,0.38357611194087715,0.004894233538239936,3416.015625,0.0013363729412189176,0.0003492735535979888,0.004092741718146115,0.00023483600272906577,Outer Race Fault,0,0.014,197,38
0.016214206177488776,0.10182030798364489,0.010104474635918181,0.1005210158917934,0.378908622754491,0.6794615568862276,3.721346264395056,0.014556627760650809,0.04501248285590025,3416.015625,0.0011092703644382171,0.00035905529875894954,0.003640229397559172,0.00020658277171694704,Outer Race Fault,0,0.014,197,39
0.016345418810815866,0.09774312496490031,0.009286545761803145,0.09636672538694643,0.38865233532934135,0.7532701796407186,3.9762626319642114,0.09022224987651839,-0.027922391217732916,3416.015625,0.0012190890141675686,0.00032137490776614175,0.0031563361634261255,0.00021364580794381983,Outer Race Fault,0,0.014,197,40
0.01593941096322979,0.10317327912239259,0.0103906607030124,0.10193459031659664,0.3445214371257485,0.6820192814371258,3.339250628227576,-0.15079092726635057,-0.02294465639021211,3416.015625,0.001178421433313166,0.0003993457629446408,0.003616124180907773,0.00025551107639263857,Outer Race Fault,0,0.014,197,41
0.01587922641046033,0.10042987430964732,0.009834009822456899,0.09916657613559571,0.35515832335329345,0.6924937724550899,3.5363812390948777,-0.17032188282569427,-0.049867587465209855,3416.015625,0.0010181478482982522,0.00035000321629737193,0.0035787473937521604,0.00022226691928911382,Outer Race Fault,0,0.014,197,42
0.015848261894180392,0.10030346585235095,0.009809617856927202,0.09904351496653985,0.3871501796407186,0.7439730538922156,3.8597886558637238,-0.010287465053536504,-0.08657962675790465,3416.015625,0.0011817456192595212,0.00030978178142859926,0.00343453173601109,0.0002299172863558711,Outer Race Fault,0,0.014,197,43
0.01534690236714072,0.1011192292367638,0.009989571109170637,0.09994784194353891,0.3642524550898204,0.6974468263473055,3.6022075903777715,-0.004577315688534256,-0.0239595448630684,3416.015625,0.001053513581958053,0.0003912457990299776,0.0035739062807491873,0.00021164959526280482,Outer Race Fault,0,0.014,197,44
0.015465249462013473,0.09855812785117526,0.009474530624606299,0.09733720062035017,0.3262925748502994,0.6180761676646707,3.3106612510234332,-0.18237436678611862,0.0659133367367789,3416.015625,0.0008999535261814399,0.000335141922843861,0.0035602918811829002,0.00018105608432441848,Outer Race Fault,0,0.014,197,45
0.014850578043132483,0.09827814290852607,0.009438053705333509,0.09714964593519376,0.34801293413173656,0.6143410778443115,3.541102058223211,-0.1119934622276828,0.08846317038721727,3416.015625,0.001089408195225306,0.0003837399696750737,0.003203187023142707,0.00026323142449843396,Outer Race Fault,0,0.014,197,46
0.014685784173839821,0.09697870847818335,0.009189197641295867,0.09586030273943363,0.34988047904191616,0.6363456287425149,3.607807162338385,-0.03421614464388334,0.06841584727853617,3416.015625,0.0009477718560326825,0.0003731315923971682,0.0032544404165385826,0.00023492803018553056,Outer Race Fault,0,0.014,197,47
0.01458646776758982,0.09640492246937205,0.009081144034390701,0.09529503677731964,0.3252776047904192,0.5914433532934131,3.3740767220030725,-0.3598466633000865,0.0013207762562966539,3416.015625,0.0008625978501289847,0.0003407694737955103,0.003355434848017584,0.00019453648540462517,Outer Race Fault,0,0.014,197,48
0.014343112836826346,0.11150833815119048,0.01222838459139031,0.11058202652958712,0.5505603592814372,1.095639880239521,4.9373918436032165,1.5081405694956382,-0.07260557629388033,3416.015625,0.0009341284625361116,0.0004237787749884934,0.004734019613222912,0.00022799033093039622,Outer Race Fault,0,0.014,197,49
0.014167475439745508,0.09873773859089537,0.009548423661708196,0.09771603584728658,0.31634586826347305,0.5957062275449101,3.203900279448403,-0.2842684111215452,0.029771252312481164,3416.015625,0.0008078354443664688,0.0003412198921985744,0.003611460005462637,0.00021441430671964088,Outer Race Fault,0,0.014,197,50
0.013991857866298654,0.09585415809998139,0.008992247538505527,0.09482746194275964,0.3124077844311377,0.6190505389221557,3.259199085607517,0.03806747925420462,0.020101776802839273,3416.015625,0.0008573689191379832,0.00029814374082152344,0.0033086261317786616,0.00022775706599107852,Outer Race Fault,0,0.014,197,51
0.013769079867608532,0.10148028862928259,0.010108661419881917,0.10054183915108136,0.3295404790419162,0.6300122155688623,3.24733486170659,-0.01977613298744485,0.017270644571082634,3398.4375,0.0009062828461781153,0.0003546206127932279,0.0037464099945823293,0.00023660889711142242,Outer Race Fault,0,0.014,197,52
0.013387732620696109,0.09579620059868638,0.00899768066442051,0.09485610504559266,0.3222326946107784,0.6058965269461077,3.3637314694837395,-0.09184558250716579,0.003880451690948771,3398.4375,0.0008069773571155888,0.0002888532656362155,0.003374116004864788,0.00020812615603187621,Outer Race Fault,0,0.014,197,53
0.012738488784150449,0.10159777156067704,0.010159838089591585,0.10079602219131262,0.356254491017964,0.6713823952095808,3.5065187508094,-0.04280281032705968,-0.009443124003019521,3416.015625,0.001086557738900237,0.00034364990088429513,0.0036099953278998253,0.000201991128196149,Outer Race Fault,0,0.014,197,54
0.012806979439558382,0.10443910543020908,0.010743508020697056,0.10365089493437601,0.33632047904191614,0.6531129341317365,3.2202543066271345,-0.206393722946713,0.013521633557885666,3416.015625,0.001164727163730118,0.00040455489397428805,0.003742004962965571,0.00022448894449845016,Outer Race Fault,0,0.014,197,55
0.011891603316803893,0.09987305844520457,0.009833217573755028,0.09916258152022378,0.306845748502994,0.6014306586826348,3.0723575835153296,-0.19898767963872377,0.00037860979571673547,3416.015625,0.0009431442294425271,0.0003294520890140592,0.003549164847073079,0.00023625794434011714,Outer Race Fault,0,0.014,197,56
0.011735373257391466,0.09478556801964452,0.00884658491931636,0.0940562859107054,0.32056814371257486,0.6092662275449101,3.3820353711035036,-0.1170526464612287,0.004537592033499771,3416.015625,0.001025094829221078,0.00034022898994105175,0.0029565154448120395,0.00023917233023833904,Outer Race Fault,0,0.014,197,57
0.011409472714726797,0.10725742142037493,0.011373978382119811,0.10664885551247051,0.5504385628742515,1.050859401197605,5.131939175722983,1.1042735386046205,-0.05409921719346509,3416.015625,0.0010582488503695343,0.00035960763053226926,0.004171234066248072,0.00022807629744985925,Outer Race Fault,0,0.014,197,58
0.0029171072113585326,0.09285827810672254,0.008614150298462867,0.09281244689406086,0.3301088622754491,0.648768862275449,3.554975054523983,-0.01148612367315538,0.06894276743736183,3369.140625,0.000590474556066177,0.0003130090323304745,0.003117930658121405,0.00029417066942571794,Outer Race Fault,1,0.014,198,0
0.0029478536676646704,0.0933831129393001,0.008711715940988112,0.09333657343714795,0.3083073053892216,0.5933108982035928,3.301531676178157,-0.10214774018915707,0.08167683708797278,3369.140625,0.0005494002726668224,0.0003099320914198914,0.0032088437271654223,0.000296372729407013,Outer Race Fault,1,0.014,198,1
0.0032881065213323348,0.09164399033996264,0.008387809320935538,0.09158498414552212,0.28796730538922155,0.5658661077844311,3.1422388344394188,-0.28103821757514247,0.014914247225471815,3369.140625,0.0005889862118681156,0.00038967236013360504,0.0030157794566479323,0.00021027836035490447,Outer Race Fault,1,0.014,198,2
0.00306439681184506,0.0890267574386342,0.007916373012216964,0.08897400188941129,0.3480941317365269,0.6289566467065868,3.909994497738131,0.2461064261856465,0.008844501580903417,3369.140625,0.0005419967981557027,0.00035861859591781423,0.002877889736007732,0.00018907216506090308,Outer Race Fault,1,0.014,198,3
0.002885666927863024,0.08806719187568342,0.007747503211249876,0.08801990235878404,0.2981982035928144,0.5957874251497006,3.3860305664537838,-0.06340710446827913,0.07276163286066975,3369.140625,0.0005277473392129666,0.00036425929976854335,0.00274721254655895,0.00024286274371448268,Outer Race Fault,1,0.014,198,4
0.0031551692318488025,0.09323128942007246,0.008682118234047707,0.09317788489790754,0.36465844311377243,0.6866881437125748,3.911331114071907,-0.13457477426240771,0.0576971513656929,3369.140625,0.0005097153032960292,0.0002928546572162815,0.0032830931606806263,0.0002653519718092335,Outer Race Fault,1,0.014,198,5
0.0032202898694797906,0.09503205108414672,0.009020720466416398,0.09497747346827246,0.3958383233532934,0.6998015568862275,4.165313900283977,0.0667734718298938,0.09434366944262881,3369.140625,0.0005725798320834759,0.00039935606801073226,0.003325473160815969,0.00022332160292799484,Outer Race Fault,1,0.014,198,6
0.0030765486994760475,0.09314472606785439,0.008666474842355384,0.09309390335760653,0.3393247904191617,0.6689464670658682,3.642984468835833,0.13142223214614734,0.040436291307337086,3369.140625,0.0005497020485097359,0.000295069570106699,0.003263653556951845,0.00023427997806349169,Outer Race Fault,1,0.014,198,7
0.0030672117678705087,0.09538676517209949,0.009089227181968286,0.09533743851167958,0.3226386826347305,0.6414204790419161,3.382426084505714,0.19732627947302328,0.06626749712824667,3369.140625,0.0005762973886539451,0.000309628757613676,0.003443041648814453,0.0002250552443841145,Outer Race Fault,1,0.014,198,8
0.0030929428447791915,0.09622389325681255,0.009249471338057386,0.09617417188651736,0.3594211976047904,0.6630596407185629,3.7352593564836223,-0.07404250105978472,0.013128483638213825,3369.140625,0.0005972550670233304,0.0003173911022986253,0.0035300048509153623,0.00018965096156447586,Outer Race Fault,1,0.014,198,9
0.0027890267122005993,0.09287614033292925,0.008618198773140599,0.09283425430917512,0.3650644311377245,0.6599335329341317,3.9306589381200943,-0.0745981240465543,-0.03225185096937437,3369.140625,0.0005713412957264044,0.00032057733072255915,0.0031797039801378358,0.0002452560725381834,Outer Race Fault,1,0.014,198,10
0.0031961843305576346,0.09389542648394142,0.008806135520326348,0.0938410119314916,0.3164676646706587,0.6212022754491018,3.370426830371583,0.003377748625280841,-0.05903185110479001,3369.140625,0.000633724629015044,0.00033747024979037136,0.003150483389829602,0.00029160518125880973,Outer Race Fault,1,0.014,198,11
0.002999315821482036,0.09178801747207008,0.008416044256056045,0.0917390007360885,0.2986447904191617,0.5918493413173653,3.2536359172376232,-0.11561525836735154,-0.050971829035469464,3369.140625,0.0005485066755532645,0.0003142068238505217,0.0031211622424892112,0.000233143246418135,Outer Race Fault,1,0.014,198,12
0.0030458022431699102,0.09861964775790381,0.009716558012588524,0.09857260274837286,0.4009131736526946,0.7326865868263472,4.065246457144881,0.20181033732438136,-0.06174418602071303,3369.140625,0.0006014614352727638,0.00034623393564023114,0.003707803103887529,0.0002120576242592452,Outer Race Fault,1,0.014,198,13
0.002974437160834581,0.09574502601591862,0.009158262730365178,0.09569881258597297,0.32211089820359284,0.6102405988023952,3.3642572529045895,-0.2293646248861223,0.0013361264325707422,3369.140625,0.0006501456506629658,0.00037002344946539804,0.0033280600984567613,0.000239752900826039,Outer Race Fault,1,0.014,198,14
0.0031938054944797905,0.09431586026371165,0.008885281103747412,0.09426176904634992,0.29223017964071857,0.5613190419161677,3.098420338038894,-0.2874741281131672,0.0638463993480252,3369.140625,0.000573668812968306,0.0003769764951851986,0.003280162955252259,0.00022203793188732733,Outer Race Fault,1,0.014,198,15
0.0034310547459767966,0.09266115277801622,0.008574317097480973,0.09259760848683389,0.3032730538922156,0.5642827544910181,3.272925544308217,-0.21526754996821396,0.07181403784931152,3369.140625,0.0005726419809789076,0.0003325137924427425,0.0031144553255467687,0.00027932064493211916,Outer Race Fault,1,0.014,198,16
0.0031472001309880236,0.09325869293237217,0.00868727893878999,0.0932055735393007,0.32588658682634736,0.6154778443113773,3.494436567566613,-0.10999012346116599,0.04528053245479553,3369.140625,0.0005746928736815173,0.00037132241539931867,0.003129240639385204,0.0002782884263468187,Outer Race Fault,1,0.014,198,17
0.0031964420377994015,0.09594429583361512,0.009195090661307245,0.09589103535423552,0.3376196407185629,0.6545338922155688,3.5189131129176956,-0.2535071147368311,-0.03581142292761036,3369.140625,0.000549282722736186,0.0003437593584529749,0.00347024051392191,0.00024448029515837814,Outer Race Fault,1,0.014,198,18
0.0031180792126684126,0.09540486882938047,0.009092366578374818,0.09535390174699103,0.3027046706586826,0.593351497005988,3.1728430044805322,-0.3291464561345525,-0.03038159687228015,3369.140625,0.0005823912031765229,0.0003682147020083852,0.003397245266233896,0.00020805610828775466,Outer Race Fault,1,0.014,198,19
0.0034147200715755987,0.09538296814229395,0.009086250298466644,0.09532182488006954,0.2996597604790419,0.591402754491018,3.141648517710251,-0.15604901074826039,-0.0017954213879071723,3369.140625,0.0005814091247503344,0.00037027880596721824,0.0033155582789494227,0.0002875459793512003,Outer Race Fault,1,0.014,198,20
0.003162523800056137,0.09469181039660735,0.008956537399401112,0.09463898456450762,0.34151712574850296,0.6379695808383232,3.6066173443943255,-0.08444387418265409,0.12571848906191016,3369.140625,0.0005992330557785757,0.00034294484935622704,0.003311512158669836,0.00023458040643136585,Outer Race Fault,1,0.014,198,21
0.003241540805108533,0.09139705134577854,0.008342913407911694,0.09133955007504523,0.35247880239520957,0.6670789221556885,3.856566455975605,0.009237258430284001,-0.028887549673948194,3369.140625,0.0006371531616376839,0.00031654994554042954,0.0029702874433936493,0.00025797603435005626,Outer Race Fault,1,0.014,198,22
0.0029850428050149703,0.09023728868991186,0.008133857789558722,0.09018790267856727,0.3573506586826347,0.6376447904191617,3.96012185063119,0.07249325622099834,0.019878911750498978,3369.140625,0.0005695184059254403,0.0003804383183646257,0.0028944229717781387,0.00023146552402067373,Outer Race Fault,1,0.014,198,23
0.003112905244199102,0.08933490459801241,0.007971035000476617,0.08928065300207327,0.37870562874251495,0.6991519760479041,4.239167550988135,0.16916469356967712,0.008679676343832139,3369.140625,0.0005874778909204608,0.00030671567764940235,0.002851217635111049,0.00024979776332203585,Outer Race Fault,1,0.014,198,24
0.003366310757391467,0.0902202780502528,0.008128366523349598,0.09015745406426247,0.31585868263473055,0.6153154491017965,3.5009721701234047,0.051025217549992785,-0.03827529267243922,3369.140625,0.0005664922609109617,0.00037040888035199456,0.0029032870876333867,0.00023532708205876334,Outer Race Fault,1,0.014,198,25
0.0027014260736339824,0.09000987049105305,0.00809447908298483,0.08996932301059529,0.28114670658682633,0.5606694610778442,3.1235097334660895,-0.20766373279693795,-0.09747907949402317,3369.140625,0.0005540284834900733,0.0003177300096642094,0.002962485188343942,0.00022029451989000925,Outer Race Fault,1,0.014,198,26
0.0028179493941803894,0.09154002740898286,0.008371635779249171,0.09149664354089264,0.3985990419161677,0.6971220359281437,4.354368828570538,0.130139756126594,-0.08529503327356742,3369.140625,0.0006119626033387468,0.00028913541199392535,0.0030521364238893884,0.00024052597027031714,Outer Race Fault,1,0.014,198,27
0.0030619188575973055,0.09869166585981412,0.009730669563094691,0.09864415625415776,0.338797005988024,0.6686216766467066,3.432883648648365,0.04927033659571123,-0.05459293641997311,3369.140625,0.0005235148086734558,0.00040542101250578866,0.003701219416965009,0.00024455724549230493,Outer Race Fault,1,0.014,198,28
0.0030757557541167668,0.09716627974799197,0.009431825646606051,0.097117586700896,0.3600707784431138,0.7105196407185629,3.7057174503025574,0.04946606675855225,0.011254970186950184,3369.140625,0.0005292541749778161,0.0003431905286097443,0.003602642890778825,0.0002502867226001194,Outer Race Fault,1,0.014,198,29
0.003107453744854042,0.09776169336968726,0.009547692421732347,0.09771229411764083,0.31675185628742514,0.6090632335329341,3.2400406065965264,-0.24714650878654787,0.030316014983811996,3369.140625,0.0005681029536991599,0.00034762965407927334,0.003637336984371671,0.00023045254810675087,Outer Race Fault,1,0.014,198,30
0.002986886402975299,0.09829159322176928,0.009652315807689483,0.09824619996564489,0.35990838323353297,0.7130367664670658,3.661639530264748,0.05365614530928342,-0.11493995891388906,3533.203125,0.0005548600041945338,0.00034350478058232204,0.0037006477727811295,0.00023608378346058305,Outer Race Fault,1,0.014,198,31
0.0028174736269648204,0.0951383282774836,0.009043363349795594,0.09509660009587932,0.3970562874251497,0.7272869461077844,4.17346294194998,0.06640646041466125,-0.021652168543931066,3369.140625,0.0005607480073544174,0.0003675087957121302,0.0033287494756886154,0.00027261360630041883,Outer Race Fault,1,0.014,198,32
0.0029161556769273954,0.09623481460441846,0.009252635578014716,0.09619062105015601,0.3286879041916168,0.6097534131736527,3.415478125486259,-0.1622675314393125,0.06166717371397741,3369.140625,0.0005326780397790035,0.0003442865467959947,0.0035200716345474663,0.00023778643755089333,Outer Race Fault,1,0.014,198,33
0.002794022267964072,0.09248295376350381,0.008545290176388503,0.0924407387269731,0.28451640718562876,0.5359853892215569,3.0764199845215843,-0.12037841029370488,-0.020591865952397505,3369.140625,0.0005858656441970373,0.0003043541743730878,0.003148431971572944,0.00024179991039646682,Outer Race Fault,1,0.014,198,34
0.0028588653747193115,0.09182853008474648,0.008424305826294422,0.09178401727040728,0.3368888622754491,0.6382943712574851,3.668673145094907,-0.12389634114759307,-0.013544410164807928,3369.140625,0.0005646912746190821,0.00034632348996795114,0.0030790562326849565,0.00023025557574848704,Outer Race Fault,1,0.014,198,35
0.002774932108439371,0.09418297238901727,0.008862732039823941,0.09414208431845951,0.28658694610778446,0.568748622754491,3.042874299231647,-0.2481551617738762,0.01480639808796041,3369.140625,0.000545740240355159,0.0003348043596749926,0.0033507225849955446,0.00020780441454173229,Outer Race Fault,1,0.014,198,36
0.002700633128274701,0.0913043072036566,0.008329183094646165,0.0912643582930717,0.38069497005988023,0.6740619161676646,4.169518193821133,-0.10960057458059591,0.0719641514080497,3369.140625,0.0006255672161670492,0.0003243987636492222,0.002976167317046528,0.0002457531893861412,Outer Race Fault,1,0.014,198,37
0.002918911162050898,0.0924420715201808,0.008537016544570276,0.09239597688519925,0.32150191616766466,0.6159244311377245,3.477874423200029,-0.027334102447703845,-0.04507695800938267,3369.140625,0.0005405833108239329,0.00034529428158946545,0.0031446917356570013,0.0002464628670595028,Outer Race Fault,1,0.014,198,38
0.002686340288173653,0.09332424750629438,0.00870219874847223,0.09328557631527089,0.3420043113772455,0.6549804790419161,3.664688658262994,0.030224763130908716,0.03276845262221978,3369.140625,0.000588085435522237,0.0003268607257969523,0.0031846005603162492,0.0002587823984022473,Outer Race Fault,1,0.014,198,39
0.002806114684693114,0.09558753639126909,0.009129102833728543,0.09554633867254435,0.33546790419161676,0.6626130538922156,3.5095360426326274,0.13235968937094755,-0.012450748130915984,3369.140625,0.0005875192539022461,0.0003877157698400127,0.0034065609922283645,0.00019063782959164246,Outer Race Fault,1,0.014,198,40
0.00281172477311003,0.09253423449370107,0.008554678757135538,0.09249150640537507,0.3047346107784431,0.6091444311377245,3.2932093991568796,-0.15166984820373397,-0.05690067861254652,3369.140625,0.000542173425633982,0.00030167691253104434,0.0032331756403361847,0.00020821940029199453,Outer Race Fault,1,0.014,198,41
0.002694864450785928,0.09317558924150539,0.008674428136093626,0.09313661007409291,0.2964524550898203,0.5893728143712574,3.181653665977189,-0.03273046506984745,-0.13288669671858103,3369.140625,0.0005592202304667278,0.00038945179914501825,0.0031377389549038944,0.00025806596736939626,Outer Race Fault,1,0.014,198,42
0.0030834275004678145,0.09290791571030524,0.008622373276482541,0.09285673522412115,0.32556179640718563,0.6076016766467065,3.504134108683645,-0.11872838700176924,0.013614662103775278,3369.140625,0.000556929980953361,0.00029261184264027534,0.003240417360302208,0.000230735865093877,Outer Race Fault,1,0.014,198,43
0.0028995038243824853,0.09555653249737134,0.009122643780493576,0.09551253205990079,0.3218267065868264,0.6212834730538923,3.3679194731734277,-0.05238437585420108,-0.039323887665668786,3369.140625,0.0005140384808538731,0.00039570459618660717,0.0034226347096396985,0.00023735161607857247,Outer Race Fault,1,0.014,198,44
0.0027560798325224553,0.09139162418682549,0.008344832995462709,0.09135005744641166,0.3048158083832335,0.6064649101796407,3.335270721965942,-0.15576882958468463,0.007309289987827058,3369.140625,0.0006070649812577134,0.00032979067095510305,0.002960293397639816,0.0002828643338793961,Outer Race Fault,1,0.014,198,45
0.00282720703125,0.0919915039097299,0.0084544436919763,0.09194804887530947,0.4016439520958084,0.7168530538922155,4.36609833544994,0.061150891637895555,0.0018558795900462742,3369.140625,0.000552700426389154,0.00036859267541334873,0.0030875520135455296,0.00022637131834208027,Outer Race Fault,1,0.014,198,46
0.0032174550898203596,0.09022182235176063,0.008129625211217642,0.09016443429211787,0.2893882634730539,0.5523061077844311,3.207519599247007,-0.3395015513960673,0.014601225829296304,3369.140625,0.0005884676662602016,0.00032877773957886873,0.0029157104418126175,0.0002422088507422206,Outer Race Fault,1,0.014,198,47
0.003037159138753742,0.094670324955693,0.008953246091582392,0.09462159421391289,0.3101748502994012,0.6074392814371257,3.2763682858864933,-0.08850540333375623,0.014756985295076012,3369.140625,0.0005600095313806007,0.00035045179433477124,0.003338437451057448,0.00023694863438528826,Outer Race Fault,1,0.014,198,48
0.003156239708083832,0.09353868197766387,0.008739523177023652,0.09348541692169775,0.3291344910179641,0.6440594011976049,3.5186992595914304,0.002889051870919257,0.026843896694134027,3369.140625,0.0006110733604062907,0.0003854733913790741,0.003145112506696881,0.0002380642591038212,Outer Race Fault,1,0.014,198,49
0.0035407785600673645,0.09224411382380075,0.008496439422326875,0.0921761326066942,0.3165894610778443,0.621608263473054,3.4320830669214812,-0.10055726074492766,-0.0056029987605659,3369.140625,0.0005775852745153554,0.00034810713054303803,0.003044659982577087,0.0002904055965827515,Outer Race Fault,1,0.014,198,50
0.0038483224176646706,0.096309811974777,0.0092607702971866,0.09623289612802163,0.35726946107784435,0.7021156886227545,3.7095852826647735,-0.13996465129015334,0.06663686957247396,3369.140625,0.0005539617072718075,0.00032462593019708065,0.0035165023480699014,0.00025010498022224584,Outer Race Fault,1,0.014,198,51
0.003785977088791168,0.09379011527810543,0.008782252101363453,0.09371367083496118,0.2967366467065868,0.5657443113772455,3.1638371040136426,-0.20190001877560082,0.06424268080488978,3369.140625,0.000602889874951024,0.0003672174153586412,0.0032242981550617998,0.0002110542338445653,Outer Race Fault,1,0.014,198,52
0.0039274583645209585,0.0928594372212712,0.008607450151846163,0.09277634478597528,0.2988477844311377,0.5568937724550898,3.218281236391997,-0.16415053835128335,0.07383308179441823,3369.140625,0.000570099421309489,0.0003120739306784754,0.0032188861521183837,0.0002180909061993759,Outer Race Fault,1,0.014,198,53
0.003635376941429641,0.0942135800042375,0.008862982691708581,0.09414341555153276,0.3364016766467066,0.6196595209580839,3.570628317399424,0.009053557818920588,0.04046578168556791,3369.140625,0.0005460947129817127,0.0003203545033103449,0.0033170429881862512,0.0002612155765119276,Outer Race Fault,1,0.014,198,54
0.003646260116485778,0.09294862245462607,0.008626151203375544,0.0928770757688653,0.3732653892215569,0.647591497005988,4.015824865008308,-0.09275934933559604,0.0731763719150385,3369.140625,0.000627717247925757,0.00032622874348035364,0.0031169697947264715,0.00025545517745629334,Outer Race Fault,1,0.014,198,55
0.003370295307821857,0.0920276027370288,0.008457720775062466,0.0919658674458218,0.32267928143712576,0.6355336526946107,3.5063314901203064,-0.04355560645765655,0.0487476499996996,3369.140625,0.0005923831471780073,0.00029240995755169607,0.0030989240728266933,0.0002565021875902966,Outer Race Fault,1,0.014,198,56
0.003272802675898203,0.0930169663355107,0.008641444788906164,0.09295937171101236,0.33920299401197607,0.6208774850299401,3.6466787444827684,-0.0817970438461435,0.05701599850771399,3369.140625,0.0005398158763903476,0.000319830514294419,0.003215126217157508,0.00025666146018969715,Outer Race Fault,1,0.014,198,57
0.003270027367140718,0.09555476692181869,0.009120020402501245,0.09549879791128915,0.3459017964071856,0.6592839520958084,3.6199323963627754,-0.1791448151587387,-0.022555018922720178,3369.140625,0.0005930473403054492,0.00033386697864987874,0.0034148961690544898,0.0002288966308953522,Outer Race Fault,1,0.014,198,58
0.003077103761227545,0.09257861412603588,0.008561331225940091,0.09252746200961146,0.33116443113772454,0.6592433532934132,3.577115884310815,0.2913484262533186,0.08282121838402111,3468.75,0.0006495170793177874,0.00046913079959924023,0.002979494309201969,0.00019199334118222906,Outer Race Fault,2,0.014,199,0
0.0029677367725486526,0.09735117942848645,0.009468444674566225,0.09730593339856633,0.34220730538922156,0.6466983233532935,3.515183970016561,-0.10029118616724775,0.0012766061461692317,3468.75,0.0006569913022872508,0.0004222661375254695,0.003437761865961818,0.00022601594389654484,Outer Race Fault,2,0.014,199,1
0.003193845141747755,0.09678148731572511,0.009356455640254394,0.09672877359014945,0.416097125748503,0.7216843113772455,4.299346262277324,0.23482195443005738,0.03626196289164318,3486.328125,0.000644885759684639,0.00046023067550212836,0.003356820501868297,0.000226495297649399,Outer Race Fault,2,0.014,199,2
0.003002725486526946,0.0990394116796473,0.009799788705503219,0.09899388216199635,0.3420043113772455,0.6555894610778443,3.4532142868890623,0.07516550266656541,0.0014581014875254179,3486.328125,0.0006614310610880249,0.0004494393118698392,0.0036117927807139474,0.0001862476399088161,Outer Race Fault,2,0.014,199,3
0.0031809597796594305,0.1021368169122227,0.01042181086384109,0.10208727082178802,0.37866502994011975,0.7258659880239521,3.7074293226266084,-0.04204013872453238,-0.02736882948261924,3474.609375,0.0006843592978333468,0.0004928652409845434,0.00380632518013719,0.00023747506898955123,Outer Race Fault,2,0.014,199,4
0.0029776882368076347,0.0995874021243959,0.009908784034650512,0.09954287535856352,0.3387564071856287,0.6720319760479041,3.4015989970547054,0.07633826345301209,-0.002872736711857287,3468.75,0.0006568451936057319,0.00044179318447553067,0.003672973585923613,0.00019164761177837875,Outer Race Fault,2,0.014,199,5
0.0028638609304827848,0.096968339076901,0.009394657083903699,0.0969260392459307,0.3308802395209581,0.6417452694610778,3.4122502527196286,-0.04935244477826517,-0.009140799183149492,3474.609375,0.0006027380582265594,0.0004936371035232044,0.003417062793248906,0.0001920923084332177,Outer Race Fault,2,0.014,199,6
0.0028659225884169162,0.0983563973246735,0.00966576738240624,0.09831463462987716,0.3531689820359281,0.6513671856287425,3.590706772942494,-0.140117277164292,-0.020678236957052547,3474.609375,0.0006780197168811653,0.00041953544048105605,0.0035248388870139065,0.00021870348964406338,Outer Race Fault,2,0.014,199,7
0.002895340861246257,0.09720933388070496,0.00944127159482757,0.09716620603289793,0.35726946107784435,0.6661045508982036,3.675258813276969,-0.01828969950879511,-0.04598599231163559,3474.609375,0.0006266911436649936,0.0004405328652796182,0.003468029270649685,0.00019376875057102813,Outer Race Fault,2,0.014,199,8
0.0027952116860029946,0.1019905501726977,0.01039425911616,0.10195223938766622,0.3416795209580838,0.6675255089820359,3.350109597208051,-0.07341910251950345,-0.0043941144642601045,3486.328125,0.0006480975626736253,0.00048568400383675324,0.00385209536815346,0.00021906754868732594,Outer Race Fault,2,0.014,199,9
0.003347597246912426,0.10169499524020566,0.010330665649577915,0.10163988218006707,0.37050467065868264,0.7168530538922155,3.643293062589197,0.15283204347817048,-0.031129713601714317,3486.328125,0.0006961350133117045,0.00042632172622250413,0.0038366189065868962,0.0002174648586545798,Outer Race Fault,2,0.014,199,10
0.002900594124251497,0.10053633132803977,0.010099140470627748,0.10049447980176696,0.35195101796407186,0.677228622754491,3.5007346430385615,-0.03783541163028081,0.058875434967445066,3474.609375,0.0006459973824069867,0.00046032734198975256,0.003743846254761074,0.00020781740087595855,Outer Race Fault,2,0.014,199,11
0.0030554365292851794,0.09478331262011497,0.008974540658857956,0.09473405226663724,0.32446562874251494,0.6396747305389221,3.4232357972436667,0.04143689744288226,0.007131648564692406,3474.609375,0.0006698840095948067,0.00043619862314710835,0.003204982707397412,0.00018554080213891496,Outer Race Fault,2,0.014,199,12
0.002944820651665419,0.09365529222921051,0.008762641793868344,0.09360898351049617,0.311311616766467,0.6093474251497006,3.3240152196051858,-0.021312390836551565,0.017143810453805787,3474.609375,0.0006646741338979527,0.0004297610428190472,0.003083336517408215,0.000212225887236497,Outer Race Fault,2,0.014,199,13
0.002954672997754491,0.0912782302602714,0.00832298522692347,0.09123039639793017,0.35036766467065866,0.6581877844311377,3.8384581260133745,0.08368737872068177,0.028233633544032827,3486.328125,0.0006657309874281766,0.00044995280232918675,0.0028368964547004468,0.000217647350183093,Outer Race Fault,2,0.014,199,14
0.00301561084861527,0.10140073034913386,0.01027301420654747,0.10135587899351212,0.36254730538922153,0.6972438323353293,3.575391460603206,-0.03974792569692065,0.0002728092019509569,3486.328125,0.000679393674863536,0.0004654582994084573,0.0037349228639543554,0.00026582921475950237,Outer Race Fault,2,0.014,199,15
0.003056308769180389,0.09626305907605501,0.009257235519387487,0.09621452862945121,0.34208550898203594,0.6770256287425149,3.5536530031916276,0.1537092217814422,0.01756989106565037,3468.75,0.0006240778127849555,0.00043336080708440916,0.0033548145697309666,0.00022571679667360208,Outer Race Fault,2,0.014,199,16
0.0032480231334206583,0.10065776668995842,0.010121436340734865,0.10060534946380767,0.3466325748502994,0.6715041916167664,3.4436744053539523,0.031162402886868,-0.04990638370592266,3468.75,0.0006488394498129347,0.0003911756503157765,0.003822198673564556,0.00020905839506921343,Outer Race Fault,2,0.014,199,17
0.0034602946061002998,0.09846983752301698,0.009684335263048356,0.09840902023213297,0.36084215568862277,0.707637125748503,3.6644942732263286,0.0045321801512212545,0.03607637515074187,3328.125,0.0007369859828639006,0.0004983934914904192,0.0033897182473218218,0.00022904357788500375,Outer Race Fault,2,0.014,199,18
0.0035464084721182638,0.09703152766874827,0.00940254034867995,0.0969666971113276,0.3259271856287425,0.6440188023952096,3.3589823169785724,-0.07949259377804996,-0.044880353542486845,3468.75,0.0006859509529459437,0.00047071062036617954,0.0033815610762852433,0.00017562458810178126,Outer Race Fault,2,0.014,199,19
0.003402964656624251,0.09558423740542517,0.009124766271922446,0.09552364247620819,0.3351837125748503,0.6179137724550898,3.506683964565751,0.0035278577455319926,0.002120033998574049,3468.75,0.0006540651295104613,0.0004845229931132437,0.0032118539892835372,0.00022352119326351588,Outer Race Fault,2,0.014,199,20
0.0035065629678143707,0.09385365180364137,0.008796211973031907,0.09378812277165967,0.33234179640718564,0.6055311377245509,3.541064093089357,-0.2305634430520822,0.05474248397979172,3328.125,0.0006887612220120986,0.0005046999060597652,0.003045832440306668,0.00017110886918731354,Outer Race Fault,2,0.014,199,21
0.003286956750561377,0.0955946375828076,0.00912753064990827,0.09553811098147309,0.3674191616766467,0.6766196407185628,3.8435122614317634,-0.053397109157614864,-0.012853043796395213,3328.125,0.0007288584324785204,0.0004634312239587346,0.0031916586052016206,0.00019062527681354562,Outer Race Fault,2,0.014,199,22
0.0036820417758233535,0.09487585646714175,0.008987870708734774,0.094804381273941,0.3597459880239521,0.6773910179640719,3.7917548406906083,0.03344520483473756,-0.10278640048868362,3328.125,0.0006041468640005592,0.0004976671012623908,0.0032172967026295983,0.00018839592296902705,Outer Race Fault,2,0.014,199,23
0.0036456257601983526,0.10108034992557047,0.010203946553892354,0.10101458584725452,0.34155772455089817,0.6671195209580838,3.37907144961806,-0.017427951294215926,-0.013519823266118173,3328.125,0.0006781404609996975,0.0004773949053951323,0.003790168891008156,0.00016956540229654687,Outer Race Fault,2,0.014,199,24
0.0038507210773764972,0.09837559916829819,0.009662930458905919,0.09830020579279536,0.3406645508982036,0.662897245508982,3.4628968339537565,-0.10626153691185092,-0.013376941405550733,3486.328125,0.000647962419128405,0.0004421849973685555,0.003531718593711859,0.00022443633897969355,Outer Race Fault,2,0.014,199,25
0.003687929395116018,0.09767512772201091,0.009526829752287783,0.09760548013450773,0.34176071856287427,0.6697584431137724,3.4989533828462975,-0.12046730758533775,-0.06474941556754979,3486.328125,0.0006626057558566306,0.00043367045291161776,0.0034354193803644,0.00024532136495520544,Outer Race Fault,2,0.014,199,26
0.0035146311868450605,0.09995289225236016,0.009978228037232376,0.09989108086927669,0.35491473053892214,0.6649271856287424,3.5508200167218438,-0.035500870977281274,-0.03333155051798094,3486.328125,0.0006580478584411252,0.00041026782211085673,0.0037353343852935842,0.00019781658541915767,Outer Race Fault,2,0.014,199,27
0.003150431383327096,0.09749435937531728,0.009495224892102465,0.09744344458249854,0.3115146107784431,0.6227044311377246,3.195206499888131,0.0031742046710077076,-0.07321067098716982,3328.125,0.0006673431613954854,0.0004214485792193778,0.003452627671197512,0.00021612183636840287,Outer Race Fault,2,0.014,199,28
0.003258252128555389,0.09867113167704179,0.009725376019494887,0.09861732109267057,0.4774419161676647,0.8279719760479043,4.838719370629788,0.10297409299932081,0.0565938627168472,3474.609375,0.0006832489659014084,0.0004698870604917838,0.0035100478144634594,0.0002101203956937037,Outer Race Fault,2,0.014,199,29
0.003318615094030689,0.10090868668224472,0.010171549841793106,0.10085410175988434,0.38544502994011975,0.7581826347305389,3.8197408232441137,0.19458175283946044,0.04072195361257109,3474.609375,0.000660380900004678,0.00045730122939511853,0.003789561345369852,0.00018954594500952167,Outer Race Fault,2,0.014,199,30
0.003162464329154191,0.10288495883353353,0.010575313573544718,0.1028363436414613,0.39218443113772455,0.7774670658682634,3.8118733348795293,0.14242926847890436,0.06931731043839393,3474.609375,0.0006812216696301468,0.0004685609611770462,0.003950274101555749,0.00019760444522095493,Outer Race Fault,2,0.014,199,31
0.0034616029659431135,0.10260344799365453,0.010515484845092744,0.10254503813004676,0.35186982035928144,0.6819786826347305,3.42941516332904,0.10701383617403604,-0.009164275524672182,3480.46875,0.000750077464054169,0.00044835695801248826,0.0038539548270626533,0.00021733669586467268,Outer Race Fault,2,0.014,199,32
0.0034842613795845814,0.0965057054510895,0.009301211107251179,0.09644278670409301,0.39238742514970065,0.7034960479041916,4.06595053956233,0.15410503683464194,0.10425126208217206,3474.609375,0.0006220801403679111,0.0004686431218214158,0.003352196140068899,0.00021983149487438217,Outer Race Fault,2,0.014,199,33
0.0031841513847305387,0.09714986677151714,0.009427957793682648,0.09709767141225709,0.31244838323353297,0.6242471856287426,3.2161483449932846,0.012170261611071709,-0.03580061959971431,3480.46875,0.000688971601975291,0.00047443925387214564,0.0033620700247323247,0.00019864191894135449,Outer Race Fault,2,0.014,199,34
0.0034138478316803893,0.09929593463674949,0.009848028278367758,0.09923723231916415,0.40351149700598804,0.7736101796407185,4.063726259107573,0.0740000448950302,0.013708215194080718,3474.609375,0.0006629548169235814,0.0004990535166041936,0.003557120663465216,0.0002165405215293648,Outer Race Fault,2,0.014,199,35
0.003149360907092066,0.10017452528937568,0.010025017042828644,0.10012500708029261,0.33676706586826344,0.6632220359281438,3.361803461463274,-0.09995327960058553,0.04830579637999648,3474.609375,0.0007134993653864672,0.0005193998640968201,0.0035998167289882977,0.0001897113223716821,Outer Race Fault,2,0.014,199,36
0.0033621874415232034,0.09992907994953654,0.00997451671516893,0.09987250229752397,0.36725676646706584,0.7205475449101796,3.6751740999969966,-0.05956021861614502,0.009519035997553304,3474.609375,0.0006327246698585574,0.000456948007188887,0.003718845494083533,0.0001900462698657928,Outer Race Fault,2,0.014,199,37
0.003240212621631736,0.0961288016254405,0.00923024752410991,0.09607417719715278,0.3687995209580838,0.6852671856287424,3.836514288351234,0.05815861326272165,-0.05647586362863342,3328.125,0.0007000856020928726,0.0004216884365626507,0.003297140723289771,0.00020670799882502596,Outer Race Fault,2,0.014,199,38
0.003388196049307635,0.09600299597651324,0.009205095363997873,0.09594318821051276,0.36023317365269464,0.6645211976047904,3.7523117897364817,-0.2047750902676908,0.008058831182081568,3328.125,0.0006365892908648033,0.00046056029910008535,0.0033089194283929197,0.0002079585408303022,Outer Race Fault,2,0.014,199,39
0.0030802160717627253,0.09652221498058128,0.009307050253708805,0.09647305454741653,0.34513041916167664,0.672762754491018,3.5756578859189188,-0.23325729135088347,-0.03898169108379374,3480.46875,0.0006895386373980696,0.000432087966457425,0.003370432470647035,0.0001709543048098472,Outer Race Fault,2,0.014,199,40
0.0031377244339446117,0.09623478114806303,0.009251287787992214,0.09618361496633517,0.3923468263473054,0.7174214371257486,4.076975306294468,0.14912837488204111,0.07805055574320784,3480.46875,0.0006929732051943171,0.00042413444948701933,0.0033039062423827685,0.00021447584131987268,Outer Race Fault,2,0.014,199,41
0.003228477030314371,0.09538253129888082,0.00908740421304671,0.09532787741813363,0.3568634730538922,0.6779188023952096,3.7413923513485066,0.10757520044272262,-0.00894280931919388,3474.609375,0.0006724631681565859,0.0004244434218092959,0.0032370611826262473,0.00022015904577714262,Outer Race Fault,2,0.014,199,42
0.0030370401969498505,0.09581952997828737,0.009172158712102021,0.09577138775282533,0.2932045508982036,0.5806440718562874,3.0599664908045727,-0.0034511223957403026,0.057751691995645615,3474.609375,0.0007054105336444285,0.00041811404136661497,0.003244364641432593,0.00022741390875353722,Outer Race Fault,2,0.014,199,43
0.003173149267870509,0.0945407253120389,0.008927879866250205,0.09448745877760818,0.3127325748502994,0.6254651497005989,3.3079138521319953,0.0006670732044131711,0.058595127400098354,3480.46875,0.0007032662451750913,0.0004422406198342108,0.0031150637454645524,0.0002134405689152426,Outer Race Fault,2,0.014,199,44
0.00327734228808009,0.09285681752595155,0.008611647588574627,0.09279896329471912,0.3013243113772455,0.6025674251497006,3.245042414823571,-0.008625976278032965,0.011915204614257912,3328.125,0.0006473164078801672,0.00042035781402529525,0.003077459515106986,0.00017143135016716013,Outer Race Fault,2,0.014,199,45
0.003270265250748503,0.09352982503538186,0.008737133536338893,0.0934726352273161,0.33912179640718565,0.6750768862275449,3.6258145065373273,0.16272588672531274,-0.019561757085550083,3474.609375,0.0006390820632395779,0.0004407929594115086,0.003093114641557786,0.00020627209899584653,Outer Race Fault,2,0.014,199,46
0.0030476061938622756,0.09294839187704106,0.008630115649015122,0.09289841575083573,0.3737931736526946,0.6750768862275449,4.021513079507342,0.006193334963598307,-0.038673357881528765,3474.609375,0.0006910652325046723,0.00045565789855402436,0.0029464625447920426,0.00023116041345967562,Outer Race Fault,2,0.014,199,47
0.003277461229883982,0.09051494248757604,0.008182213061415805,0.09045558612609729,0.32105532934131736,0.6352494610778443,3.54698705559455,-0.10423734810835406,0.023165528656306698,3474.609375,0.0006486693631776179,0.00039787412818654953,0.0028295417630255122,0.0002257635059925305,Outer Race Fault,2,0.014,199,48
0.003225225954341317,0.08934419860957836,0.007971983742731226,0.0892859661017969,0.35073305389221554,0.6507176047904192,3.9256388142767937,0.07282500417808135,0.005184444928633428,3738.28125,0.000676836413633421,0.000432853896854316,0.002700724034751186,0.00018598467125502226,Outer Race Fault,2,0.014,199,49
0.003130766338416916,0.09471445842986177,0.00896102693779625,0.09466270087947128,0.4098449101796407,0.7313468263473053,4.327163106603626,0.3583346412860884,-0.03493280549293205,3328.125,0.0006059027035071932,0.00047621528135363504,0.003208491278589458,0.0001997079953570167,Outer Race Fault,2,0.014,199,50
0.003233195055202096,0.0898645014044007,0.008065175062396552,0.08980631972415166,0.3161834730538922,0.5833641916167664,3.5184468629167576,-0.10992027263110993,0.02632018153226319,3328.125,0.0006554930736491762,0.0004263133600344385,0.002726739076045145,0.00023449620130244363,Outer Race Fault,2,0.014,199,51
0.003326504900355539,0.0925734439885678,0.00855877689705241,0.09251365789467202,0.3314080239520958,0.6374011976047904,3.5799470093499215,-0.21726202976661568,0.05640941900093678,3474.609375,0.000691073257917114,0.0004499143650127899,0.002942383958525829,0.00020708475332893464,Outer Race Fault,2,0.014,199,52
0.0034373388379491023,0.0951818090243565,0.009047761470862198,0.09511972177662316,0.29624946107784433,0.5831611976047903,3.1124588208029933,-0.21067597334812893,0.03193378373025472,3474.609375,0.0006593978639623519,0.00048048401653972493,0.0032287013384284377,0.00016711640405292656,Outer Race Fault,2,0.014,199,53
0.0035152655431324852,0.09420817340691968,0.008862822844829515,0.09414256659359524,0.31626467065868263,0.6179543712574851,3.35708314068058,-0.03156973471721125,-0.06212865391843162,3474.609375,0.0006830424083801753,0.0004554334983359033,0.0031403739007850465,0.00016492408333079544,Outer Race Fault,2,0.014,199,54
0.0032477852498128744,0.09377549022197669,0.008783294457343143,0.09371923205694306,0.40765257485029943,0.7898497005988024,4.347112170625201,0.06879972508788379,-0.050331469643702845,3328.125,0.0007186946665364222,0.00047115845447240947,0.0030124081834773725,0.0001999357827957897,Outer Race Fault,2,0.014,199,55
0.003373823914670659,0.09636913342243636,0.009275627188784136,0.09631005756816957,0.3444808383233533,0.653194131736527,3.574597239692023,-0.08041599976910696,0.0077228481669867335,3328.125,0.000663127784235381,0.000493802087042961,0.0032869119578991446,0.00020535516983050453,Outer Race Fault,2,0.014,199,56
0.0033594914273016472,0.09321216441300377,0.008677221411906733,0.09315160445159672,0.3630344910179641,0.6673631137724552,3.894711525090583,0.22228410763397966,-0.0197971652117827,3328.125,0.0006886030440725604,0.0003805284597075062,0.0030585804182610464,0.00022218498808981385,Outer Race Fault,2,0.014,199,57
0.003479840709206587,0.09671934588381308,0.009342522576831219,0.09665672546093841,0.34988047904191616,0.6767008383233533,3.617481857892425,-0.07657850206183126,-0.0651210571700544,3328.125,0.0007134929463930745,0.0004640382361051943,0.0033380179244858715,0.00016782147833860407,Outer Race Fault,2,0.014,199,58
0.0031044207288547904,0.09429342362857138,0.008881612311535479,0.094242306378481,0.3862164071856287,0.6974468263473054,4.09589971732242,0.20543926506279586,0.01669617788120935,3433.59375,0.0009456130236815502,0.0004596633686941548,0.0028676524370142642,0.00017751752050338765,Outer Race Fault,3,0.014,200,0
0.0030978789296407187,0.09695954920824555,0.009391557328803476,0.09691004761531942,0.37249401197604787,0.6740213173652694,3.841746532628996,0.14148769050340348,0.0023159287573330835,3433.59375,0.0009821746612974946,0.00042712922144545377,0.003116171944781049,0.0001798999416362763,Outer Race Fault,3,0.014,200,1
0.00304463264876497,0.08735300461840585,0.00762127762789731,0.08729992914027657,0.30993125748503,0.6121081437125748,3.54803202063785,0.05296324557400167,-0.061711885515107555,720.703125,0.0009067028715473507,0.0004120609688194215,0.0023181422031559886,0.00018300406602637592,Outer Race Fault,3,0.014,200,2
0.0029821882017215568,0.09295268846013816,0.008631308845497013,0.09290483757855138,0.34423724550898205,0.6395529341317365,3.7033597544260894,0.04871116488845084,-0.04697094152258829,3433.59375,0.0009804704588422353,0.00045446006600337666,0.002693918931282251,0.00019571026344495583,Outer Race Fault,3,0.014,200,3
0.0028866382859281435,0.09600798955187212,0.0092092013771986,0.09596458397345659,0.3368482634730539,0.633057125748503,3.5085440810221145,-0.07869533091561642,-0.05679280653832032,720.703125,0.0010241899282361785,0.0004354667655221172,0.0029714860347573547,0.00018179518664882428,Outer Race Fault,3,0.014,200,4
0.0031726735006549402,0.09443189463453582,0.008907316867126315,0.09437858267173922,0.4367213173652695,0.7311844311377246,4.624722600933085,-0.015597216069751063,0.04013932277683636,720.703125,0.0010628270827930538,0.0004743226609929996,0.0027448767094975174,0.00018169785383223845,Outer Race Fault,3,0.014,200,5
0.002569717849457336,0.09247933823337874,0.008545824550257847,0.09244362904093417,0.4269370059880239,0.7121029940119761,4.616566404385544,0.26911315791011337,-0.05942264462188657,720.703125,0.0009312241353495838,0.0004408304350547955,0.002701763355142783,0.0002056995737012292,Outer Race Fault,3,0.014,200,6
0.0028571208949288917,0.09806857868865768,0.009609282986205201,0.098026950305542,0.33197640718562876,0.6149906586826348,3.385145493334494,-0.07851748103088996,0.060180409642480344,720.703125,0.0010179806059594017,0.0004901087231197355,0.003114000567002334,0.00019071910129848523,Outer Race Fault,3,0.014,200,7
0.0023745739965381736,0.10334952788722546,0.010675486312847357,0.1033222450048747,0.6651707784431137,1.3303009580838323,6.436127886031033,3.1633626410875246,0.08025965334669007,3421.875,0.0009326073551405601,0.0004742976111123876,0.00372507522937223,0.000211402107173126,Outer Race Fault,3,0.014,200,8
0.002763612813435629,0.09417943734194607,0.008862128862262963,0.0941388807149467,0.37517353293413175,0.6615168862275449,3.983603465074379,-0.09697206913590684,-0.038276746638120356,3433.59375,0.0009357194493426972,0.00042463036314908676,0.0028953385642015265,0.00018301473822354298,Outer Race Fault,3,0.014,200,9
0.0024854079341317366,0.09207082463488032,0.008470859496347839,0.09203727232131469,0.336482874251497,0.6296062275449101,3.654609107563299,-0.12682210843604746,-0.032340078413054446,3421.875,0.0009802831693504956,0.00047580425205188655,0.0026042162998184807,0.00018130387992268128,Outer Race Fault,3,0.014,200,10
0.002608096404846557,0.09098780474193824,0.008271978444900106,0.09095041750811321,0.3226386826347305,0.6257087425149701,3.5459552359770186,-0.04526882401371157,-0.029560880205564008,3421.875,0.0009427603943191429,0.0003712883349117608,0.002635696289222315,0.00019304801307906954,Outer Race Fault,3,0.014,200,11
0.0025615306886227545,0.09166031819784207,0.008395052492660902,0.09162451905827884,0.3376196407185629,0.6324481437125749,3.683378449438018,-0.1003413821388186,0.015239546890110069,3433.59375,0.0009572349977569074,0.0004347931289155329,0.002665808152560932,0.00014625182769827702,Outer Race Fault,3,0.014,200,12
0.0025019408448727545,0.09128952388200699,0.008327517462612283,0.09125523252182464,0.316142874251497,0.6108901796407186,3.4630794510454033,0.025778324895830984,-0.03688610184331578,720.703125,0.0009983398067445232,0.0004176760254059362,0.0025701829237268154,0.00018381996730709239,Outer Race Fault,3,0.014,200,13
0.0025772706540044916,0.11209992480774511,0.012559750817878112,0.11207029409204793,0.6303776047904192,1.1919808383233534,5.623354394497022,2.361706370818336,-0.07125259448697932,3416.015625,0.0009501133959329348,0.0005417512738454686,0.004560500672639339,0.00023415740545629495,Outer Race Fault,3,0.014,200,14
0.002109214832054641,0.09735016465660269,0.009472605771459896,0.0973273125667194,0.32686095808383236,0.612920119760479,3.3575799202478627,-0.0450402671678507,-0.041051972597368605,720.703125,0.0010305587832066924,0.0004648827194070144,0.0030532643364166445,0.00019205271313504045,Outer Race Fault,3,0.014,200,15
0.002847090136133982,0.09650874043867226,0.009305831058815744,0.09646673550408838,0.5408978443113772,1.0301540119760477,5.604651369946102,1.3722565344616653,-0.014414384618561185,3433.59375,0.0009100745078514947,0.0003769133051514729,0.003160000991290848,0.000214036796014773,Outer Race Fault,3,0.014,200,16
0.002381314032092066,0.0954990316439684,0.009114394388416241,0.09546933742525,0.3130167664670659,0.6058153293413173,3.2776957114500296,-0.13715163159522126,-0.004209404585078964,720.703125,0.000973953274481323,0.0005626406975981959,0.002883192902779003,0.0001430836585277817,Outer Race Fault,3,0.014,200,17
0.0024698463814558378,0.09383109793054142,0.008798174797702866,0.09379858633104694,0.3281195209580838,0.6352494610778443,3.4969165681187553,0.04990593808664778,-0.029233062990234204,720.703125,0.001033907319901823,0.00043420581397688563,0.0027580542546119533,0.00017902448639460904,Outer Race Fault,3,0.014,200,18
0.002392593679827844,0.09376273632436394,0.008785726218515442,0.0937322048098488,0.31127101796407186,0.6138132934131737,3.3197731867301434,0.03267448203144774,-0.08738132658846044,3433.59375,0.0009939667096949792,0.0004490104713357824,0.0027590348990273413,0.00019658061635528112,Outer Race Fault,3,0.014,200,19
0.0028780348287799394,0.09516019625654372,0.009047179867108245,0.09511666450789917,0.35556431137724553,0.6851453892215569,3.736481484534507,0.21570274065172423,-0.06521311301543153,720.703125,0.0009990402985653524,0.0004410983404754386,0.0028848901775180933,0.00020684420783712726,Outer Race Fault,3,0.014,200,20
0.0024385646870321853,0.09389095858382104,0.00880956550605596,0.09385928566772687,0.3470791616766467,0.6830748502994013,3.696619641674999,0.16144504690949457,0.04955420777483536,3433.59375,0.0010461799518908905,0.0004701088163220086,0.0026830775040956245,0.00021137534438757355,Outer Race Fault,3,0.014,200,21
0.002855891829622006,0.09431462555324917,0.008887092475107099,0.09427137675406623,0.3419231137724551,0.6302152095808383,3.625345610680588,0.05681250782987046,-0.043040686570173355,3433.59375,0.0009352038034168044,0.000517442655542294,0.0028277989720705107,0.00017126808644946003,Outer Race Fault,3,0.014,200,22
0.00285272004818488,0.09506798063793227,0.00902978293090095,0.09502516998617234,0.31545269461077846,0.6140162874251497,3.318180237909801,-0.025304365050204503,0.08296063494903133,720.703125,0.0010743395178431034,0.0003951677272379236,0.0028859903712124425,0.00016753186684777366,Outer Race Fault,3,0.014,200,23
0.0025411519928892215,0.0967193656215694,0.009348178232787855,0.09668597743617145,0.4001823952095808,0.7214407185628742,4.137562241416688,0.2944004597433252,-0.013490365680519579,3416.015625,0.0009122677822368219,0.0004692669957205662,0.003115876233769132,0.00018313574071410018,Outer Race Fault,3,0.014,200,24
0.0027309038173652695,0.1248382732238143,0.015577136625844009,0.12480839966061583,0.6137726946107784,1.11285377245509,4.916542649627858,1.257378388847477,0.06672004848548352,3433.59375,0.0009858808903099837,0.0006443420091412261,0.0059439048489722795,0.00022189945956067192,Outer Race Fault,3,0.014,200,25
0.0022944865152507484,0.11393863331216691,0.012976747492675765,0.11391552788218016,0.4980661077844311,0.942825988023952,4.371354064076221,0.7974777291017516,0.07533401305250659,720.703125,0.0010263779232604995,0.0009553878536441023,0.004247022738090435,0.00026485250739506427,Outer Race Fault,3,0.014,200,26
0.0024368796781437125,0.08935506637880523,0.00797838950499494,0.0893218310660666,0.29417892215568864,0.5667186826347306,3.2922466971102495,-0.06240154440097401,-0.020752131249760258,720.703125,0.0009611586334696859,0.0004208796426484213,0.0024426460962763672,0.00017044918495260828,Outer Race Fault,3,0.014,200,27
0.0024065098708832334,0.09536062076392166,0.009087856702721827,0.09533025072201283,0.3521946107784431,0.682465868263473,3.6932919265526736,0.0742284142216918,-0.06240368228029929,720.703125,0.0009566963084843263,0.0005150145948345099,0.002910949541648609,0.00016706177955503782,Outer Race Fault,3,0.014,200,28
0.002646435312967815,0.08947709558619901,0.007999147014676073,0.08943795063996085,0.33887820359281434,0.6577817964071856,3.787317875850712,-0.039218960137711534,0.026357780302749743,720.703125,0.0010529105791860808,0.0004293358573337279,0.00235358194673129,0.000170756028934832,Outer Race Fault,3,0.014,200,29
0.0024498641584019465,0.09098512558924476,0.008272291244096022,0.09095213710571083,0.31025604790419165,0.5890074251497006,3.4099644957886017,-0.14155084759024605,0.020363836335558164,720.703125,0.000963057505238778,0.0004656138398341897,0.002512268520143147,0.00020120902044438993,Outer Race Fault,3,0.014,200,30
0.002675417465849551,0.09145067905584084,0.008356068841157832,0.09141153560223038,0.33246359281437127,0.6202279041916168,3.635441488754448,0.08078095732311219,0.001952228902055307,720.703125,0.0010483221362550784,0.0004498890160777378,0.002520835649944948,0.000166150837063449,Outer Race Fault,3,0.014,200,31
0.0025485462083645206,0.08924321421484077,0.00795785619561979,0.08920681697953241,0.3013243113772455,0.5775585628742514,3.376439475295552,-0.152764286789846,-0.03913884124741972,720.703125,0.0009632960808668902,0.0004748548680589169,0.0023638626585788356,0.00018341050247229495,Outer Race Fault,3,0.014,200,32
0.0028451275963697607,0.08865503088124006,0.007851619749514007,0.08860936603719725,0.2990101796407186,0.5926613173652695,3.3727378657311022,-0.060629450364080295,0.039795607734914674,720.703125,0.001010990439142688,0.0004510043857109619,0.0022748529680521644,0.0001970569269819548,Outer Race Fault,3,0.014,200,33
0.0025560197183757483,0.08515094908042646,0.007244150892496653,0.08511257775732475,0.35349377245508984,0.6492154491017964,4.151377950247028,0.15330077396348862,-0.08732779766125698,720.703125,0.0009113502377850742,0.0004063611189441819,0.002124346950730345,0.00018655178895366945,Outer Race Fault,3,0.014,200,34
0.0028932395560441622,0.0867509319779952,0.007517353363922091,0.08670267218443783,0.3251558083832335,0.6058965269461077,3.7481534891833883,0.11087541329996098,0.07394042111803507,720.703125,0.0009583082813468479,0.0004122332983832876,0.002217530030545359,0.0001789782686202475,Outer Race Fault,3,0.014,200,35
0.003135405068768713,0.10580821413359408,0.011185547413195237,0.10576174834596504,0.6651707784431137,1.3303009580838323,6.286570318664155,8.053286128876179,0.06596995780709329,720.703125,0.0009284409157179995,0.0006784600340274765,0.0037768559011710817,0.00021884762079156777,Outer Race Fault,3,0.014,200,36
0.0028101190587574852,0.0929566168728966,0.00863303585133009,0.09291413160187255,0.3772440718562874,0.7066221556886227,4.058280997598145,0.06535482623270683,0.004896175919486516,720.703125,0.001016114067641568,0.00045280987739183896,0.0026773885895887677,0.00017810222626590382,Outer Race Fault,3,0.014,200,37
0.0028810876684131734,0.08760433166355905,0.00766621826006577,0.08755694295751634,0.2967366467065868,0.5787765269461077,3.387237149941307,0.050882967213012,-0.0364015530041642,720.703125,0.0010026493193691522,0.00045417886248848353,0.0022057045896763964,0.0001788805039209348,Outer Race Fault,3,0.014,200,38
0.0025903542524326347,0.09514664922834404,0.009046174924228444,0.09511138167553053,0.49339724550898206,0.8552137724550899,5.185650251590781,0.6502525816177349,0.060589395853684024,720.703125,0.0010266348438210844,0.0005070140215323967,0.0028113628092478545,0.00018478597267446487,Outer Race Fault,3,0.014,200,39
0.0026033982035928143,0.087673236633919,0.007679818739660686,0.08763457502413466,0.3402991616766467,0.6346810778443114,3.881448600986083,-0.11008025080564865,0.0409057595479351,720.703125,0.0010072533835902282,0.00045855343165154524,0.0022137203175962633,0.000167166262845715,Outer Race Fault,3,0.014,200,40
0.0022447688412238027,0.08991743993545069,0.008080107017394856,0.08988941549145181,0.29417892215568864,0.563105389221557,3.2716558919701426,-0.04411741074260389,-0.0015054869931262422,720.703125,0.0009992913863142846,0.0004401233286421238,0.0024076987435703795,0.00019798058109167906,Outer Race Fault,3,0.014,200,41
0.002459795799026946,0.08787045936463361,0.007715167033578819,0.08783602355286138,0.3284443113772455,0.6149094610778443,3.737823994003596,0.035389752319023415,0.07515618097683689,720.703125,0.0009476055660211045,0.00041753547465977667,0.002312506051695545,0.0001859905688545861,Outer Race Fault,3,0.014,200,42
0.0021370670377994006,0.08844569290348608,0.007818073537653718,0.0884198707172416,0.3155744910179641,0.6106465868263473,3.568002925392037,0.0045928663507828205,-0.0022969957287984986,720.703125,0.0009475330923200416,0.0004712771942774366,0.002318234646375918,0.00017656411488669525,Outer Race Fault,3,0.014,200,43
0.0021986194213136226,0.1163708663793276,0.01353734461451554,0.116350095034407,0.6436534131736528,1.2702553293413175,5.531052858845029,3.3690803103344384,0.014229102496246381,720.703125,0.001047884679316725,0.000665316691286804,0.004837333250511127,0.00022297611986637675,Outer Race Fault,3,0.014,200,44
0.0020161626941429638,0.10068317151723326,0.010133036114759358,0.10066298284254922,0.5873834730538923,1.011762754491018,5.833978650080106,1.2530475125112233,0.05021330502313261,720.703125,0.0009628393530637541,0.0005206806872825984,0.0033828223798766373,0.00020424570199929155,Outer Race Fault,3,0.014,200,45
0.001856265262443862,0.09240749984048201,0.008535700306044126,0.09238885379765313,0.35848742514970056,0.6425166467065868,3.879419157195441,0.0244663774822107,0.02909927617078963,720.703125,0.0010091525154165494,0.00041941928362587553,0.002622720385512251,0.00022000468833951504,Outer Race Fault,3,0.014,200,46
0.002317263870696107,0.09301847289729173,0.008647066588297761,0.09298960473245255,0.4008319760479042,0.6883120958083833,4.30916530408418,0.18849747821404872,0.044837330353516246,720.703125,0.0010463124554406038,0.00045023524423131616,0.0026314989794956403,0.00020086056078840508,Outer Race Fault,3,0.014,200,47
0.0021624412892964078,0.08879555636158011,0.007879974677232894,0.08876922145221786,0.34346586826347303,0.6221766467065868,3.8680524379492844,0.05454894786330522,-0.09315772653942471,720.703125,0.0009583799653963189,0.0004100272948715421,0.002403307253327296,0.00017295007542464285,Outer Race Fault,3,0.014,200,48
0.0022431234796032934,0.08799875851064108,0.0077387498964693775,0.08797016480869738,0.29986275449101796,0.5946100598802395,3.4075793745971725,0.012840112795758252,0.0262879289469424,720.703125,0.001035680851839067,0.00038635565288159645,0.002280166877460521,0.00017220446274672204,Outer Race Fault,3,0.014,200,49
0.002250279811470808,0.09332374185748135,0.008704257035051902,0.09329660784322173,0.3510578443113772,0.6748332934131736,3.761720622470245,0.12081974887666291,0.010046868044293783,720.703125,0.0009788776247976181,0.0004533366589535944,0.0027494011854175874,0.00017557685457152676,Outer Race Fault,3,0.014,200,50
0.002596915875280689,0.0890214802718139,0.007918079977721669,0.08898359386831749,0.30140550898203594,0.5871804790419162,3.385761594412257,-0.004764650760450184,0.0037900497032123,720.703125,0.0009916916787629927,0.0004073696350542883,0.0023835781254000804,0.00018314774619673574,Outer Race Fault,3,0.014,200,51
0.0019799647384917667,0.09497061301915331,0.009015497076868103,0.09494997144216581,0.3836586826347305,0.7133209580838323,4.039762095221557,0.20369353191199302,-0.024106650763696284,720.703125,0.000940923165899821,0.0005092798508386289,0.0028907562266719,0.00017071039001656171,Outer Race Fault,3,0.014,200,52
0.0022961715241392212,0.09736815787986462,0.009475285765249978,0.0973410795360827,0.5084188023952095,1.0090020359281437,5.221612624350046,1.6626571867691524,-0.07111982582028617,3421.875,0.0009277155913019222,0.0003782141865959734,0.0032696237163038185,0.00016736193472313566,Outer Race Fault,3,0.014,200,53
0.002163115292851797,0.09507305434874826,0.009034206595429872,0.09504844341402899,0.3716414371257485,0.6844146107784431,3.9090091264185998,0.21990134046704268,0.047318197735257694,720.703125,0.0010256688702773014,0.0005051758103970476,0.0028133948403160727,0.0001775455286056736,Outer Race Fault,3,0.014,200,54
0.0022557114871818865,0.09064347948741704,0.008211152139272388,0.09061540784696821,0.4383046706586826,0.7320370059880239,4.835479321152133,0.1600679065714674,0.08895266310806266,720.703125,0.0010061486849895292,0.0004196369365600146,0.0024793103825086443,0.00020557155629893721,Outer Race Fault,3,0.014,200,55
0.002322992900916916,0.08873932683419512,0.007869271830968394,0.0887089162991432,0.30067473053892213,0.5662720958083832,3.3882917671971686,-0.0044217209149128855,-0.01039984852391983,720.703125,0.0009549700901809679,0.0004337728430447307,0.0023554491240825536,0.00019584083177330192,Outer Race Fault,3,0.014,200,56
0.0022888367795658683,0.08902495732191967,0.007920204252366128,0.08899552939539226,0.298522994011976,0.5880330538922156,3.3532506276020855,-0.10170188549681036,0.027784733148437758,720.703125,0.0011491898137544546,0.00038907016943443316,0.0022475808892755645,0.0001795010471553429,Outer Race Fault,3,0.014,200,57
0.002085148940400449,0.09553395413814494,0.009122388547165527,0.09551119592574227,0.41747748502994014,0.7613899401197605,4.3699382988613165,0.46943369856211437,0.0051180058747065825,720.703125,0.0009273660051051229,0.00042236502981649065,0.0030019854196979548,0.000213826608304873,Outer Race Fault,3,0.014,200,58
0.02053241904862151,0.5213572478988603,0.2713917997046855,0.5209527806862014,3.430223852295409,6.174971457085828,6.579411461372546,4.949124789567329,0.3015160280870006,2882.8125,0.008773640147169321,0.06826925577811767,0.058925128020163094,0.00014946522896414744,Inner Race Fault,0,0.021,209,0
0.019975436285631858,0.531136741288718,0.2817072198919973,0.5307609818854409,2.6728700598802395,4.791430239520958,5.032357681366477,2.8674664320134475,0.32814191988065106,2882.8125,0.009147860860719333,0.07194160532012381,0.05990650881219052,0.0002567592741620716,Inner Race Fault,0,0.021,209,1
0.019957788914358784,0.5190513342783102,0.26901597427774393,0.518667498767509,2.7654580838323355,4.928687924151697,5.327908630997805,3.5810235747988504,0.33191703005252454,3046.875,0.008917060420406048,0.06628054005190702,0.059467688425541156,0.0002411039786489216,Inner Race Fault,0,0.021,209,2
0.019485672161536304,0.5131746116441442,0.2629684906165315,0.5128045345124509,2.940075848303393,5.287263473053892,5.729191938946035,4.818808639767851,0.355890203247861,2888.671875,0.008701817562060465,0.067307870479071,0.055687607288402795,0.00016664613760548262,Inner Race Fault,0,0.021,209,3
0.019600677502417042,0.508841698892232,0.2585356879729791,0.5084640478666895,3.0566230538922157,5.531322255489022,6.007021556107925,4.350376283184783,0.35394653981650503,3269.53125,0.008741171905612419,0.06739746623308938,0.053364183708629116,0.00014921399294144725,Inner Race Fault,0,0.021,209,4
0.019465248799276448,0.5234483496108997,0.27361927879955694,0.5230863014833756,2.8284016966067864,5.271426047904192,5.403401689410716,4.885478016041471,0.331522887204311,2947.265625,0.00869608696418779,0.07206831005927931,0.05626887149593547,0.00015526684435018934,Inner Race Fault,0,0.021,209,5
0.01931613842627246,0.49066646308291745,0.24038046479059705,0.4902861050352101,2.5433280439121755,4.665543013972055,5.183415283637145,3.5216922789485032,0.35791900684750205,2882.8125,0.008471179779553303,0.061416342718824644,0.05053396730222247,0.00014185712731458548,Inner Race Fault,0,0.021,209,6
0.0193801845040388,0.49825067440785753,0.24787814299647426,0.49787362151099573,2.5713481037924155,4.680974351297406,5.16075187825549,4.057416517176133,0.36374318155895047,2882.8125,0.008380198602599634,0.06278496028828363,0.05299664670599039,0.000152862586017215,Inner Race Fault,0,0.021,209,7
0.018611631570842696,0.5096865208134876,0.25943395666922897,0.5093465977791831,3.521999700598802,6.446644211576846,6.910129180927715,5.262847127447978,0.35262081986123806,2882.8125,0.00824203803763539,0.0693112408072075,0.052328336194850104,0.00018178991210057385,Inner Race Fault,0,0.021,209,8
0.018178576976905565,0.5152445478333972,0.26514648341113656,0.5149237646595237,2.7110423153692613,4.878739121756487,5.261661334931522,3.734918815703826,0.31685810908787687,3046.875,0.00830100958919336,0.0679245041486471,0.056527876680972824,0.00015031198070619554,Inner Race Fault,0,0.021,209,9
0.018330265055825842,0.5192651332768697,0.26930028002002837,0.5189414996124596,3.0996683632734534,5.6088850299401205,5.9693365963409,4.520578540753078,0.3638740051541997,2882.8125,0.009057836481032817,0.06769344734920053,0.05806432078714603,0.00017054678051094208,Inner Race Fault,0,0.021,209,10
0.0184153293510635,0.5162709621937662,0.266196582049369,0.5159424212539312,3.365249800399202,6.0661399201596815,6.518379004117144,5.675207885312226,0.3442513956897444,2882.8125,0.008564934294957995,0.06878064576803311,0.05590636640427707,0.00018549282921376974,Inner Race Fault,0,0.021,209,11
0.017856958592580466,0.5154425604731909,0.265362162176982,0.5151331499495854,2.8491121756487026,5.0777221556886225,5.527506640183412,3.6079472716836616,0.2942624508655384,3269.53125,0.008471106938283847,0.06677252195166034,0.05758145970840274,0.0001748774306036113,Inner Race Fault,0,0.021,209,12
0.017057869758529815,0.5191143270623004,0.2691887136406461,0.5188339942993772,3.2462660678642714,5.978018862275449,6.253470379511752,4.059765291743356,0.2593306279444029,2882.8125,0.008334768900704649,0.06980006856491541,0.05653506709263712,0.00021548318063674632,Inner Race Fault,0,0.021,209,13
0.017669975771114024,0.5140316030760078,0.2639162609171387,0.5137278081991851,3.4785483033932136,6.295579540918164,6.767187625385855,4.449864580591299,0.2609611518860478,2882.8125,0.008755187371675934,0.06894178329472217,0.05438469150364841,0.00018873597164293095,Inner Race Fault,0,0.021,209,14
0.01720023843913735,0.5094779395789878,0.25927192271528754,0.509187512332429,3.059871756487026,5.691320858283433,6.0058964653417215,4.136446249493968,0.25230661470872834,2882.8125,0.008729074559848657,0.06559439470351355,0.055469881324409664,0.00013846133929354252,Inner Race Fault,0,0.021,209,15
0.017129648954045035,0.5132476229160046,0.2631296975556403,0.5129616920937082,3.3335749500998006,6.150200099800399,6.495061645215562,5.648654974090297,0.33458393088812516,2882.8125,0.008519765636903914,0.06698308757794659,0.05619325600654952,0.00016217349307633553,Inner Race Fault,0,0.021,209,16
0.01706223203008046,0.5235825987069346,0.2738476179068585,0.5233045173766977,2.990836826347305,5.465129940119761,5.712254062173997,4.353803944958272,0.30219621146992015,2882.8125,0.00871452058355071,0.07034805087519391,0.05797226003268269,0.00018010136551945645,Inner Race Fault,0,0.021,209,17
0.016090436899638225,0.5370371584169619,0.28815000736094376,0.5367960575124819,3.7246375249501,6.992020159680639,6.935530375457275,5.6148768317258515,0.32359484485228535,2882.8125,0.008844935961731143,0.07650842331150186,0.05880050298260941,0.00018005070856413544,Inner Race Fault,0,0.021,209,18
0.016747950193363267,0.524840091548994,0.27517662786147706,0.5245728051104794,3.7465662674650697,7.118313473053892,7.138490995243123,6.497363752607518,0.32153171911022294,2882.8125,0.009146834936236976,0.07292760353753244,0.05561518104155438,0.0001792089451090342,Inner Race Fault,0,0.021,209,19
0.015736299763753743,0.5645137094868085,0.3184280970683021,0.5642943354919506,3.534588423153693,6.720753493013972,6.261297757262508,5.858635063685144,0.3183090661185339,2882.8125,0.009276582691845519,0.08659321839558383,0.06341574169192617,0.00017613923848537667,Inner Race Fault,0,0.021,209,20
0.014479767272096428,0.5417803681826068,0.2933163036878269,0.5415868385474548,3.7014905189620757,7.028568063872255,6.832086831382732,7.612987377344908,0.3260094118313506,2882.8125,0.008718284430290938,0.07715319462585551,0.060767064167349345,0.00022933269137180446,Inner Race Fault,0,0.021,209,21
0.015276278400230787,0.5493628847820472,0.30156621449429144,0.5491504479596565,2.994491616766467,5.506144810379242,5.450844423089291,3.8706983254437723,0.23710916541046145,2882.8125,0.008978227144194191,0.07688030854439935,0.06500252726258728,0.0001554123471118766,Inner Race Fault,0,0.021,209,22
0.014570978404519087,0.5370366746485434,0.2881960765059005,0.5368389670151567,3.0683996007984033,5.463099500998004,5.713575525929355,4.4921482525835605,0.24809896219984306,2882.8125,0.009056760851643413,0.076436158914637,0.05864383376124763,0.00017360463667364957,Inner Race Fault,0,0.021,209,23
0.01318020692014409,0.5378081425557304,0.28906388034478697,0.5376466128832088,3.497228343313373,6.496999101796407,6.502743388551378,4.775575888124826,0.27831109540173554,2882.8125,0.008667911541136292,0.07624361314491472,0.059648503643446704,0.00014563000451740858,Inner Race Fault,0,0.021,209,24
0.013262098654253995,0.5399470203069129,0.29136690147759853,0.5397841248847529,3.275098303393214,6.048678143712575,6.065591956654573,4.851128318476481,0.26287378517205495,2882.8125,0.00827076504033532,0.07570801399087268,0.061716921639733004,0.00016363350974602566,Inner Race Fault,0,0.021,209,25
0.012670614289000128,0.5373717776076987,0.28860788290279743,0.5372223775149332,3.3079914171656686,5.9889832335329345,6.155871139888229,4.473889468564067,0.2742835359852793,2882.8125,0.008902150738764636,0.07320741241620418,0.062161099016063696,0.0001938698255479861,Inner Race Fault,0,0.021,209,26
0.014369719057977792,0.5335854655288046,0.28450696019778593,0.5333919386321713,3.386366367265469,6.061266866267465,6.346436674225083,5.3455414836775095,0.28497990245608956,2882.8125,0.008718654737452204,0.07361060210726508,0.0599586040374477,0.00017211502554143065,Inner Race Fault,0,0.021,209,27
0.013369569162456338,0.5469444478742358,0.29896948368086296,0.546781019861574,3.031445608782435,5.591829341317364,5.542510981809042,4.2100189413283555,0.2635111541160668,2882.8125,0.008538311848956138,0.07758690063141259,0.06334932628430358,0.00018896988183895222,Inner Race Fault,0,0.021,209,28
0.013818883132173151,0.5458514947224062,0.2977628927596644,0.5456765459131118,3.2426112774451097,5.861877744510978,5.940464226619267,5.5102236834025184,0.32673255640357557,2882.8125,0.008531331844836594,0.07498208349943446,0.0653227514475209,0.00023634547447504064,Inner Race Fault,0,0.021,209,29
0.012240930541261227,0.5337270007940482,0.28471467099609404,0.5335866105854737,3.243829540918164,5.91223263473054,6.07769428208088,4.105279221283809,0.28269160919747227,2882.8125,0.00790681600981685,0.07124475827581424,0.06307832879186874,0.00027738546847774943,Inner Race Fault,0,0.021,209,30
0.012950592808523578,0.507599230691289,0.25748926114429627,0.5074339968353483,3.264946107784431,5.8513194610778445,6.432133680222422,4.0114406964998235,0.30876824727568525,2882.8125,0.008177583679944709,0.06410480922799633,0.05644494381077129,0.0001850134415832541,Inner Race Fault,0,0.021,209,31
0.01313757562999002,0.5083019414453421,0.2581982677836703,0.5081321361453832,2.8214982035928142,5.113457884231536,5.550831058346864,3.410757095552598,0.30360094619352557,2882.8125,0.008299438338050477,0.06357574534948919,0.05723046465107114,0.00016609808559939356,Inner Race Fault,0,0.021,209,32
0.01218620386180763,0.5019446791564862,0.2517999573689464,0.5017967291333677,3.429005588822355,6.029998103792415,6.831441254810729,4.330975544015441,0.33049911234947665,2882.8125,0.008458442366398306,0.06297639928178207,0.05444863529491386,0.0001650074208789059,Inner Race Fault,0,0.021,209,33
0.012707495312110156,0.520904471016596,0.27117998748797234,0.5207494478998248,3.122815369261477,5.48056127744511,5.994986687610874,3.6700536418526344,0.28207535114134447,2882.8125,0.008576679707963775,0.06829204008826559,0.05872933668375739,0.0001534177893536694,Inner Race Fault,0,0.021,209,34
0.012612715048418786,0.5149861845615832,0.2650516897084045,0.5148317100843774,3.276722654690619,5.745330538922156,6.362738948968409,4.645915498505391,0.3112038950240402,2882.8125,0.00857911139278968,0.06682294227049243,0.05711140778625344,0.00017146596102075282,Inner Race Fault,0,0.021,209,35
0.012882581029347553,0.518418260982866,0.26859153242652134,0.518258171596475,3.2811896207584828,5.885430838323353,6.329232335561821,3.163614506580882,0.29294367338726685,2882.8125,0.00874051099065111,0.07092796145675667,0.05460512728565081,0.00018812738369444857,Inner Race Fault,0,0.021,209,36
0.01237120383256924,0.5337975256714702,0.2847867517287169,0.5336541499217606,2.7163214570858285,4.94858622754491,5.088673750723995,3.716545203093558,0.29168270162605053,2882.8125,0.008275830208494584,0.07108458402509527,0.06277025120538873,0.0004161532501484916,Inner Race Fault,0,0.021,209,37
0.012249853369433007,0.5238927960739093,0.27431360287056605,0.5237495612127671,3.7136731536926146,6.529892215568863,7.088612749637238,4.8229508540717925,0.34227138231858995,2882.8125,0.00867224781043061,0.06913711843011858,0.05915007949288548,0.0003476778027366472,Inner Race Fault,0,0.021,209,38
0.012189178137864898,0.5550114201430337,0.30788910042551043,0.5548775544437804,3.195505089820359,5.6364990019960075,5.7575483563866765,3.7198534016078524,0.30001996773624623,2882.8125,0.00869425046455154,0.07915337469127139,0.06605803808366714,0.0001874631417018478,Inner Race Fault,0,0.021,209,39
0.012188583282653442,0.5299695435139288,0.28071915548992377,0.5298293645032557,3.7879872255489024,6.778011876247505,7.14755644340031,6.038344016626825,0.35457598756417746,2882.8125,0.008752453301422441,0.0718868744817586,0.059656761937210374,0.00021210143382411787,Inner Race Fault,0,0.021,209,40
0.012105105267979668,0.5313527651922327,0.2821892275038831,0.5312148600179433,3.0903283433133732,5.517109181636727,5.815963604132849,4.510241729463838,0.30821391929300224,2882.8125,0.008752145995256757,0.0719943801165149,0.0603119348594826,0.00018270558261276732,Inner Race Fault,0,0.021,209,41
0.011598685197963445,0.5467185219592882,0.29876661275502725,0.5465954745101969,3.3185497005988025,5.86878123752495,6.069941967040072,4.739728626685609,0.3383505949996582,2882.8125,0.008742785045152326,0.07688335862799267,0.06369395840676212,0.00019773577138941284,Inner Race Fault,0,0.021,209,42
0.011733717330963074,0.5440496641839835,0.29585235697630224,0.5439231167879356,3.515908383233533,6.229387225548902,6.462476892632625,4.520802932096152,0.3346991132546267,2882.8125,0.008949063987380605,0.07933656993513785,0.05957936239177986,0.0001988624039056063,Inner Race Fault,0,0.021,209,43
0.01181818677098927,0.5375123773739015,0.28877988629158946,0.5373824395080188,3.556923253493014,6.336594411177645,6.6173792515642225,5.337105117792317,0.33573996546647356,2882.8125,0.009055315641504226,0.0765448348453012,0.05873803643815618,0.000191426327517301,Inner Race Fault,0,0.021,209,44
0.01164984274614832,0.5335950634299782,0.2845879728808325,0.5334678742725119,2.9969281437125748,5.422490718562874,5.616484014016466,4.332987206331378,0.3164546165412771,2882.8125,0.008795830501277257,0.072995954386458,0.060335221505743615,0.0003028955576128513,Inner Race Fault,0,0.021,209,45
0.010736541711498876,0.5173713807636651,0.26755787230537853,0.517259965883093,3.2994635728542914,5.990201497005988,6.377360046441154,3.5383480735831965,0.2562834942955981,2882.8125,0.008779470138195867,0.06560628043776269,0.05929717460220288,0.0002113902035130675,Inner Race Fault,0,0.021,209,46
0.011196166504880867,0.55963453883148,0.3130654629087183,0.5595225311895119,3.288905289421158,5.79690369261477,5.8768804661134935,4.075655314924479,0.32376772616953686,2882.8125,0.009282714884815406,0.08092422280708612,0.06623077565510886,0.00022039438172269133,Inner Race Fault,0,0.021,209,47
0.011192795658682635,0.5306374430213227,0.2814508172615504,0.5305193844352442,3.0947953093812375,5.553250998003993,5.832221887246051,3.5519608489231222,0.25542272027980406,2882.8125,0.008597785546468673,0.06962603650217776,0.0624599154028971,0.00016696212274895617,Inner Race Fault,0,0.021,209,48
0.010975871791573107,0.5257581248423547,0.27630113607616397,0.5256435446918034,3.1467745508982037,5.942283133732535,5.985213356125964,3.7447862394187768,0.25999542201820547,2882.8125,0.008714350991315362,0.06733940509888083,0.06207296300198512,0.00014432154617091496,Inner Race Fault,0,0.021,209,49
0.00967274230835205,0.5199178799322872,0.27022103992952057,0.519827894528103,2.7488084830339323,4.903104391217565,5.287005100482273,3.2674998370626485,0.23575670828678372,2882.8125,0.008690582959186512,0.07011345514034677,0.056234874917125574,0.00016517161228492513,Inner Race Fault,0,0.021,209,50
0.01107045377019399,0.5219676877625327,0.2723277121214869,0.5218502774948834,3.3079914171656686,5.964211876247505,6.337540607821355,4.809241505462924,0.27905132493236434,2882.8125,0.008551312737347898,0.06911373043190112,0.05845704708046356,0.00016433394385364673,Inner Race Fault,0,0.021,209,51
0.010411949051116514,0.5145225537992956,0.2646250496851059,0.5144171941966034,3.189819860279441,5.7644166666666665,6.199572471071351,4.130636892733306,0.2863094994406887,2882.8125,0.00834693668058477,0.06711048576466183,0.05682412206269137,0.00013938909817918453,Inner Race Fault,0,0.021,209,52
0.009981472163095686,0.5112637439348485,0.26129098607573575,0.5111662998239768,2.823528642714571,5.090310878243513,5.522645945874816,2.9202288726989103,0.28123038037308273,2882.8125,0.007780600640163847,0.06393636119914052,0.05888454075115088,0.00014362110917066169,Inner Race Fault,0,0.021,209,53
0.00984009490784057,0.5135420944970153,0.26362865535258606,0.5134478117127251,2.929111477045908,5.357110578842315,5.703741734968782,4.136547226161998,0.29560557031789714,2882.8125,0.007937225983982377,0.06651001660556771,0.05731200020803114,0.00015191324678705078,Inner Race Fault,0,0.021,209,54
0.009363615883467437,0.5182473801436329,0.2684926697233261,0.5181627830357233,2.706575349301397,4.97051497005988,5.2225548126287995,3.6107967012173736,0.24521557114577786,2882.8125,0.008005033467183911,0.06714089662663986,0.05903812839688091,0.00014997042100459306,Inner Race Fault,0,0.021,209,55
0.0094137820062999,0.48820708204126245,0.2382575356635818,0.4881163136626165,2.5331758483033933,4.4759,5.188732284898099,3.211435827825934,0.2573671790147028,2882.8125,0.008280230803111733,0.05876569203381253,0.05199158275150725,0.00017993098389501453,Inner Race Fault,0,0.021,209,56
0.009448680178705086,0.5453039262992148,0.29726709448022,0.5452220597886883,3.3689045908183632,6.071825149700599,6.178031054501899,4.482806591552493,0.3111054069805867,2882.8125,0.008148734025733935,0.07575521633565002,0.06460015906619153,0.000218735502773014,Inner Race Fault,0,0.021,209,57
0.009282715574709955,0.5132848536523646,0.2633751721804884,0.5132009082031017,2.5624141716566866,4.6582334331337325,4.992187385665869,3.059747176612105,0.29209289847123165,2882.8125,0.008141397413619805,0.06758765380631873,0.05586660372471684,0.00017811493633097033,Inner Race Fault,0,0.021,209,58
0.002940567595278192,0.4339990530783346,0.1883465311351087,0.4339890910323769,2.213990818363273,4.146968862275449,5.101372463049267,3.5836626130326232,0.21907651654504845,2847.65625,0.004683818185396595,0.054606090228229515,0.034802082040343324,8.99222106010418e-05,Inner Race Fault,1,0.021,210,0
0.0025071164312000993,0.4580772269865026,0.20982846025084423,0.45807036604744933,2.563226347305389,4.782090219560878,5.59562055544166,4.568542850216345,0.2509429117744507,3064.453125,0.005064219496569244,0.061462970417479064,0.038278746119050876,0.00011458161430288728,Inner Race Fault,1,0.021,210,1
0.002901505436392835,0.44378424833473484,0.1969360403362282,0.44377476306819,2.3955120758483033,4.372347604790419,5.397920464363645,3.9112025646411173,0.1252014739710716,2847.65625,0.004046814334350143,0.059876954679142225,0.03443814887110778,0.00011452519515217464,Inner Race Fault,1,0.021,210,2
0.002811484014393087,0.4347431112968083,0.18899366837766585,0.4347340202671811,2.4365269461077843,4.661076047904191,5.604521113261105,4.261488321429565,0.16151456689265867,2906.25,0.0035762694068998298,0.05570145223307785,0.035130044838362906,9.697451991399278e-05,Inner Race Fault,1,0.021,210,3
0.0024958141821825076,0.45190568528718594,0.20421251930644913,0.45189879321198584,2.5518558882235527,4.868586926147705,5.646877150044813,3.8901539292995944,0.2183040365362036,2847.65625,0.004318462271802175,0.06109984509437019,0.0365637138871919,0.0001304711400720322,Inner Race Fault,1,0.021,210,4
0.0034648333216379767,0.4372586685150748,0.1911831381216293,0.4372449406472639,2.6854587824351297,4.977012375249501,6.141579288879316,4.848576862905751,0.19916173488305727,2847.65625,0.004585188528011776,0.05815355901337558,0.0327361284285693,0.00012870801489533247,Inner Race Fault,1,0.021,210,5
0.0024975987478168676,0.4340889122575576,0.18842694574544444,0.43408172703471914,2.6545961077844313,4.94858622754491,6.115328064885892,5.2237688327104514,0.18493220157615983,2906.25,0.004305735703850201,0.054813422755136613,0.03499257160913017,0.00010799258103663949,Inner Race Fault,1,0.021,210,6
0.0025703693686845086,0.4454868807866021,0.19845195415428474,0.4454794654687068,3.2255555888223553,6.018627644710579,7.240517572878799,6.666030604858147,0.2885733108951726,2847.65625,0.004585980235696341,0.05720370322595052,0.037334565061802584,0.00010833535287587759,Inner Race Fault,1,0.021,210,7
0.0029163768166791384,0.4495582001004558,0.20209407002382457,0.4495487404318074,2.611956886227545,4.767064970059881,5.810052815506182,4.789820541545345,0.2565887357351505,2847.65625,0.004528925093687432,0.05991730619786378,0.03649533181819662,0.00011397748812968432,Inner Race Fault,1,0.021,210,8
0.0025862321743232277,0.42014973133719025,0.17651910814585364,0.4201417714841666,2.142925449101796,3.999558982035928,5.100385146699037,3.381958549046927,0.26426684116353333,2847.65625,0.004053442140652221,0.050870447524787824,0.03323769457039863,0.00010465985645524833,Inner Race Fault,1,0.021,210,9
0.0028053371772080856,0.4194674928464002,0.17594510763816698,0.41945811189934923,2.543734131736527,4.700060479041916,6.064198478111835,5.001711509618831,0.28921277920039573,3064.453125,0.004406554537406684,0.050810947090619625,0.03265029668331929,0.00011263236063678995,Inner Race Fault,1,0.021,210,10
0.002847770182291669,0.4633301731528635,0.21466673955885135,0.46332142143316807,2.8377417165668666,5.2137615768463075,6.1246641833331,4.571313480936108,0.2739069342548401,2847.65625,0.005278838963945955,0.06603037119075202,0.035868068890557915,0.0001642207419561483,Inner Race Fault,1,0.021,210,11
0.001516087648920908,0.4403908664134772,0.1939418166986539,0.44038825676742777,2.367492015968064,4.267170858283434,5.375888095156944,3.8584690126626633,0.22340422724861211,3064.453125,0.004905361652408966,0.056774333272809854,0.03511804403863823,0.00017549640448291895,Inner Race Fault,1,0.021,210,12
0.003284790477638475,0.4316743699768667,0.1863319718464428,0.43166187212498025,2.5823124750499002,4.923814870259481,5.982084308568715,4.675290651536592,0.26068707883438036,2847.65625,0.003884179141662512,0.054238076503263406,0.03492794689990641,0.00012658763135041365,Inner Race Fault,1,0.021,210,13
0.0024470360548434376,0.4316384911698684,0.18630579907394687,0.4316315547709028,2.3597763473053894,4.286663073852296,5.467020193008494,3.1966291881464013,0.3000569553707913,2847.65625,0.004440759249429016,0.05415375304123577,0.034421753213099295,0.00014265994619019708,Inner Race Fault,1,0.021,210,14
0.0023346084198789903,0.42984362470074006,0.1847600912993965,0.4298372846780471,2.462922654690619,4.551838423153693,5.7298108269148385,3.620015726645459,0.2651787364018722,2847.65625,0.004517822968601221,0.05515129376833364,0.03260043151734854,0.00011594867541994935,Inner Race Fault,1,0.021,210,15
0.0028596672865207097,0.4286816502275776,0.18375977954484957,0.4286721119280441,2.3065788423153695,4.201790718562874,5.380633486623133,3.991993481637854,0.3283533229930397,2847.65625,0.0044865362619554445,0.055795879705350125,0.031500713978307754,0.00010493773642723099,Inner Race Fault,1,0.021,210,16
0.002730385420565118,0.4315174651160203,0.18619986769561092,0.4315088269034724,2.418252994011976,4.467372155688622,5.60406748162972,4.772484919091036,0.22828839254474048,3064.453125,0.004417033208520721,0.05311190661765232,0.03545892530089053,0.00011953052208981946,Inner Race Fault,1,0.021,210,17
0.002741687669582709,0.43946956590127334,0.1931259825021761,0.43946101363167145,2.690331836327345,4.98919500998004,6.121770527635871,4.73785225678989,0.27342315834443465,3064.453125,0.0045506571582869205,0.05447200599114109,0.0374305769299156,0.00011727976953660267,Inner Race Fault,1,0.021,210,18
0.0032915321700349278,0.4275425200486866,0.18278177226555523,0.42752984956088763,2.1477985029940116,3.956107584830339,5.023590408620481,3.460396782109904,0.29058602176725634,2847.65625,0.004430842626003439,0.054095798579768525,0.032751242889366775,0.00012387355084709985,Inner Race Fault,1,0.021,210,19
0.002819811987353418,0.47192956563489963,0.22270956358070104,0.4719211412733075,3.6860591816367263,6.970091417165668,7.810612960172925,7.355675135059055,0.35367883786688187,2847.65625,0.004682453968834352,0.067244037953191,0.039315847801879696,0.00012040922348313031,Inner Race Fault,1,0.021,210,20
0.0026007069844685613,0.44618484793363183,0.19907415484873905,0.4461772684132833,2.5006888223552894,4.59163502994012,5.604602742420461,4.154085564324123,0.24218844424003433,2847.65625,0.005118379470188995,0.05797450574066102,0.03634076745451431,0.00011018885486451954,Inner Race Fault,1,0.021,210,21
0.0027460499411333587,0.4122020240576345,0.16990296784693154,0.4121928769968394,2.289523153692615,4.1766132734530945,5.554371449113728,4.7268166394797575,0.3088604838631472,2906.25,0.004524530079350366,0.049075826542441574,0.03125959913103289,9.907055768053089e-05,Inner Race Fault,1,0.021,210,22
0.0027926469326971055,0.4187177727853068,0.17531677436939708,0.41870845987321187,2.4373391217564873,4.486458283433134,5.82095931955152,4.543004938504093,0.2583855365134951,3064.453125,0.003876237913318079,0.0492621081991162,0.03442516891891447,0.00010267107183785876,Inner Race Fault,1,0.021,210,23
0.002610026382781307,0.42646055263029536,0.1818617907120181,0.4264525656060919,2.464547005988024,4.467778243512974,5.779073798941901,4.613080779481827,0.26812376071238125,2906.25,0.004024858032335412,0.053316426492311636,0.03350024414460586,9.617917549415309e-05,Inner Race Fault,1,0.021,210,24
0.0027607230363491772,0.4454099041304496,0.19838236110581287,0.4454013483430566,2.4734809381237524,4.664324750499002,5.553268832116788,3.508269045483943,0.29586324197414177,2847.65625,0.004483730357168652,0.05890400060790381,0.03571492851081802,9.614301643832052e-05,Inner Race Fault,1,0.021,210,25
0.0028856426307541172,0.42143694415236893,0.17760077096309448,0.4214270648203488,2.7536815369261474,5.020057684630737,6.534029764439835,5.882421467604008,0.34780391424561,2847.65625,0.004483726837648527,0.05216047737315161,0.032057384136713184,0.00010712431844554508,Inner Race Fault,1,0.021,210,26
0.0033650959311845026,0.43069427473421645,0.18548623441820666,0.43068112846769435,2.3488119760479043,4.286663073852296,5.453548175204715,4.138161413443284,0.2677270907093388,2847.65625,0.004696903648624063,0.054925971225231233,0.03300187232503557,0.0001297085898081732,Inner Race Fault,1,0.021,210,27
0.002510288992327844,0.43945178617426495,0.1931115708209269,0.43944461632943793,2.290741417165669,4.24118123752495,5.21272523911707,3.885069770911982,0.3241787518402561,2906.25,0.004503780748294561,0.05510443520488425,0.03683073883099967,0.00012317126014314923,Inner Race Fault,1,0.021,210,28
0.002735144262256735,0.42714822026278976,0.18244812105953334,0.42713946324301777,2.514495808383234,4.601381137724551,5.886705572216286,5.008097997287573,0.31111590921076576,2847.65625,0.004004687856325051,0.05490963237745344,0.032224099221967416,9.312879280025872e-05,Inner Race Fault,1,0.021,210,29
0.0029387830296438403,0.43926468947792546,0.19294483097644294,0.43925485879662496,2.618454291417166,4.940464471057885,5.960994257310436,5.0335267887272455,0.2878849278340791,2847.65625,0.004539964963832075,0.05711803503440302,0.034739906451828687,8.314556187754778e-05,Inner Race Fault,1,0.021,210,30
0.003152732620696109,0.44271766690307524,0.19598899286512467,0.4427064409573512,3.2385503992015967,5.9447196606786425,7.315159618219204,6.484086333903502,0.33764266599444015,2906.25,0.00493600864295939,0.05587466627747269,0.037097447276350365,9.631762750253148e-05,Inner Race Fault,1,0.021,210,31
0.0033290080483564096,0.45630818981590004,0.20820608179847744,0.4562960462227099,2.7252553892215565,5.061478642714571,5.9724007809745325,4.2962684586542235,0.23409706479149653,2847.65625,0.004475554333942797,0.060141809594086035,0.03939427190218589,0.00010248796565111371,Inner Race Fault,1,0.021,210,32
0.0023197370395926916,0.4500562591949447,0.20254525526061434,0.4500502808138379,2.399166866267465,4.507574850299401,5.330815464180114,3.7874674174672283,0.22798921955574825,3064.453125,0.0041059203683378575,0.057253838648651294,0.03971031100133162,0.00020811939365050492,Inner Race Fault,1,0.021,210,33
0.00394845060854853,0.45910759286980196,0.21076419156849568,0.4590906136793647,2.6330734530938127,5.087468263473054,5.735199099267619,5.107343751687729,0.34682628041094704,2847.65625,0.004315807938152054,0.05807301169154725,0.04274097072662848,0.0002681446939497385,Inner Race Fault,1,0.021,210,34
0.003860412037253615,0.4521821367160187,0.20445378198396683,0.4521656576786508,2.5315514970059882,4.600162874251497,5.598521682858657,3.525755343594353,0.2789909910351211,2847.65625,0.004630793030195503,0.0586865122961225,0.0388206477729587,0.0001038615700065222,Inner Race Fault,1,0.021,210,35
0.0029873628719124254,0.43042562596425793,0.18525729514979478,0.43041525896486843,2.4832270459081838,4.624934231536926,5.7692360680086185,4.6763444279241515,0.2609846830558691,3064.453125,0.004371387385846654,0.05298613969960321,0.035176248019794826,0.00010379680783932234,Inner Race Fault,1,0.021,210,36
0.0031614571637974057,0.45782161213524214,0.20959063372671358,0.4578106963873972,2.278964870259481,4.246460379241517,4.977844666682679,3.6294529058905747,0.20924792533569916,2847.65625,0.0044150625354390394,0.05948334558016707,0.040803277093017926,0.00010364231881187333,Inner Race Fault,1,0.021,210,37
0.0037803048687780677,0.44896639532625515,0.20155653342735028,0.44895047992774245,2.332568463073852,4.321586626746507,5.195418827234986,3.8161566970364706,0.22667701954027641,2847.65625,0.004416474575484698,0.05828269082376676,0.03797344380520661,0.00011997581905349758,Inner Race Fault,1,0.021,210,38
0.003406339225845186,0.4306460437649815,0.18544441186350885,0.4306325717633408,2.3914511976047903,4.420265968063872,5.553171176721382,3.7269998964131696,0.2385859660128856,2847.65625,0.004289882875488345,0.0533267020585418,0.03499613552934816,0.00012114350652430805,Inner Race Fault,1,0.021,210,39
0.0032861784731318573,0.42758266917430476,0.18281614000926566,0.4275700410567439,2.5786576846307385,4.827978143712574,6.030781578706934,5.625667957650949,0.29955343349600844,2847.65625,0.0043603797640287085,0.051388877884293124,0.03556740011479609,0.00010221606629480522,Inner Race Fault,1,0.021,210,40
0.003144404647735775,0.450841802068073,0.20324844321139884,0.4508308365799736,3.036724750499002,5.626346806387225,6.735676985960774,4.620561517673492,0.23396758981885551,2847.65625,0.005044056888505537,0.05734516073499326,0.039094219977475426,0.00015073798584440193,Inner Race Fault,1,0.021,210,41
0.004336494491485779,0.43563537534960073,0.1897593750715128,0.43561379118608357,2.3203858283433134,4.311434431137725,5.3264403206034086,3.535441668293136,0.2446366340495947,3064.453125,0.004781571417443415,0.05378180266461451,0.03622136494991684,0.0001137724144569421,Inner Race Fault,1,0.021,210,42
0.0038019179414608287,0.43479311095139345,0.18903059475075717,0.43477648826811827,2.2074934131736526,4.276510878243513,5.07711221169839,3.9960013861756902,0.21921376797817854,3064.453125,0.0038190547109895143,0.05271483186262273,0.03791744909560234,7.84230368425855e-05,Inner Race Fault,1,0.021,210,43
0.0037898225521613015,0.4529697743513749,0.20516725372095865,0.4529539200856514,2.784544211576846,5.380663672654691,6.147306882813855,5.258883223977888,0.2319259447889945,3064.453125,0.003931048722719074,0.057826424605930155,0.04073768674518159,0.00010283172153506377,Inner Race Fault,1,0.021,210,44
0.003397416397673399,0.4468749511375849,0.19968567951603972,0.4468620363334076,2.796726846307385,5.206858083832335,6.258410410312576,4.934484652939387,0.24040179870760822,2847.65625,0.004467793832397225,0.05738503502852195,0.037912883877144365,8.86718388566133e-05,Inner Race Fault,1,0.021,210,45
0.0038966982051521896,0.44061426899345574,0.19412574978373534,0.44059703787444526,2.63550998003992,5.18005628742515,5.981444917933569,6.258107242797582,0.17269379144040684,2847.65625,0.00419756338975346,0.05702946218946625,0.03576373451666664,8.730177330309214e-05,Inner Race Fault,1,0.021,210,46
0.003708525673262849,0.4296550418070854,0.1845897017875791,0.42963903661978753,2.6952048902195607,5.004626347305389,6.272950688263317,6.534314258937455,0.25817248195614945,2847.65625,0.00431848166429746,0.05262972661313751,0.035251810559575575,0.0001085872958756879,Inner Race Fault,1,0.021,210,47
0.0034333059954310113,0.46067613660675716,0.21221071524886934,0.4606633426363219,2.5518558882235527,4.672446506986027,5.539370688961626,4.207270467975891,0.20278597114906907,2847.65625,0.004558359714481392,0.06378468015176995,0.0376684585336581,0.00010564864331402099,Inner Race Fault,1,0.021,210,48
0.004155261937063375,0.4613244869891999,0.21280301609408292,0.46130577288180874,2.3756137724550896,4.490113073852295,5.149550564634791,3.4691926802087503,0.19187186088706068,2906.25,0.0044549753526905616,0.06048666104910896,0.04135982090848956,0.00011736477940607065,Inner Race Fault,1,0.021,210,49
0.002965749799229667,0.43538076580374424,0.18954761555998317,0.4353706645606513,2.706575349301397,4.991225449101796,6.216570785585496,4.719293007993285,0.23440940872429972,3064.453125,0.004705865220863959,0.05383909030368875,0.036096225810089054,0.00014153791216332915,Inner Race Fault,1,0.021,210,50
0.003304222414545908,0.4606782916635386,0.21221357052427153,0.4606664417170753,2.592870758483034,4.809298103792416,5.628376256063669,4.83948768550804,0.2565522872106129,2847.65625,0.004713711440585342,0.06320729120268025,0.03806713636296741,0.0001295876696496215,Inner Race Fault,1,0.021,210,51
0.0032760659345371776,0.4673674993198469,0.2184216468124797,0.4673560171993934,3.1337797405189622,5.816395908183633,6.7051725784944525,6.743445370688603,0.2699967574803544,2847.65625,0.00445051362279053,0.06518197865411578,0.03947005830132169,0.000119013690695589,Inner Race Fault,1,0.021,210,52
0.0027849138149482304,0.4446601240938429,0.1977148702141951,0.4446514030273548,3.048907385229541,5.675077345309381,6.856714195910418,7.050446533966253,0.25413356730451037,2847.65625,0.003821882705931149,0.060108988645500176,0.03483482498903564,9.949454148783614e-05,Inner Race Fault,1,0.021,210,53
0.0030446672572823127,0.4389385695665028,0.1926577978543801,0.43892800987676794,2.806066866267465,5.245436427145709,6.392846427322953,4.898123436396195,0.28483263226590166,2906.25,0.0042646513263293806,0.057390572626476066,0.03458674311362869,9.620531072669128e-05,Inner Race Fault,1,0.021,210,54
0.0027412910994417403,0.45094542804467175,0.20334426439750036,0.4509370958321131,2.495003592814371,4.72645618762475,5.532828226317465,3.8565270334724504,0.2383253909262955,2906.25,0.004641434792526368,0.058819444748894674,0.03809716116029692,0.0001216214320731395,Inner Race Fault,1,0.021,210,55
0.0037838740000467825,0.47516830440461993,0.22577059980831332,0.4751532382382691,2.462922654690619,4.627370758483034,5.183263765407566,3.61413133674478,0.23743600917953286,2906.25,0.004514289128980246,0.06637568579016533,0.041878072785612945,0.00013158586062382758,Inner Race Fault,1,0.021,210,56
0.0026960821033713825,0.4375103780955471,0.19140806208260044,0.43750207094664184,2.6456621756487024,5.128889221556886,6.047084384980969,5.022726002419315,0.27318062486555367,2847.65625,0.0042588068494211675,0.0584562741751036,0.03290339249759349,9.282655530791133e-05,Inner Race Fault,1,0.021,210,57
0.002588413310098553,0.46415405771911084,0.2154322894136518,0.4641468403572859,2.7752041916167665,5.156909281437126,5.979058343805796,4.767976271621643,0.290966689790821,2847.65625,0.00416908995009623,0.06634436950552089,0.0370698778900839,0.0001395730788878176,Inner Race Fault,1,0.021,210,58
0.0037487775425711104,0.508356699165622,0.258412480253503,0.5083428766624973,2.5400793413173655,4.814577245508982,4.996647718986409,3.666538782224114,0.2605935598799138,2812.5,0.005028184985222727,0.0886656312458536,0.03541173463946324,0.00011475915595238334,Inner Race Fault,2,0.021,211,0
0.003247909454528444,0.48397623725203587,0.23422244930881408,0.48396533895395244,2.567287225548902,4.890515668662674,5.304572885903816,4.281545356522972,0.2906300811395446,2812.5,0.00452114517861284,0.079534460677868,0.03299038451238693,7.578439101695332e-05,Inner Race Fault,2,0.021,211,1
0.0036510230028224803,0.4691201365864695,0.2200603725819407,0.46910592895628667,2.3549032934131735,4.563208882235529,5.019829910838013,4.6846366886784025,0.2457749974523141,2812.5,0.00428041770822577,0.07621019115381215,0.029460404382626485,9.250394097145969e-05,Inner Race Fault,2,0.021,211,2
0.0038564463358439394,0.5086082441210334,0.2586674738095395,0.5085936234456145,3.335605389221557,6.186341916167665,6.558299885575161,6.752508499531826,0.3453734405466215,2812.5,0.0046049428650112795,0.08937627876865871,0.035272395987643826,9.499290553594179e-05,Inner Race Fault,2,0.021,211,3
0.00402360065026198,0.47865703380661445,0.22909636665035366,0.4786401222738788,2.979466367265469,5.558124051896208,6.224637176164895,5.786752959238731,0.3114756768461655,2812.5,0.0042838618995297345,0.07935390314970933,0.03083449287315771,9.211948497499546e-05,Inner Race Fault,2,0.021,211,4
0.0040775341894336336,0.4823713695000115,0.23266551182825063,0.4823541352867731,3.2336773453093812,6.05964251497006,6.70370911246486,7.095695962341155,0.3184406941052555,2812.5,0.005085360986719242,0.08071522550332683,0.03045166445157623,9.713148686557214e-05,Inner Race Fault,2,0.021,211,5
0.003970658536442742,0.4931030196189688,0.2431348218281321,0.4930870327113988,2.678555289421158,5.086656087824352,5.43203992441769,5.130656928124148,0.2948298391640101,2812.5,0.004634717239213688,0.08105211785745715,0.0358190254138951,7.731740792851901e-05,Inner Race Fault,2,0.021,211,6
0.00384236809583957,0.4845403374281987,0.23476457480244872,0.4845251023450165,3.011547305389221,5.564215369261476,6.21526645515965,5.039756664312847,0.3010404652352282,2812.5,0.005033234662346975,0.0809855558785753,0.031278265547176796,9.999912201626617e-05,Inner Race Fault,2,0.021,211,7
0.003754527809615145,0.45409033241895286,0.20618393351728193,0.45407481048532294,2.3614006986027944,4.304937025948104,5.200288422842085,4.235580064107967,0.2746755678679514,2812.5,0.004626462287074955,0.0709312641739504,0.027462683362610547,8.565503332796423e-05,Inner Race Fault,2,0.021,211,8
0.004062067953935879,0.4751315986007455,0.22573353559283754,0.4751142342561813,2.7707372255489022,5.329902694610778,5.831515381651476,4.5423449167912935,0.27659765283843624,2812.5,0.004343696246604911,0.07559045818397624,0.032861638659732094,8.74752614016462e-05,Inner Race Fault,2,0.021,211,9
0.003506671471510103,0.4865176873430941,0.23668716335286358,0.4865050496684115,2.788199001996008,5.208076347305389,5.7309303947869825,4.375735554007146,0.2992187740425173,2812.5,0.004783246306466118,0.0804366437982886,0.033039151084943534,9.68373943345336e-05,Inner Race Fault,2,0.021,211,10
0.0037539329544036926,0.467934194338655,0.21894831821874003,0.46791913641006394,2.5538863273453094,4.782496307385229,5.457789488872022,4.8931592297150726,0.26706021721600737,2812.5,0.004598741730688311,0.07298667279343934,0.03180707012937895,9.576647352214229e-05,Inner Race Fault,2,0.021,211,11
0.004000401297015349,0.475283973151137,0.22587885192379353,0.4752671374330373,2.983527245508982,5.516297005988024,6.277357146566861,5.241413346290127,0.2657354873173823,2812.5,0.0049449028862494585,0.07700593985598629,0.030906209544859564,9.837688693091784e-05,Inner Race Fault,2,0.021,211,12
0.003552871892932882,0.47116463208968146,0.22198348763351727,0.4711512364766936,2.5660689620758483,4.754070159680639,5.446225771860191,4.499310942429858,0.27452785504040667,2812.5,0.0044617923196334525,0.0771923748209773,0.02926366150821609,8.653993150187144e-05,Inner Race Fault,2,0.021,211,13
0.003788831126808887,0.4714539631617947,0.22225448413965537,0.4714387384800441,2.733377145708583,5.111833532934131,5.797760458682443,4.8842405910767575,0.23041560112424453,2812.5,0.004867830994478578,0.07516235403296248,0.03101068418351567,0.00010072928983128227,Inner Race Fault,2,0.021,211,14
0.004047791428861028,0.49001140202760785,0.2400947895016104,0.4899946831360626,2.7906355289421154,5.315689620758482,5.695042028399347,4.828372556597319,0.21150503262221496,2812.5,0.004562206456075541,0.0824441237782911,0.0329567685064556,0.0001006848214200738,Inner Race Fault,2,0.021,211,15
0.004401928564745507,0.4593056665226311,0.21094231832470928,0.45928457226942565,2.4941914171656685,4.708182235528941,5.43035193980733,4.350990801597884,0.24592801290343516,2812.5,0.004778528102179552,0.07101976440353387,0.0296095109201395,8.273376968908616e-05,Inner Race Fault,2,0.021,211,16
0.004633327242000368,0.48616006077340257,0.23633013696986702,0.48613798141049114,2.9802785429141716,5.739239221556886,6.130241423314427,5.145710799193983,0.21402896489434703,2812.5,0.004572333561532661,0.07929663896807854,0.03423629692425011,8.126773000044156e-05,Inner Race Fault,2,0.021,211,17
0.003947657468266592,0.4398621356369453,0.19346311436760777,0.4398444206393981,2.4966279441117765,4.797927644710579,5.675932847678552,4.947989771650479,0.2876345736390572,2812.5,0.00448912340016402,0.06453475115261392,0.027650226546987455,7.30492003637116e-05,Inner Race Fault,2,0.021,211,18
0.00439360059178518,0.4573413574034822,0.20914181346549948,0.45732025262992615,2.5896220558882233,4.793866766467065,5.662339550025803,4.142191829568774,0.19958037922148583,2812.5,0.004539281993191056,0.06889707009105665,0.03107747010976099,7.6396468701336e-05,Inner Race Fault,2,0.021,211,19
0.004291880350626875,0.4558926694573265,0.20781970582798306,0.45587246662633957,2.819873852295409,5.203203293413173,6.1853897665256525,6.208468158026719,0.19473163176279948,2812.5,0.004126453958363691,0.06909259707721303,0.030629738455521936,7.948514650986225e-05,Inner Race Fault,2,0.021,211,20
0.003959951142636597,0.4636891584123809,0.21499195441613,0.4636722489174115,2.5079984031936124,4.6009750499002,5.4087924155499225,4.367577144771113,0.2380706880615446,2812.5,0.005057050183830819,0.07109589909008464,0.03126207648297554,9.663755920837778e-05,Inner Race Fault,2,0.021,211,21
0.0032520734410086075,0.4733067867773955,0.22400873842787722,0.47329561420731253,2.937639321357285,5.379851497005988,6.206628350628128,4.366359831295523,0.2236344391162525,2812.5,0.004439158047787068,0.0732411154105985,0.03426265207272829,7.201967488979808e-05,Inner Race Fault,2,0.021,211,22
0.0045135630594280145,0.49403404395653516,0.24404926433655627,0.49401342525943187,2.3752076846307384,4.552244510978044,4.80778139419013,4.326355695715419,0.15383183536273187,2812.5,0.004633018968889456,0.08249387901027855,0.034810697867852985,0.00010742169457076446,Inner Race Fault,2,0.021,211,23
0.004185797837917914,0.4909830839022263,0.2410468677746006,0.49096524090265353,2.602616866267465,5.08625,5.300827974728651,4.58530969679929,0.2230587970550907,2812.5,0.004270030269007644,0.0802435178044391,0.03593443603602992,9.297833590563363e-05,Inner Race Fault,2,0.021,211,24
0.003466221317131361,0.4889225382218572,0.23903323369108415,0.48891025116178954,2.4093190618762472,4.806455489021955,4.927813454128343,4.38267857234644,0.1851800752328008,2812.5,0.004434292749339316,0.07974793573227333,0.03524498522128601,0.00010142668391850457,Inner Race Fault,2,0.021,211,25
0.0031465857835111053,0.4836304286612818,0.23388849052500216,0.4836201924289371,2.5372367265469062,4.828790319361278,5.2462305433719925,4.2138749562861655,0.18923121873469456,2812.5,0.004283797601659971,0.08008256706808392,0.03248664107113618,0.00010114414168119185,Inner Race Fault,2,0.021,211,26
0.0029970788403661415,0.5013604508187703,0.25135331916362524,0.5013514926312927,2.462922654690619,4.831226846307386,4.912478937396092,4.31758730781432,0.18853798566800348,2812.5,0.004695747833660174,0.08534877054446845,0.03547603114506866,0.0001651982588224611,Inner Race Fault,2,0.021,211,27
0.004338873912331584,0.46761137248602663,0.21864156985143846,0.46759124227410254,2.686270958083832,4.827978143712575,5.744665583735572,4.493664090335635,0.2451771809456333,2812.5,0.00477458006641388,0.07288809087611056,0.03157386597069689,0.00010307414159387605,Inner Race Fault,2,0.021,211,28
0.0033716393385104793,0.48626537503284506,0.23644264700400447,0.48625368585133055,2.7195701596806385,5.0269611776447105,5.592769502654685,5.139134098606123,0.2303045306490848,2812.5,0.004551852274155614,0.0784299425439209,0.035172016793502923,7.888720521922197e-05,Inner Race Fault,2,0.021,211,29
0.00305636607644087,0.490963783200338,0.24103609504079532,0.49095426980605367,2.629824750499002,4.981073253493014,5.3564536539875505,4.60722872066886,0.21948920647879477,2812.5,0.004523246403505594,0.08159137829912377,0.03430653886593868,0.00010624800101300422,Inner Race Fault,2,0.021,211,30
0.003458884769523454,0.5086971771352268,0.2587608541414994,0.508685417661544,2.9680959081836327,5.617412874251497,5.834700960793075,5.546378753214105,0.21762209309578817,2812.5,0.004300256537472472,0.08930764706398668,0.03569244639946693,9.204174001187148e-05,Inner Race Fault,2,0.021,211,31
0.002891392897798153,0.5040647912382713,0.2540729536131926,0.5040564984336504,2.8966244510978045,5.48056127744511,5.746531996376971,4.926447320724416,0.20801008800584145,2812.5,0.004695971930921872,0.08640165761776095,0.035860197945289614,8.701457868514226e-05,Inner Race Fault,2,0.021,211,32
0.002926291070203341,0.49365122199973627,0.2436829658024053,0.4936425486142836,2.915304491017964,5.377008882235529,5.905595613049088,5.498765984869175,0.2435916242891183,2812.5,0.00444800585146236,0.08303471863027509,0.034279702123456414,8.762119783413055e-05,Inner Race Fault,2,0.021,211,33
0.0032863767582023457,0.5271966695434882,0.27792552810554916,0.5271864263290067,2.7979451097804393,5.361983632734531,5.307213173791945,5.215366141170504,0.25144109715928886,2812.5,0.0047992400391739225,0.09585765644745242,0.03820493360999896,0.00011174193203440714,Inner Race Fault,2,0.021,211,34
0.003342491433149329,0.4850629719892865,0.2352749145460986,0.4850514555653849,2.4832270459081838,4.677725648702594,5.11939106735822,4.293505842185052,0.24531343115396317,2812.5,0.00454106477169715,0.07716955487386669,0.03583245535450844,0.0001055564725708249,Inner Race Fault,2,0.021,211,35
0.0037237936236901173,0.5678618008024833,0.32245315817168735,0.5678495911521706,3.623115568862276,6.747149201596807,6.380276968343725,5.792325133470047,0.24601405672657894,2812.5,0.004559189860618274,0.11144539843776247,0.045131366729611044,0.0001044929693245595,Inner Race Fault,2,0.021,211,36
0.0025937670070016235,0.4947243962557341,0.24474550062331396,0.49471759684017097,2.924238423153693,5.654366866267465,5.910843381255225,6.479211787759555,0.24502022103339363,2812.5,0.004496653820065144,0.08188999583084483,0.03589849687745223,9.436217612947043e-05,Inner Race Fault,2,0.021,211,37
0.002934222473022702,0.5124902630543716,0.26263766006401784,0.5124818631561685,2.745965868263473,5.158939720558882,5.358083979777281,3.892267782946999,0.223552686923865,2812.5,0.004467563277210429,0.09019295539559205,0.036545376744221904,0.00012161435003901609,Inner Race Fault,2,0.021,211,38
0.003344077713713198,0.5232843659887725,0.27381534483251624,0.5232736806227849,3.401391616766467,6.441365069860279,6.500082627806707,6.450813618647949,0.30834341550548544,2812.5,0.00459993981846719,0.09342437752744573,0.038792424354655276,0.00010212489632475093,Inner Race Fault,2,0.021,211,39
0.0034848601137568635,0.48648724057084386,0.23665769098822165,0.48647475883977953,2.5209932135728543,5.0155907185628745,5.182033573202705,4.1885703948811726,0.20353367559048072,2812.5,0.004205392700675456,0.08146931163129857,0.03259486991636266,7.141702602270577e-05,Inner Race Fault,2,0.021,211,40
0.0028410284898952123,0.5043607598217792,0.25437170460512204,0.5043527581020273,2.6529717564870263,4.916505289421158,5.260067728949571,4.321781930777025,0.2554839361527543,2812.5,0.004419155835399078,0.08787081416666472,0.034661450189292446,0.000242736726044464,Inner Race Fault,2,0.021,211,41
0.0017740565256206303,0.49686042144299936,0.24686713111995884,0.49685725426923055,2.8937818363273453,5.444013373253493,5.824134327147901,4.401515913566303,0.2222316675616798,2812.5,0.0044708567267538815,0.08226296725726746,0.0364521252328836,0.000251055158908378,Inner Race Fault,2,0.021,211,42
0.0038062802130114782,0.4890222846110596,0.23912830707716026,0.4890074713919617,2.5449523952095805,4.747572754491017,5.204164463044235,4.280231583310541,0.2643091784659117,2812.5,0.004986474449159526,0.08226175932490164,0.03220502313076266,0.00012542437787286845,Inner Race Fault,2,0.021,211,43
0.003170578277039672,0.45597790286363843,0.20790579533331088,0.4559668796451239,2.6720578842315366,4.882393912175648,5.860060032406052,5.1226902037338675,0.30640730794741616,2812.5,0.004763320381834631,0.06915889578350315,0.02982032810845175,0.00022058955273789114,Inner Race Fault,2,0.021,211,44
0.0031085150499781666,0.5249534573309431,0.2755664694978943,0.5249442537049952,3.0627143712574854,5.779441916167665,5.834258882357789,4.815023738477407,0.2601493147929854,2812.5,0.004761650948954299,0.094119566020373,0.038805769669426976,0.00010591672967376014,Inner Race Fault,2,0.021,211,45
0.002767861298886602,0.46570442894301445,0.21687295408096935,0.4656962036359856,2.6866770459081835,5.022494211576847,5.769060543413763,4.981048438904889,0.31395012208298023,2812.5,0.0044192991551846635,0.07139641437249626,0.03253901577446235,8.942496654394353e-05,Inner Race Fault,2,0.021,211,46
0.0032280809474800392,0.5023586498353781,0.25235379255782064,0.5023482781475623,3.0131716566866267,5.793248902195609,5.998048720120648,5.798201211759634,0.32021834280576617,2812.5,0.0045042749518875765,0.08769415089521729,0.033904483816529246,8.441497395021568e-05,Inner Race Fault,2,0.021,211,47
0.0027874915208645195,0.49186918386256345,0.24192752392464534,0.49186128524681155,2.8665739520958082,5.570306686626747,5.827919386177235,5.642923835352779,0.2695000053700513,2812.5,0.0043733519487659436,0.0830627534791404,0.03344635830735775,8.906927028728527e-05,Inner Race Fault,2,0.021,211,48
0.002962775523172405,0.48396319650121333,0.23421159752887133,0.4839541275047371,2.872665269461078,5.143102295409182,5.9357101743042895,4.90266453598082,0.29420216483272876,2812.5,0.004627490606223681,0.07827696721197916,0.034132311125875066,7.780806368534512e-05,Inner Race Fault,2,0.021,211,49
0.0032270895221276187,0.4959664142518566,0.2459722699590604,0.49595591533830946,2.8714470059880237,5.370105389221557,5.789599705696754,5.014703136785043,0.25495316256446426,2812.5,0.004954308791995753,0.08297097134021168,0.03499473078682735,7.65460442177955e-05,Inner Race Fault,2,0.021,211,50
0.002695288963089449,0.4714601583899115,0.22226741636644584,0.4714524539828442,2.634291716566866,5.102493512974052,5.587517141561364,4.907245426832197,0.22896013659653,2812.5,0.004587851439562652,0.07680790840816179,0.029670605496305954,7.461713718708996e-05,Inner Race Fault,2,0.021,211,51
0.0030771860088416913,0.508175752722074,0.2582331265809135,0.5081664359055147,3.156520658682635,5.98126756487026,6.21147436054267,6.601062061963711,0.2675591929318143,2812.5,0.004645434065568993,0.08815818863212237,0.03624514727141549,7.727062430149495e-05,Inner Race Fault,2,0.021,211,52
0.002873745526525075,0.4930171331243568,0.24305763514080853,0.4930087576715129,2.8588582834331335,5.686853892215568,5.798699662455799,5.965417496811034,0.23309374708742917,2812.5,0.00441571689611241,0.08247412107104136,0.03456732689688723,7.992179759390342e-05,Inner Race Fault,2,0.021,211,53
0.0025416180334643206,0.4711588664643125,0.2219842176257078,0.47115201116593763,2.597337724550898,4.786151097804391,5.512658063811755,4.644740078216582,0.2790469622834274,2812.5,0.0045625771553492326,0.07345282480008486,0.03291047230224024,7.269483159722544e-05,Inner Race Fault,2,0.021,211,54
0.0028408302048247257,0.4669608158748262,0.21804433324623068,0.4669521744742503,2.9542889221556887,5.521576147704591,6.326631318349455,5.293487920883038,0.19179173242441983,2812.5,0.0048104220734120785,0.0726907338395537,0.031455784073132285,7.330694703406103e-05,Inner Race Fault,2,0.021,211,55
0.003197743331695981,0.49718151021618157,0.24717922853842764,0.49717122657936236,2.584749001996008,4.806861576846307,5.198803553398683,4.538604608015094,0.22250915350287703,2812.5,0.004610977260781154,0.08384876744289047,0.035048263506166424,9.18501566164373e-05,Inner Race Fault,2,0.021,211,56
0.002942153875842064,0.5048622261934489,0.25487721116757595,0.5048536532180152,3.0976379241516967,5.869187325349301,6.135610397131929,5.484778806492155,0.219063444338305,2812.5,0.004785640827595418,0.08858193466879877,0.03399789758637444,8.179524744734451e-05,Inner Race Fault,2,0.021,211,57
0.0018605088163516736,0.5190615406596746,0.2694214214989393,0.5190582062726099,2.919771457085828,5.498429141716567,5.625096888078232,4.467301011480611,0.1521408969974697,2812.5,0.004387376096267154,0.09214046270056335,0.038084393119349746,0.00010194971289799614,Inner Race Fault,2,0.021,211,58
0.00332107664553705,0.4625564094927282,0.2139474024127189,0.46254448695527534,2.7618032934131738,5.115894411177645,5.970738350468348,5.336468728873905,0.3331808863289031,2830.078125,0.004547548442821198,0.07611374036326414,0.026259968488408517,6.347357253010474e-05,Inner Race Fault,3,0.021,212,0
0.0034362802714882723,0.4453830180051198,0.19835422470524464,0.4453697617769359,2.9932733532934135,5.426145508982037,6.720672392720203,5.8898196316843965,0.3882747120779928,2830.078125,0.004771343846125496,0.06867494139780392,0.025681578935136718,6.105619691855296e-05,Inner Race Fault,3,0.021,212,1
0.0026280703241953604,0.4521064210314105,0.20439330918420212,0.45209878255111696,2.563632435129741,4.816607684630739,5.6704181048373785,4.255086101942003,0.3294684173252308,2830.078125,0.004735495494721313,0.07205045307523306,0.02534865745853192,6.895601205318169e-05,Inner Race Fault,3,0.021,212,2
0.003262384264673778,0.46643701360148654,0.217552844506383,0.4664256044712629,2.8824113772455093,5.14229011976048,6.179636892427619,5.274250542432512,0.40140999543350725,2830.078125,0.0047097657446890165,0.07578785435087332,0.02821220250683538,7.725057958666223e-05,Inner Race Fault,3,0.021,212,3
0.0027174968909836564,0.42542715595542435,0.18098088023496844,0.42541847660270754,2.32566497005988,4.302906586826348,5.466658480784805,4.3849153451045835,0.3556655939505682,2830.078125,0.00457356390329535,0.06436574580759422,0.02147050921100744,8.803166774725305e-05,Inner Race Fault,3,0.021,212,4
0.0031574914623877263,0.44370417551350577,0.19686342561578488,0.44369294068734616,2.381299001996008,4.529909680638722,5.366861826891968,5.259034710487484,0.3629246316496896,2830.078125,0.004401002975841175,0.06986519530514401,0.02410758844614181,6.78966836051817e-05,Inner Race Fault,3,0.021,212,5
0.003425374592611654,0.4480018225865855,0.20069389984980268,0.4479887273691188,2.8097216566866265,5.318126147704591,6.271674611644221,6.116745913356482,0.3299385868450548,2830.078125,0.004620527217094446,0.07289057176828707,0.0227307888265917,0.00011684569267518853,Inner Race Fault,3,0.021,212,6
0.0023383758362181878,0.43445805864715015,0.1887483367218991,0.43445176570236094,2.5213993013972056,4.636304690618763,5.803550541215735,4.620090672191473,0.34411917935570085,2830.078125,0.0044637788766759496,0.06669832033784118,0.02313357881384453,8.39680495393264e-05,Inner Race Fault,3,0.021,212,7
0.0035352245216598048,0.4361446116586526,0.19020962446645834,0.43613028382177077,2.5270845309381236,4.805237225548902,5.794143647281694,4.68315105561808,0.29468176951468866,2830.078125,0.004508972996285272,0.06355769908858998,0.026966670237382123,8.396778285723599e-05,Inner Race Fault,3,0.021,212,8
0.0026732793202657174,0.43667204236155804,0.19067532615789018,0.4366638594592987,2.733377145708583,4.875490419161677,6.2595652584632075,5.2668475798245495,0.38291542994725225,2830.078125,0.004914134438001086,0.06492403916810753,0.025418617830908766,8.80265240054837e-05,Inner Race Fault,3,0.021,212,9
0.003711301664249625,0.4375756965029191,0.19145871640997172,0.43755995750293664,2.843020858283433,5.15853363273453,6.497209239463478,5.918457713509957,0.30455282467301786,2771.484375,0.004621269970258071,0.06653271252269581,0.024505825809323645,8.335043542529586e-05,Inner Race Fault,3,0.021,212,10
0.0028323039467939137,0.4384591496526454,0.19223840396847383,0.4384500016746195,2.9648472055888226,5.469190818363273,6.76196906356641,7.794993064909331,0.3169404949740042,2830.078125,0.004568257979904712,0.06961969875620976,0.021846005296301665,9.330064858716785e-05,Inner Race Fault,3,0.021,212,11
0.0033196886500436625,0.44316621669550765,0.19638527528747643,0.4431537828874717,2.739062375249501,5.080564770459082,6.18066601663246,6.126746765366068,0.2866764230697852,2830.078125,0.004650816482700259,0.07222364900673395,0.021252046003807087,7.714652128898867e-05,Inner Race Fault,3,0.021,212,12
0.003113075606599302,0.4420943054712752,0.19543768369039682,0.4420833447330908,3.070836127744511,5.7741627744510975,6.94611102142784,7.56898432094769,0.27406034052359984,2830.078125,0.004441740595757015,0.07050563358749103,0.022664828256498692,0.00011633289104800464,Inner Race Fault,3,0.021,212,13
0.00332127493060753,0.43937855953384475,0.19304248771087168,0.4393660065490635,2.8584521956087823,5.35873493013972,6.505670642284946,6.144030629927885,0.2840370666124271,2830.078125,0.0046385846403114595,0.0691728646329108,0.0226381360450252,8.269227299776625e-05,Inner Race Fault,3,0.021,212,14
0.002909635124282688,0.44793232026415447,0.2006348975606726,0.4479228701022896,2.4296234530938126,4.546153193612774,5.424086057601327,4.121662899924367,0.16228769376289157,2830.078125,0.004431253801653179,0.07205024857505163,0.023754185840059696,9.022716298766812e-05,Inner Race Fault,3,0.021,212,15
0.003076987723771205,0.459566480242988,0.2111918819094764,0.45955617927460884,2.5843429141716565,4.871835628742515,5.62343648911302,5.092269447748238,0.25304772809177406,2830.078125,0.004771580400866369,0.0738573211540962,0.026890763393833103,8.57438748070287e-05,Inner Race Fault,3,0.021,212,16
0.0031287401271675374,0.4505016967931263,0.20294198979870257,0.45049083209173363,2.748402395209581,4.934373153692615,6.100759253014907,5.511284410106327,0.2564951136461951,2830.078125,0.004498146992861786,0.07422530899463167,0.02268048256666742,7.684669912937488e-05,Inner Race Fault,3,0.021,212,17
0.003192389634792914,0.4371487700476646,0.19108885580260565,0.437137113275235,3.003019461077844,5.468378642714571,6.869559442544947,5.967935248057655,0.23453600966153243,2830.078125,0.0046877187925036725,0.06790407250828294,0.022882727041277418,8.010130721279161e-05,Inner Race Fault,3,0.021,212,18
0.0027414893845122247,0.44868645556703135,0.20131201964526022,0.4486780801925365,2.884441816367265,5.2974156686626745,6.428635811442151,5.243692207155934,0.23926176550121622,2830.078125,0.004825690839367673,0.07243900812254607,0.02331295868007353,8.586898462204987e-05,Inner Race Fault,3,0.021,212,19
0.00319714847648453,0.43978639088681093,0.19340184785086617,0.43977476945689614,2.6684030938123753,4.750415369261477,6.067498106141146,5.113786566020773,0.2239889646132037,2830.078125,0.004584480954090355,0.06929592830837993,0.022735371339695876,9.536957329682038e-05,Inner Race Fault,3,0.021,212,20
0.0029262910702033437,0.4734857845445098,0.2241802249863024,0.4734767417585603,3.2259616766467065,6.023906786427146,6.813217591632789,4.942606373084355,0.24185170086620647,2830.078125,0.004127834722818293,0.08122510215311689,0.02663700757092818,0.00010873153781349706,Inner Race Fault,3,0.021,212,21
0.0028364679332740766,0.4464167687310339,0.19927988585392092,0.44640775738546584,2.5611959081836324,4.714679640718563,5.737230515475446,5.801649911863054,0.29063394827593103,2830.078125,0.004650155266546653,0.07166584918307024,0.023253724785730616,7.826050026936619e-05,Inner Race Fault,3,0.021,212,22
0.002868986684833459,0.4767214041245614,0.22725506606589563,0.4767127710329309,2.7410928143712576,5.0078750499002,5.749884084615266,3.668178480666495,0.22422927518765165,2830.078125,0.004407517740698268,0.08328929170087161,0.025843047019827297,9.590819135062192e-05,Inner Race Fault,3,0.021,212,23
0.002741885954653191,0.45293371596431553,0.20514143311865496,0.4529254167284664,2.5624141716566866,5.009905489021956,5.657371225282259,5.110965675072848,0.2874239194919343,2830.078125,0.005153214940106892,0.07244506363602153,0.02488944756439356,9.051068370023545e-05,Inner Race Fault,3,0.021,212,24
0.0031188258736433404,0.45246133889572865,0.2047115361204853,0.45245058970067137,2.1279001996007985,3.9719450099800397,4.702943691927634,3.154670471595182,0.2461170983350972,2830.078125,0.004852647851237881,0.07088643468749496,0.02654332695071139,8.308817923366041e-05,Inner Race Fault,3,0.021,212,25
0.002742877380005616,0.4602384307534822,0.21181188976610604,0.4602302573344196,2.780889421157685,4.969296706586826,6.042279903929219,4.283256889725914,0.28894570692795657,2830.078125,0.004932564117289883,0.0757803961854148,0.025110114370005307,9.039420254545303e-05,Inner Race Fault,3,0.021,212,26
0.002683788429001372,0.45269208247805415,0.20492291881798574,0.45268412697816757,2.669621357285429,4.940464471057885,5.897212389206848,5.394443550903356,0.3067513647787248,2830.078125,0.004629358950075078,0.07321307369920049,0.02453140592472896,9.48310876846064e-05,Inner Race Fault,3,0.021,212,27
0.0024720199737244242,0.4557458248964598,0.20769814602780412,0.45573912058084737,2.6728700598802395,5.043610778443114,5.864826212039319,4.898772781472055,0.2566829966532443,2830.078125,0.004654468990671748,0.0761505347640476,0.022932089627476948,0.00011809728816063289,Inner Race Fault,3,0.021,212,28
0.003014329641498255,0.45080653558669176,0.20321744634448757,0.45079645777721855,2.7934781437125746,5.094777844311377,6.196622992781298,6.185322151017823,0.331701011555706,2830.078125,0.004380616039828011,0.07379111104404854,0.023338551199676576,0.00010753107195690713,Inner Race Fault,3,0.021,212,29
0.0035451387751840083,0.4637988594174328,0.21509681398797628,0.46378531023306063,2.363431137724551,4.462499101796407,5.09581058628131,4.03746149344806,0.2881716078078015,2830.078125,0.004578679550314893,0.07718844356584555,0.02568210475877297,0.00011175582146338064,Inner Race Fault,3,0.021,212,30
0.002503745585001869,0.4507083027368442,0.20313170541397244,0.45070134836049963,2.4682017964071856,4.631025548902196,5.476273193592128,5.0691474084595,0.3263029494597152,2830.078125,0.0047334832558846435,0.07212384001460055,0.02460677589935901,0.00010804020812585017,Inner Race Fault,3,0.021,212,31
0.0027865000955121,0.4496770210094948,0.20220165864119136,0.4496683874158727,2.5421097804391217,4.645644710578843,5.653190315867721,4.447996479071019,0.3737564229493839,2830.078125,0.005276167158148043,0.06976188548761227,0.025981394265919874,8.914783404417173e-05,Inner Race Fault,3,0.021,212,32
0.0029651549440182137,0.4593820224937663,0.21102305044662117,0.459372452860009,3.566669361277445,6.642378542914171,7.764059511766906,7.831191859078162,0.39468021149384397,2830.078125,0.004753304014380091,0.0748829582420643,0.02579570625906462,8.834953174854951e-05,Inner Race Fault,3,0.021,212,33
0.002550739146706586,0.4642134400719013,0.2154876116731942,0.4642064321755938,2.2204882235528944,4.115700099800399,4.783334629882682,3.5350146913699163,0.30230497922112287,2830.078125,0.004797752877080778,0.07763211469672933,0.025220189870301193,0.000100272479243542,Inner Race Fault,3,0.021,212,34
0.0028596672865207093,0.44283225927447845,0.19609223215714933,0.4428230257757035,2.1595750499001998,3.9398640718562876,4.876733807601044,3.2178711056353153,0.30013370703769515,2830.078125,0.004890592352441802,0.07084795976136234,0.022201498757961367,0.00011424592460011223,Inner Race Fault,3,0.021,212,35
0.0024908570554204113,0.4548935336592868,0.20692192259616216,0.4548867140246703,3.0346943113772453,5.671422554890219,6.671218838758472,5.963008659791372,0.3308793772196862,2830.078125,0.004442639742543435,0.07357005854851503,0.025348693739014178,0.00010577694147023935,Inner Race Fault,3,0.021,212,36
0.0031731559829559636,0.4533584579186831,0.20552382244751422,0.45334735297287687,2.9157105788423157,5.5349770459081835,6.431358074200292,5.988781634685575,0.36401593133471216,2830.078125,0.004989789455455978,0.07184772645779415,0.025832050442281485,0.00010241417794797241,Inner Race Fault,3,0.021,212,37
0.0023526523612930417,0.4324647067067596,0.1870201875738305,0.43245830732433677,2.2399804391217564,4.3337692614770456,5.179568192233118,3.747955944722669,0.30089990389360255,2830.078125,0.00458827444976946,0.06430747677889921,0.024535488592304575,8.438928681405038e-05,Inner Race Fault,3,0.021,212,38
0.0030022342521987258,0.4446179950927194,0.19767614814976434,0.44460785884840626,2.745965868263473,4.953459281437126,6.176011539278425,4.815271262649446,0.37237016533240924,2830.078125,0.004869612323765845,0.07222424775831478,0.021650742834434022,0.00010248710247775665,Inner Race Fault,3,0.021,212,39
0.001692561361651696,0.42137868080273666,0.17755712787109168,0.4213752815141055,2.434496506986028,4.417017265469062,5.777455333877483,4.53056989968761,0.3241969058997739,2830.078125,0.004627167405383551,0.06275284106164493,0.021297081606111,0.00010434361993893892,Inner Race Fault,3,0.021,212,40
0.003075996298418789,0.4519969330649364,0.20429176574688074,0.45198646633154926,3.0005829341317365,5.588986726546906,6.638502862807381,6.038420628863461,0.37808553260242395,2830.078125,0.005119588866203012,0.07364419001190747,0.023289545194315066,0.0001020347909368876,Inner Race Fault,3,0.021,212,41
0.002337186125795284,0.4227004250791858,0.17867018692313777,0.4226939636700976,2.759366766467066,5.002189820359281,6.527948879990231,5.373520804257122,0.39713739130835374,2830.078125,0.005031788457418785,0.062204013660520203,0.021987171548136265,0.00011761449328677269,Inner Race Fault,3,0.021,212,42
0.0022503372649232798,0.42558652036804456,0.18111882230117415,0.42558057086898854,2.845863473053892,5.303100898203592,6.686921076806679,7.346884434245858,0.3409926407527135,2830.078125,0.00493626973338732,0.06234615713187543,0.023178633914649607,0.00010343926875016514,Inner Race Fault,3,0.021,212,43
0.0022909857043725062,0.4254416227562625,0.18099532575798435,0.42543545427947627,2.5981499001996005,4.681786526946107,6.106948077546453,5.236944709081785,0.32642291246466837,2830.078125,0.004507396590502224,0.06391167914671969,0.021972411356366524,0.0001114712654704841,Inner Race Fault,3,0.021,212,44
0.0026326308808164913,0.43302035486170704,0.1874996969792041,0.4330123519938018,2.7544937125748503,5.011935928143712,6.361118320764732,5.470340353920141,0.35901029516779615,2830.078125,0.004745881725137348,0.0634197763632983,0.02549960789058141,9.154988411956383e-05,Inner Race Fault,3,0.021,212,45
0.002783327534384354,0.43329397056517643,0.18773591801597234,0.4332850309161076,2.185970758483034,3.96260499001996,5.045006178211332,3.217200161658444,0.2675874476849752,2830.078125,0.004382216285218368,0.06668964460971549,0.02270209353869596,0.00010175161549931368,Inner Race Fault,3,0.021,212,46
0.002071880701487651,0.43373776295502986,0.18812415432359247,0.4337328144417857,2.6306369261477047,4.766252794411178,6.065040102169869,4.915294976901956,0.37228574352277083,2830.078125,0.004738968855901977,0.06448570757532152,0.024740208572509897,0.00010148660519221948,Inner Race Fault,3,0.021,212,47
0.002894565458925898,0.46479419389802895,0.21602526417212256,0.46478518067180513,2.24729001996008,4.46331127744511,4.835021713832148,3.6487038282123354,0.22573991780881644,2830.078125,0.0047129409952085186,0.07546082184777582,0.027751901148044725,9.535335487319682e-05,Inner Race Fault,3,0.021,212,48
0.002386955678486776,0.4442663408194871,0.19736688402772565,0.444259928451493,2.699671856287425,5.079752594810379,6.076696810538584,6.2708308177703405,0.36018810026230413,2830.078125,0.0050344959059444305,0.06817545365598829,0.025394640290503596,8.455144123535096e-05,Inner Race Fault,3,0.021,212,49
0.0028779095130052387,0.43664548373037015,0.19065099609896388,0.43663599954534654,2.5981499001996005,4.8186381237524945,5.9502502533702275,5.229083132071226,0.26327936593907453,2830.078125,0.0045548399578055464,0.06728037605472517,0.0233932408946457,0.00010535402558241918,Inner Race Fault,3,0.021,212,50
0.0030436758319298887,0.4527923875888756,0.20501168229586467,0.4527821576606842,2.5786576846307385,4.817825948103792,5.695011124992889,4.9264170849884446,0.250484830873524,2830.078125,0.00440485607646132,0.07312454034823197,0.024905833307171017,7.987588189509253e-05,Inner Race Fault,3,0.021,212,51
0.0025824647579840336,0.44509516261451226,0.19810303465861287,0.4450876707555635,2.677743113772455,5.062696906187624,6.016113718341156,6.235508992528674,0.31378943993393354,2830.078125,0.004445883698717389,0.06984465113364674,0.024700615811521262,6.70366765864348e-05,Inner Race Fault,3,0.021,212,52
0.0026976683839352545,0.4690885115128805,0.22003675421866015,0.4690807544748134,3.0395673652694613,5.8610655688622755,6.479730990354896,5.860348612840745,0.23631013975346205,2830.078125,0.004477061450308422,0.07872251402511196,0.02673463292417026,9.144713743116059e-05,Inner Race Fault,3,0.021,212,53
0.0031485686342159424,0.43449914739959317,0.18877959560652904,0.4344877393051834,2.8657617764471057,5.310004391217564,6.595552128463829,7.453975745801737,0.319794261596845,2830.078125,0.004410357260097459,0.06678766929258004,0.02310311628392805,9.858846503297258e-05,Inner Race Fault,3,0.021,212,54
0.003184259946903068,0.47479329766134115,0.22541853599272144,0.4747826197247762,3.6149938123752494,6.702479540918164,7.613826543427197,7.44291573323598,0.2683005881269023,2830.078125,0.00470561522998415,0.07922882903839529,0.02867116294856194,0.00011380706453318145,Inner Race Fault,3,0.021,212,55
0.002378032850314993,0.4764874670102728,0.22703465117762858,0.47648153288205053,2.7252553892215565,5.163406686626747,5.719469194690911,6.056702529662481,0.2611140702403429,2830.078125,0.004328984899050408,0.08037596518586194,0.02867276494215262,0.0001453563888196726,Inner Race Fault,3,0.021,212,56
0.0025711625089664446,0.4440839149361805,0.19720391262839726,0.4440764715996528,2.6013986027944114,4.777623253493013,5.8578987333244426,4.742686848549798,0.3009699976178507,2830.078125,0.004550310133210434,0.06844200245713387,0.02551271511915224,0.00010355586805294397,Inner Race Fault,3,0.021,212,57
0.003130921262942868,0.46188185194300796,0.21332504248634798,0.461871240159363,3.0306334331337323,5.711625249500997,6.561490607142723,6.299403745232201,0.26186910841057426,2830.078125,0.00450054940800041,0.07710730324624779,0.02496142546202423,0.00010304627326518525,Inner Race Fault,3,0.021,212,58
0.025404600486526947,0.11588214894695861,0.012783278718685058,0.11306316251850139,0.4452346906187625,0.8326424750499002,3.8421335353606065,0.5936949346213258,0.026431350485095692,3210.9375,0.00133344722935503,0.0009633895059968272,0.004682509453984999,5.768699779530238e-05,Ball Fault,0,0.021,222,0
0.021811040497130736,0.11398585521990509,0.012517053702645688,0.11187963935697008,0.513944750499002,0.8935556487025949,4.508846729337457,0.32161235816470635,0.0605644779766846,3210.9375,0.0012566665818563557,0.001095630152562978,0.004312054085827925,6.99031664470513e-05,Ball Fault,0,0.021,222,1
0.01889125317723927,0.12008783307711868,0.014064208206551368,0.11859261446882503,0.43483884231536923,0.8149370459081836,3.621006651324302,0.3000293627273023,0.0780966321510832,3398.4375,0.0010609875605667618,0.000969610784563601,0.005285423223517692,7.297180194941168e-05,Ball Fault,0,0.021,222,2
0.016578694057198102,0.11672078102052987,0.01334888762540031,0.11553738626695824,0.5837918562874251,0.9950776047904191,5.0016102632550306,0.8850945533708607,0.053247295875634336,3105.46875,0.00101133786693185,0.0012431977913831321,0.004572245751161991,0.00012253031103945063,Ball Fault,0,0.021,222,3
0.0067283676397205585,0.11362717924262188,0.012865864931539683,0.11342779611514844,0.45351888223552894,0.9010276646706588,3.991288750265946,0.6777236750198203,0.026421751566339816,3339.84375,0.0008734978515192594,0.0009437594716761084,0.004606269745870114,5.468357572245334e-05,Ball Fault,0,0.021,222,4
-0.008055291331399698,0.11223178089696795,0.012531084924871295,0.11194232856641538,0.43565101796407185,0.8495357285429141,3.881708144362533,0.6600237371248325,0.012160996035018842,3210.9375,0.0007396136741527335,0.0008352396258118793,0.004703547970536273,5.2028910569787524e-05,Ball Fault,0,0.021,222,5
-0.011169160078280938,0.11754640311736583,0.013692406748976007,0.11701455785061962,0.48795512974051897,0.8982662674650699,4.151170234050577,0.44702771663332896,0.05994262942934108,3339.84375,0.0008789866432932212,0.0008792090141357665,0.005149700091894752,6.305808008966353e-05,Ball Fault,0,0.021,222,6
-0.009986429289857785,0.11520245110336357,0.013171875970261544,0.11476879353840723,0.4527067065868264,0.8916064271457086,3.9296621057189354,0.7298707351126472,0.016341502050010136,3210.9375,0.000862284703471345,0.0009046591749737516,0.004857946489432794,6.0776399304964584e-05,Ball Fault,0,0.021,222,7
-0.005175954165886976,0.11972459633735122,0.014307188466614332,0.11961266014354138,0.5118330938123753,1.019118003992016,4.2750872374643,0.9057851435067565,0.03280115579706504,3210.9375,0.0007148341579577063,0.0009869539518203316,0.005417655601591308,6.0941030413276835e-05,Ball Fault,0,0.021,222,8
0.0015720833528255981,0.11688306999721337,0.013659180605905253,0.11687249721771693,0.5987358882235528,1.0594019161676647,5.122520209623407,0.8236692728518995,-0.05201935436100267,3427.734375,0.0008204695795223612,0.0010073337786098196,0.004941616608092499,6.264192819032842e-05,Ball Fault,0,0.021,222,9
0.007632468247099551,0.11914998521962941,0.014138464406294925,0.11890527493048794,0.5243405988023951,0.985656367265469,4.400676994091749,1.1686094602275592,-0.05417414257972394,3205.078125,0.00081361297164666,0.0009625295793727067,0.005288575279962127,6.277017236423897e-05,Ball Fault,0,0.021,222,10
0.011738079602513721,0.11463433731160434,0.013003248778115735,0.11403178845442939,0.475122754491018,0.9362760878243513,4.144680953661531,0.5267867639064447,0.03299787644319823,3205.078125,0.0008819379621777615,0.0008763843842177628,0.004811425081691211,6.966250069550197e-05,Ball Fault,0,0.021,222,11
0.015243204450474052,0.12370678896567096,0.015071014354278097,0.12276405970103016,0.47106187624750495,0.9325400798403193,3.8078902555479486,0.5482109540175011,-0.021521524275767687,3339.84375,0.0011649132165279861,0.0010214526562029346,0.0055238319805315655,5.7664626944898065e-05,Ball Fault,0,0.021,222,12
0.018162912456337325,0.12277963681094758,0.01474494782653162,0.12142877676453642,0.4700872654690619,0.8896572055888223,3.828707085955045,0.5624525603209567,-0.017217591572773704,3205.078125,0.0010730471948063045,0.000961181513675434,0.005608007912566356,6.013045037790345e-05,Ball Fault,0,0.021,222,13
0.02097110493856038,0.1280757420314912,0.015963608454572967,0.12634717430387182,0.5084219560878244,0.955605868263473,3.9696975244758987,0.6281243491490254,0.002307474519790379,3205.078125,0.0012522367594766815,0.0010076646283737145,0.006082605034122876,7.908573656611094e-05,Ball Fault,0,0.021,222,14
0.02398123093656437,0.1368281023039781,0.018146830142875065,0.13471017089616902,0.5625128542914172,1.0741835129740518,4.111091543473543,0.5771068935942383,0.02504650965996962,3210.9375,0.0013832121305976115,0.0012931387455843823,0.006833935225953595,0.0001382307982143186,Ball Fault,0,0.021,222,15
0.02666260028770584,0.11801268057185216,0.01321609852165204,0.1149612914056381,0.4980261077844311,0.9203574451097805,4.220106732354133,0.3498412462401923,0.0009526507500806258,3427.734375,0.001355329385199306,0.000897425242440609,0.004997528435024208,6.866045568916153e-05,Ball Fault,0,0.021,222,16
0.02858739312390843,0.12269575368608751,0.014237008926976168,0.11931893783878639,0.48974191616766466,0.9253929341317365,3.9915147953746715,0.4259919049121148,-0.01766510194128287,3205.078125,0.0016110481601401645,0.0010024816751186601,0.005253513175872587,6.870051760773642e-05,Ball Fault,0,0.021,222,17
0.02990868551958583,0.13506539156905997,0.01734813053019401,0.13171230212168494,0.5366856686626746,0.9656768463073853,3.9735246936907824,0.36704247398642,0.0037568158726969296,3333.984375,0.001726693801680711,0.0014199322450161051,0.006269959608176256,0.00015200912654891662,Ball Fault,0,0.021,222,18
0.030938816117764466,0.14641195948720315,0.02047925153811357,0.14310573551788053,0.9026520159680639,1.6186660678642715,6.165152212493669,2.1354437071037182,-0.015790205749369242,3339.84375,0.0016922699391762473,0.0015702765214080502,0.007769222631919076,0.00016507270089480047,Ball Fault,0,0.021,222,19
0.0316065609211265,0.1326857967525436,0.016606545966596435,0.12886638804046785,0.6224514171656687,1.133959640718563,4.691168402346245,0.9998419437132804,-0.0015118607799263844,3205.078125,0.0018002166403499127,0.0013293781276136592,0.006033955399041252,0.00013870078840392587,Ball Fault,0,0.021,222,20
0.031890981026228796,0.11823967835886652,0.012963586867592924,0.11385774838627771,0.48957948103792415,0.9682758083832335,4.140568443970329,0.5627399142764888,-0.054876340710551405,3398.4375,0.0017335381718454764,0.0009548864785314968,0.004737438200081286,7.296565054717012e-05,Ball Fault,0,0.021,222,21
0.03216572481989147,0.11990091883167149,0.013341596483490092,0.11550582878578074,0.4564427145708583,0.8825100598802396,3.8068324998547904,0.7347730998473292,-0.05899677929324431,3427.734375,0.0017239185323222478,0.000896092935414544,0.0050002837587032785,8.515216130092246e-05,Ball Fault,0,0.021,222,22
0.03211647080838323,0.17462933567237116,0.02946393718018795,0.17165062534167463,1.288273013972056,2.3470251896207586,7.377185562848585,6.102179313022672,0.08485409129590558,3205.078125,0.0018845797362243481,0.00209393981251272,0.01161930186530873,0.0001656414718366615,Ball Fault,0,0.021,222,23
0.03185227578047031,0.25043030474424544,0.061700770061900514,0.24839639703888725,1.5886155688622754,2.953720399201597,6.343543647741297,4.277975804600117,0.043728111477543186,3216.796875,0.00199750007696582,0.006918104471821852,0.022569242645269612,0.0003801053480420599,Ball Fault,0,0.021,222,24
0.03194166269024451,0.11834190649653804,0.012984537017817994,0.11394971267106378,0.5329496606786427,0.9676260678642714,4.503473676032366,0.7105771811056494,-0.02486393241986209,3339.84375,0.001754292375919923,0.001006655950090231,0.004678206606623271,7.33875369722057e-05,Ball Fault,0,0.021,222,25
0.031069604950255736,0.1146944571297321,0.012189498144518997,0.11040606027079762,0.46229037924151695,0.8940429540918164,4.030625287485475,0.5417108979884855,0.017352503685291853,3339.84375,0.0017252178185932362,0.0009133149628153193,0.004354783217105256,6.675349347867366e-05,Ball Fault,0,0.021,222,26
0.03125535840428518,0.1161586542142408,0.012515935519883241,0.11187464198773214,0.5089092614770458,0.8901445109780438,4.381156659566866,0.6406219051130444,0.00886054556644269,3339.84375,0.0016406835448581484,0.0010222640639444864,0.0045129610100630106,5.8957639128721855e-05,Ball Fault,0,0.021,222,27
0.030103956656998505,0.11897781886396308,0.013249473175219566,0.11510635592885202,0.4250927345309381,0.8112010379241517,3.5728738229516614,0.4842277999088136,-0.01588811059749989,3339.84375,0.0017051405966452458,0.0009754773147579807,0.004775840691514121,7.452895852283442e-05,Ball Fault,0,0.021,222,28
0.030245770139408684,0.2261009460864835,0.050206831209876984,0.22406880909639562,1.6595997205588824,3.181292015968064,7.340083043810379,5.968378849453547,0.015239879288041337,3210.9375,0.0017836076477516602,0.005025396691813608,0.01890722142451813,0.0003019964529862443,Ball Fault,0,0.021,222,29
0.0296743918803019,0.12432708647189131,0.014576654897123413,0.12073381836554087,0.6140047904191617,1.1864261876247504,4.938624461033919,1.0916809829249337,-0.009274031980731257,3339.84375,0.0015929630537260572,0.001168142373374452,0.005324029997444839,8.376165053434171e-05,Ball Fault,0,0.021,222,30
0.02897761814262101,0.1228481848602664,0.01425197417024263,0.11938163246598125,0.548705868263473,0.9879304590818363,4.466536228334169,0.6905223908594493,0.07722491079160541,3205.078125,0.0016338126423216985,0.0011170193185043363,0.005156561035258171,5.8296515886341606e-05,Ball Fault,0,0.021,222,31
0.02875085933601547,0.12055221822226929,0.013706225405750287,0.11707358970216249,0.5009499401197605,0.8920937325349301,4.155460160808731,0.6999936016469857,0.030295049854203573,3339.84375,0.0015783917907562597,0.0009885108291857927,0.005053402040337301,5.94219883645738e-05,Ball Fault,0,0.021,222,32
0.028233414616080338,0.11980408354092699,0.013555892732197913,0.11642977596902741,0.46131576846307387,0.9008652295409182,3.850584678154823,0.32059104329295396,0.03637918905527051,3205.078125,0.0015254243376587907,0.0011060834609697141,0.004882501716184395,6.10659411161583e-05,Ball Fault,0,0.021,222,33
0.0283245464344748,0.129899867300498,0.016071695593968267,0.1267741913560022,0.5592641516966068,1.0948127744510978,4.305348137137495,1.3073707024566827,0.0330090502722906,3339.84375,0.0016456391102493897,0.0013170442001085155,0.005766570368948147,0.00010887502424082986,Ball Fault,0,0.021,222,34
0.0275236333777757,0.11686984913673323,0.012901011242928579,0.11358261857752963,0.44133624750499,0.8173735728542915,3.776305443747459,0.566278590609814,0.029235121529844286,3210.9375,0.0014879601571884916,0.0008826125182167957,0.00476032760231562,7.715573843817797e-05,Ball Fault,0,0.021,222,35
0.027146177917602297,0.11781373198719317,0.013143160469216065,0.11464362376170803,0.4816201596806387,0.9117483832335329,4.0879798267742915,0.6277319882859342,0.0730043764433129,3398.4375,0.001559391526406914,0.0008584805274321234,0.004831003662571601,5.961987464689105e-05,Ball Fault,0,0.021,222,36
0.026548388087107036,0.11922872421354856,0.013510671767566774,0.11623541528969032,0.43613832335329344,0.8165613972055888,3.6579970659765966,0.4150059241285664,0.04912363646855692,3210.9375,0.0015614092187590531,0.0009444457324571348,0.004900958846075112,5.33392739645765e-05,Ball Fault,0,0.021,222,37
0.025638180299557136,0.1652033382585539,0.02663482668269758,0.16320179742483715,0.8513225149700598,1.5834176447105788,5.1531798566787135,1.5767894211802487,-0.00647743277022705,3210.9375,0.0014078220024225097,0.00233218472129197,0.010027976229700492,0.00020674747915122476,Ball Fault,0,0.021,222,38
0.025684420377994014,0.30252973866332367,0.09086455332554542,0.3014374783027907,1.6178538922155687,3.1702464271457087,5.347751594153294,3.56956429805257,-0.04753917335615448,3210.9375,0.0016730365853271523,0.008498798902262746,0.03552467718536008,0.0003954579542059622,Ball Fault,0,0.021,222,39
0.024665393743762476,0.13488611952613938,0.017585883592285127,0.13261177772839458,0.603121636726547,1.1372083433133733,4.471339518442214,1.0661605728053418,0.0458916780352214,3339.84375,0.0013821486522241071,0.001996485336702935,0.0059266182751413895,9.607125327930815e-05,Ball Fault,0,0.021,222,40
0.024106388473053894,0.11597982735045463,0.01287020238702748,0.11344691440064592,0.47463544910179645,0.903301756487026,4.092396582619468,0.609320422475792,0.005697362120733963,3339.84375,0.0012222785050141503,0.0010188430371717704,0.004718432062627359,5.666632149471674e-05,Ball Fault,0,0.021,222,41
0.02367190622660928,0.1247983464882115,0.01501426814179031,0.12253272273882723,0.5089092614770458,0.963402754491018,4.077852598192218,0.6378208362182134,-0.015358406217470455,3205.078125,0.0013987710226274132,0.0009331482941797112,0.005677719258942993,5.785584862185434e-05,Ball Fault,0,0.021,222,42
0.023367102416261228,0.12213270166222452,0.014370375339981903,0.11987650036592619,0.5446449900199601,0.9694128542914172,4.459452567636258,0.3789401143587434,-0.06526478596677733,3275.390625,0.0013125217271359702,0.0010218312727132341,0.005341907905678599,5.494893756445019e-05,Ball Fault,0,0.021,222,43
0.023518671524139223,0.20433358666242957,0.04119908672807225,0.20297558160545384,0.8748756087824352,1.5629508183632734,4.281604522646481,0.651372115776625,-0.013407077234187069,3339.84375,0.0015550444173484767,0.003566081638100944,0.0156354831994144,0.00039606602153526276,Ball Fault,0,0.021,222,44
0.022529784220621258,0.15119661102775503,0.022352824009250493,0.14950860847874445,0.7371306187624751,1.2786893413173654,4.875311779489294,1.346234745967461,0.03165084824140247,3205.078125,0.0013612139810934864,0.0023928513963152147,0.00776503278733626,0.00016490737578779576,Ball Fault,0,0.021,222,45
0.02248806504179142,0.11644440021819612,0.013053585272851588,0.11425228782327113,0.4343515369261477,0.8537590419161676,3.730119577345498,0.3406371453667183,-0.0796675505584644,3427.734375,0.001215426487326627,0.0009648935375625357,0.004790919760118162,6.126602492913278e-05,Ball Fault,0,0.021,222,46
0.022083801440088573,0.11712120388801149,0.013229682114131898,0.11502035521650895,0.4496204391217565,0.8393023153692615,3.8389328677979853,0.5425415511117055,-0.08912194740016113,3205.078125,0.0012197530192330237,0.0009732227742302273,0.004847256096328252,6.230374976650564e-05,Ball Fault,0,0.021,222,47
0.02158166432759481,0.11940226823592621,0.013791133424735095,0.11743565653043839,0.5103711776447106,1.0004379640718564,4.2743842741435305,1.0046243015440686,-0.049803180699780826,3205.078125,0.0012576053890208695,0.0009811687481861026,0.0050679474433564095,5.461754116970991e-05,Ball Fault,0,0.021,222,48
0.021362757609780438,0.12152294263665828,0.014311458174378306,0.1196305068716935,0.4388997205588822,0.8544087824351297,3.6116613952572685,0.6125413027044511,-0.11591452059521311,3205.078125,0.0011405315205024133,0.001106362756085616,0.005299813303455709,6.539005972979721e-05,Ball Fault,0,0.021,222,49
0.021189853028318363,0.12050780427364646,0.014073121019493753,0.11863018595405536,0.5301882634730539,0.9648646706586826,4.399617656870705,0.5886767553458068,-0.032656981050061006,3205.078125,0.0012018376811362488,0.0009601361915612363,0.005262620623096778,6.0976139006302434e-05,Ball Fault,0,0.021,222,50
0.020208341929422405,0.12033391197222744,0.014071873287003331,0.11862492692096097,0.49965045908183636,0.8682157684630739,4.152199915159025,0.36730340107588644,-0.03722552223859497,3205.078125,0.0011828645697570506,0.0009177182813947031,0.005273365259014234,7.03661026694545e-05,Ball Fault,0,0.021,222,51
0.0200506656413735,0.12127031394099455,0.01430445985068522,0.119601253549807,0.5207670259481038,0.9653519760479041,4.2942663296929275,0.6894010979005261,-0.027047159690412263,3205.078125,0.0010683839841633064,0.0011575463465291955,0.005262063704799701,6.626524174628833e-05,Ball Fault,0,0.021,222,52
0.019552652858345808,0.11632769375620006,0.013149826100837286,0.11467269117290867,0.5331120958083833,1.0631379241516967,4.582847631499351,0.8049848200229355,-0.029097857294924995,3427.734375,0.0011781001356285985,0.0010483072391522707,0.004662136749881351,6.867618148206373e-05,Ball Fault,0,0.021,222,53
0.01924562825520833,0.12036471526571288,0.014117270474058459,0.1188161204300934,0.4681380439121756,0.8743883033932136,3.8893295504312095,0.24271274027124656,-0.021234510689427662,3427.734375,0.001110966743324799,0.0008691293948002399,0.005377612752963102,7.132451958036529e-05,Ball Fault,0,0.021,222,54
0.01874047720964321,0.11605998223325528,0.013118713989938373,0.11453695469121908,0.5168685828343313,0.9655144111776448,4.4534608130090705,0.41635696435512726,0.002544617174195067,3339.84375,0.001105522550150428,0.0010412362310105716,0.00470459032121214,5.9213492188610266e-05,Ball Fault,0,0.021,222,55
0.018507611222866767,0.11873722157138326,0.013755996113314978,0.11728595872189893,0.5259649500998004,1.0275646307385229,4.429655192694543,1.0268851744766598,0.058770647612138245,3339.84375,0.0011214615594592559,0.0009671504522374908,0.005072720270947783,5.9199521062362806e-05,Ball Fault,0,0.021,222,56
0.018455105336202593,0.11573972278645105,0.013055092517714202,0.11425888375839405,0.4479960878243513,0.8274445508982036,3.87072024227101,0.5315488888569897,0.024026427059906867,3339.84375,0.0010378009234567958,0.000930225100717967,0.004840969471768876,5.914807189285335e-05,Ball Fault,0,0.021,222,57
0.017525624239801647,0.11771865359476723,0.013550533899170079,0.11640676053893982,0.5397719361277445,1.0678485429141715,4.585271064905709,1.0426454998153973,-0.004991092572492523,3205.078125,0.001045557278667281,0.0008820656959390289,0.005080632058542303,7.416091459842421e-05,Ball Fault,0,0.021,222,58
0.004394948930264471,0.1723083370622113,0.029670847445044987,0.1722522784901407,1.1726192015968064,2.2841627944111775,6.805353830171529,5.989132437057052,0.04415462553395552,3298.828125,0.0008148461466056733,0.0031194077595970517,0.010659657875667871,0.0002608276164090375,Ball Fault,1,0.021,223,0
0.0039433348537300395,0.10914958478573193,0.01189808196912904,0.1090783295120027,0.44945800399201596,0.8477489421157685,4.117816892059944,0.5290161391274077,-0.09661713739511193,3386.71875,0.0006186839780914807,0.0010441251847324307,0.004212242137044099,8.953982459656396e-05,Ball Fault,1,0.021,223,1
0.004391776369136726,0.10897236623886727,0.01185568890402131,0.10888383215161611,0.4931530538922156,0.924905628742515,4.525487248861099,0.8441526886141144,-0.041159161737610875,3386.71875,0.0006938549819827506,0.0008046406443592374,0.004378455196740465,7.018133710975748e-05,Ball Fault,1,0.021,223,2
0.004275819259917664,0.1078864668166937,0.011621207091846067,0.10780170263890115,0.3398142914171657,0.6796285828343314,3.1497397351470675,0.0638478839205332,-0.08797676389516158,3386.71875,0.0007806291338520687,0.0007834053970016139,0.0041974813215201814,6.73712753633061e-05,Ball Fault,1,0.021,223,3
0.004444916768026447,0.21435699586449103,0.04592916439097473,0.21431090590768995,1.2278471457085829,2.358395648702595,5.728047926575649,4.837224020313945,-0.13149050461377385,3351.5625,0.0006613107920795798,0.0022255733808101957,0.019754749054500018,0.0003427105001723969,Ball Fault,1,0.021,223,4
0.0043789274965693615,0.16169122888991702,0.026124878493911333,0.16163192288007755,1.130873373253493,2.1469051097804392,6.994030418455269,4.26471817253664,-0.20961788353251062,3386.71875,0.0007137351575670012,0.0017338390832036452,0.010371565413449226,0.0002624747680517291,Ball Fault,1,0.021,223,5
0.004448247957210579,0.11394013951323949,0.012962568482407653,0.11385327611627016,0.5574773652694611,1.0498182435129741,4.8927214557665515,1.188033255756217,-0.0682856960737697,3386.71875,0.000698493321179382,0.0008346655742445161,0.0048493176883533905,0.00011859495703774544,Ball Fault,1,0.021,223,6
0.004551911392059632,0.11434696328865214,0.0130545081160152,0.11425632637195719,0.4595289820359281,0.8628554091816367,4.018724842529614,0.34506669121116884,-0.07031184800801053,3386.71875,0.0006484533044947228,0.0008295429214455337,0.004987038619807983,8.293989277769377e-05,Ball Fault,1,0.021,223,7
0.004300882492826847,0.10938543780064142,0.011946676412620889,0.10930085275340211,0.4600162874251497,0.8602564471057885,4.20546186653789,0.48947002642923065,-0.04512370693668496,3386.71875,0.0005555301203676083,0.0008315611930122108,0.0045282633141973195,7.648199994128887e-05,Ball Fault,1,0.021,223,8
0.004512095749906437,0.1051112671851519,0.011028019481212067,0.10501437749761729,0.41583393213572856,0.7772520958083833,3.9561309008219205,0.4957208255157801,-0.013476390460698115,3386.71875,0.0006826356503038696,0.0008231540259910778,0.003957086014093991,7.14934112611677e-05,Ball Fault,1,0.021,223,9
0.004346805315150948,0.10825901112790011,0.011701118773942976,0.10817170967467869,0.4265546506986028,0.8380028343313374,3.940130676001277,0.6222031216230475,0.014412364931369676,3386.71875,0.0007276325633372249,0.0006712781665445542,0.004387828175925736,8.271637953965277e-05,Ball Fault,1,0.021,223,10
0.0044391268439683135,0.10298536914051623,0.01058628040987155,0.10288965161701905,0.3490730938123752,0.6695576047904191,3.389540637914205,0.1864383188617209,0.01073910262734703,3386.71875,0.0005402886672622843,0.0007486952361723683,0.003939280303213431,8.458222853222565e-05,Ball Fault,1,0.021,223,11
0.004678893151197604,0.10562806353513149,0.011135395765061451,0.10552438469406704,0.4401992015968064,0.8415764071856288,4.167445533547984,0.7711084340251171,0.053161198458341295,3386.71875,0.0006014660375668534,0.0006731204680471515,0.004234920412841008,8.00832145636159e-05,Ball Fault,1,0.021,223,12
0.004454434451409681,0.1078755923551685,0.011617301439696581,0.10778358613303132,0.3669409580838323,0.7298210379241516,3.4015197513420796,0.16357009872745065,0.04249825440767554,3386.71875,0.0007334660092944848,0.0007849587440691041,0.004238571995765283,7.149616636890462e-05,Ball Fault,1,0.021,223,13
0.004528989637911677,0.10542328208656211,0.011093556658762539,0.10532595434536797,0.37165157684630734,0.7377803592814371,3.52532732324865,0.3813709794536262,-0.04611231030077256,3386.71875,0.000607468507133327,0.0007882936836179332,0.004093176224132028,7.835169309186855e-05,Ball Fault,1,0.021,223,14
0.004306910358969561,0.10794750212348914,0.01163411373786049,0.10786154893130587,0.423793253493014,0.7988559680638723,3.9259199625407315,0.2096142815542006,0.006024286427570486,3386.71875,0.0005705996048802112,0.0007034715314924038,0.004481560196747596,7.997515136050031e-05,Ball Fault,1,0.021,223,15
0.0047221986105913175,0.10491322008301326,0.010984484588468907,0.1048068918939442,0.4005650299401198,0.7678308582834332,3.8180605801935172,0.41587034163339354,0.027216922606716716,3386.71875,0.0006944910189231147,0.0007693394752023166,0.0039807559321684725,6.995538699664644e-05,Ball Fault,1,0.021,223,16
0.004576181484686876,0.10867696302606344,0.01178974085558757,0.10858057310397459,0.40966139720558886,0.7590593612774452,3.7695329883973834,0.2187451799367306,0.026959296296754365,3386.71875,0.0006435748013089185,0.0007547888921193792,0.004442743899872638,7.470728611326055e-05,Ball Fault,1,0.021,223,17
0.004398835317645958,0.10554719941917881,0.011120861553080131,0.10545549560397567,0.42769169660678646,0.8368657884231537,4.0521368540364255,0.8112541686483898,0.03273095110316632,3386.71875,0.0005401457518413416,0.0008427656733247663,0.004132719754947689,6.415102933443536e-05,Ball Fault,1,0.021,223,18
0.004477356205557635,0.10748288522446563,0.011532523897584206,0.10738958933520608,0.428503872255489,0.831018123752495,3.9867172467561516,0.326044828797571,0.05979561732037731,3386.71875,0.000711956813788645,0.0007257972384246736,0.0042751208641316684,7.34347059722543e-05,Ball Fault,1,0.021,223,19
0.004457844954622006,0.11605207393342469,0.013448211482609622,0.11596642394507826,0.4973763672654691,0.8756877844311377,4.285803350233945,0.3688509969513585,0.07686335482775168,3386.71875,0.0007288254281458827,0.0010299186533631107,0.0048821090442291,0.00010313020707888068,Ball Fault,1,0.021,223,20
0.004861474044099302,0.19277250444032368,0.03713760453831316,0.1927111946367236,1.3184859481037925,2.549256926147705,6.839595469964724,5.79033018449813,0.13267444981507506,3386.71875,0.000673016025228806,0.0042663769316902,0.013317864342947362,0.00033517891049495265,Ball Fault,1,0.021,223,21
0.004498533051085329,0.10282029502245921,0.010551776268893842,0.10272183929863134,0.3937427544910179,0.7684805988023952,3.8294264221378866,0.12672501606371567,0.013618498212951588,3386.71875,0.0006791295092620776,0.0007687894945440869,0.003771972001127211,7.623685209342783e-05,Ball Fault,1,0.021,223,22
0.00467944834939496,0.10417584831252964,0.010830710134780529,0.10407069777214203,0.39520467065868264,0.7671811177644711,3.7936304533183227,0.27531897727906207,0.009288523828138853,3386.71875,0.0007141773851956656,0.0007756677553407546,0.0038766104738367,7.079670399131002e-05,Ball Fault,1,0.021,223,23
0.004983617647517465,0.10751386292205455,0.011534394275565688,0.10739829735878352,0.43548858283433134,0.823546107784431,4.0505342380828795,0.18159946363018875,0.01042676010298046,3386.71875,0.0006163686448987561,0.0007158845784628719,0.004388345216653349,7.143647153807348e-05,Ball Fault,1,0.021,223,24
0.004578164335391717,0.10644649739191937,0.011309897218326048,0.10634800053750916,0.4259049101796407,0.8149370459081836,4.00111718670766,0.26538299740763716,0.04867661153855505,3386.71875,0.0005980641099177512,0.0007704768406829607,0.0042321805029090906,7.518696355391261e-05,Ball Fault,1,0.021,223,25
0.004847911345278193,0.11162278471301787,0.012436143822677057,0.11151745972123404,0.43841241516966073,0.8719517764471059,3.9276247792672336,0.8888127882491146,0.006292591871910032,3386.71875,0.0007070296676605373,0.0007540446167989581,0.004704925463858693,7.557441221610606e-05,Ball Fault,1,0.021,223,26
0.004805002456025449,0.1126040335209055,0.012656580316574802,0.11250146806408706,0.4049507784431138,0.800642754491018,3.596236882295452,0.34348991507401117,-0.06408123290078874,3386.71875,0.0008165495434376616,0.0007945147344417636,0.004667582042829228,7.273211547772234e-05,Ball Fault,1,0.021,223,27
0.004778035686439621,0.10407134907885375,0.010808016074071742,0.10396160865469398,0.3802606387225549,0.7519122155688622,3.65384557890602,0.1158600042249649,-0.06187125611177752,3386.71875,0.0005857841508277038,0.0008006074631632964,0.003957272503092045,8.317372917843478e-05,Ball Fault,1,0.021,223,28
0.004773197530719811,0.10995691514524299,0.012067739773590897,0.1098532647379717,0.4077121756487026,0.7822875848303392,3.7079266466338408,0.10455874486433592,-0.0850494487126248,3386.71875,0.0006678510066497846,0.0008276506149225429,0.0044800311772475844,8.112083079481288e-05,Ball Fault,1,0.021,223,29
0.004414380867171906,0.11131047993501046,0.012370536184921914,0.11122291214008881,0.4094989620758483,0.8102264271457086,3.678889555726807,0.16383508945859449,-0.07823310423719178,3386.71875,0.0008535115810123713,0.0007250332851675582,0.004551745334828972,7.44647106639621e-05,Ball Fault,1,0.021,223,30
0.004801671266841318,0.11073531338794793,0.01223925358417223,0.11063116009593423,0.45969141716566864,0.8347541317365269,4.15126307138532,0.32186348957923405,-0.021006101437930042,3386.71875,0.0006559247144442646,0.0007695221736301212,0.0046469253375807035,7.031092746865694e-05,Ball Fault,1,0.021,223,31
0.004146933964103043,0.10493178874471984,0.01099348322786388,0.10484981272212116,0.4049507784431138,0.7780642714570858,3.8591811241137437,0.2517873781917497,-0.01563552248363918,3386.71875,0.0006502209251604659,0.0006840030910923482,0.004099219052687833,8.04957516880774e-05,Ball Fault,1,0.021,223,32
0.004431988581430888,0.10716071261716092,0.01146377580583182,0.10706902355878577,0.47463544910179645,0.8927434730538923,4.429192728471903,0.502911520514139,-0.04534581943823437,3386.71875,0.0007531900321011983,0.0007146358444091726,0.004206204069754016,7.750048286275099e-05,Ball Fault,1,0.021,223,33
0.004161210489177894,0.10807600890229517,0.01166310802751374,0.10799587041879768,0.45091992015968063,0.874225868263473,4.1722480755865945,0.5265286877551865,-0.007313374370829679,3386.71875,0.0006741246604693971,0.0008500143556884183,0.004250064281797238,7.466660280196117e-05,Ball Fault,1,0.021,223,34
0.004189366969186628,0.22518581189408413,0.05069109908279533,0.22514683893582724,1.4747485429141716,2.8882590419161676,6.549029579216198,6.18110483326387,0.028408850213492175,3251.953125,0.0006648273457928972,0.004948006614298671,0.01944766994946265,0.0003025985838527538,Ball Fault,1,0.021,223,35
0.0040857035343375755,0.11131786118611076,0.012374973245679727,0.11124285705464296,0.497051497005988,0.9479714171656686,4.46515493299835,0.7929625480882234,-0.10631474753727116,3386.71875,0.0006665763988703101,0.0009158488499572769,0.004533585930220458,8.817227163756218e-05,Ball Fault,1,0.021,223,36
0.004013448454653195,0.10874394644935108,0.011809138120881177,0.10866985838253944,0.4298033532934132,0.8292313373253493,3.9524347545506795,0.36772431750619194,-0.03167255315447099,3386.71875,0.000723156945052913,0.0005731881782486739,0.004537738707014462,8.659331669383336e-05,Ball Fault,1,0.021,223,37
0.00392794793226048,0.10963819288456532,0.0120051045640346,0.10956780806438814,0.41291009980039917,0.823546107784431,3.766115519936921,0.5821603448046759,-0.05900929890718318,3386.71875,0.0005828234128277758,0.0008069093531583812,0.0045514840611447956,7.676484433452603e-05,Ball Fault,1,0.021,223,38
0.0037326767948478046,0.11472377123939453,0.013147610811334132,0.11466303158095086,0.5326247904191617,1.0491685029940119,4.642671563748819,0.817180401756942,0.019274642524110076,3386.71875,0.000593545926236752,0.0010189009106713661,0.004874199001664004,0.00010109316181361053,Ball Fault,1,0.021,223,39
0.004351484842814371,0.14464085167415006,0.020902040552686234,0.14457538017479404,0.868865508982036,1.6402699401197607,6.007054707749056,1.806634130108237,-0.055382855488796186,3386.71875,0.0007170421161888292,0.002245164814879798,0.007284090978957259,0.00022365799278862555,Ball Fault,1,0.021,223,40
0.004303658483813623,0.10769659760426806,0.011580035659190335,0.10761057410491934,0.37018966067864273,0.6997705389221558,3.437338494563286,0.061789279294458765,0.021622234717417806,3386.71875,0.0006419498714541358,0.0007484892945231222,0.00433902956847485,7.907057677570688e-05,Ball Fault,1,0.021,223,41
0.003988861105913174,0.10638793868753038,0.011302482485259458,0.10631313411455547,0.4270419560878243,0.8131502594810378,4.014007239505595,0.3883758195287119,-0.031053839496139234,3386.71875,0.0005169804565474213,0.0007535923173278528,0.0043223425218013025,7.423782351511027e-05,Ball Fault,1,0.021,223,42
0.004087131186845059,0.10733262735045254,0.01150358825261263,0.10725478195685557,0.3956919760479042,0.7441153293413174,3.6865954539240655,0.34024479105249394,0.01648502374039594,3386.71875,0.0006877915543301047,0.0007934144298945113,0.004211965856659435,7.532698753219858e-05,Ball Fault,1,0.021,223,43
0.004218713159618265,0.2176317677153714,0.047345788778194245,0.21759087475855748,1.4687384431137724,2.7308594011976046,6.748731853497852,5.55462026435519,0.022050718910784257,3351.5625,0.0008738601122690508,0.0029928764685643533,0.019495188372595108,0.0003287688900272689,Ball Fault,1,0.021,223,44
0.004532003570983034,0.1276497723776522,0.016273925331699017,0.1275692961950446,0.8201349700598802,1.5311135329341317,6.4248839209325705,3.03342766349665,-0.061200834506529043,3386.71875,0.0006235981596653834,0.0018634822078087367,0.005470613884532806,0.0001998075654388293,Ball Fault,1,0.021,223,45
0.003866003676241267,0.10582998877670617,0.011185040540053044,0.10575935202171506,0.40462590818363275,0.8081147704590819,3.8233577538911483,0.6444400435063931,0.0322602606199593,3386.71875,0.0006171188658807636,0.0007978441793742763,0.004123364254114658,6.913926717963656e-05,Ball Fault,1,0.021,223,46
0.0039949682860840816,0.10740426633983992,0.01151971665639245,0.10732994296277461,0.44166111776447103,0.8334546506986027,4.112137560411265,0.5247480984369943,0.0502717890273914,3386.71875,0.0007388499247122415,0.0008325478987300565,0.0041354632514995875,6.895775257422139e-05,Ball Fault,1,0.021,223,47
0.004100218001497007,0.11216480556958881,0.012564131820803862,0.11208983816922863,0.5451322954091816,1.0590770459081837,4.860101104271722,0.9993309531900794,0.04223225033410987,3386.71875,0.0006117805733883519,0.0008722670338472356,0.004726007682312107,8.882308569693232e-05,Ball Fault,1,0.021,223,48
0.004009403439215319,0.230262938905249,0.053004945717344036,0.23022802982552762,1.2608214770459083,2.432303632734531,5.475572764945575,3.2204106259399126,-0.06656183767034812,3386.71875,0.0007331793788202586,0.004139591141296661,0.021278588531771087,0.0003671946949151413,Ball Fault,1,0.021,223,49
0.0038894013145583826,0.13809219703540015,0.019054327439478092,0.13803741318743296,0.8142873053892216,1.5366363273453092,5.8966930997591245,2.4698176177324704,0.056604566494376264,3386.71875,0.0007939881052215736,0.0017620072692822802,0.0068062210536839396,0.0001800765128492065,Ball Fault,1,0.021,223,50
0.0038202394819735527,0.10576668110626727,0.011171996602535206,0.1056976660221748,0.3854585628742515,0.7145521357285429,3.6444233556593173,-0.003799113137500587,0.09095324956205954,3386.71875,0.0006897903553796782,0.0006866309909288975,0.004145061231299222,7.911160208036437e-05,Ball Fault,1,0.021,223,51
0.003615292033121257,0.1089041311000956,0.011847039434182062,0.10884410610677117,0.4208694211576846,0.7967443113772454,3.8645863743300657,0.17652610321683193,-0.014317714493087245,3386.71875,0.0005617587085795531,0.0007833941422556148,0.0045171062524409795,7.43412093109994e-05,Ball Fault,1,0.021,223,52
0.004065557771176396,0.10803029848603189,0.011654016630990374,0.10795377080486987,0.4039761676646707,0.784399241516966,3.739470994027699,0.2589424318964926,-0.014199411271599247,3386.71875,0.000681322495271921,0.0008023068949881234,0.004277496254120244,8.241405297820658e-05,Ball Fault,1,0.021,223,53
0.0037533777562063376,0.16869432205147092,0.028443686447824596,0.1686525613438011,1.0520923353293414,1.9698508183632737,6.2366789974610635,4.433599763110874,0.047913418257179784,3386.71875,0.0007999643015674053,0.001838411768795018,0.01137246098160429,0.00022509450728077962,Ball Fault,1,0.021,223,54
0.00423402076705963,0.2412737308436161,0.05819508626334183,0.24123657737445586,1.3178362075848302,2.4141108982035924,5.461996227177332,2.549760436938363,0.053527290371459486,3339.84375,0.0008338098853544163,0.005704502690447294,0.02211678004096046,0.000460399352044161,Ball Fault,1,0.021,223,55
0.003590704684381238,0.11157578586014898,0.012436262830179382,0.11151799330233388,0.4473463473053892,0.843525628742515,4.009349733517458,0.4856531187470954,0.05471978256719282,3386.71875,0.0006590999518536239,0.0010801661014369997,0.004325389232194497,0.00016639363330513205,Ball Fault,1,0.021,223,56
0.004000916838198603,0.10402634117836543,0.010805472323411508,0.10394937384809737,0.3513471856287425,0.6905117365269462,3.3774828725958583,0.1257464008453626,0.01610740497106418,3386.71875,0.0007667651052417251,0.0008201545496291749,0.003764786860310015,6.703707084558981e-05,Ball Fault,1,0.021,223,57
0.0038152426981973558,0.1075072868708336,0.011543260653481564,0.1074395674483175,0.4229810778443114,0.839789620758483,3.934441005403745,0.43723583653234144,0.006575872624132079,3386.71875,0.0006555287093203718,0.0007067775022758418,0.004350076912227765,7.380388593940078e-05,Ball Fault,1,0.021,223,58
0.004519789210641217,0.10655862562484374,0.011334312200546974,0.10646272681341097,0.34501221556886225,0.672643872255489,3.2377690078655066,0.13756796169546526,0.013378099182689774,3345.703125,0.0011781694073891907,0.0007478133756285236,0.0036184517009988427,0.00014315013191494304,Ball Fault,2,0.021,224,0
0.004241555599738024,0.10344092344896438,0.01068203385006884,0.10335392517978619,0.40608782435129737,0.7821251497005988,3.925794654681836,0.37984092622272936,-0.08169187728649727,3345.703125,0.001053885716227528,0.0006809452016307794,0.0035041919793497725,0.00011998819763166952,Ball Fault,2,0.021,224,1
0.0045947409672841815,0.10271811465175487,0.010529899433054619,0.10261529824083064,0.3544334530938124,0.706430379241517,3.4505447680328616,0.3110843393566136,-0.02081595129506058,3345.703125,0.0010515080745592282,0.0006975066263655452,0.003397613225681547,0.00013943345511411906,Ball Fault,2,0.021,224,2
0.004564363694486028,0.1050622446330313,0.01101724183139537,0.10496304983848063,0.45530566866267463,0.792520998003992,4.333675434529292,0.30578833184645093,0.007270739468378021,3345.703125,0.0010138468618279964,0.00067596380553135,0.0036889642921931393,0.00015068752516200502,Ball Fault,2,0.021,224,3
0.004519709896613024,0.10675999358719261,0.011377268453187865,0.10666427918093228,0.4618030738522954,0.9136976047904191,4.325619160656219,0.581879569237711,0.032795561806174926,3345.703125,0.0010872914248973946,0.0005334048513561845,0.003954957078406531,0.00013340906852362126,Ball Fault,2,0.021,224,4
0.004860680903817366,0.10588340312298541,0.011187668838055902,0.1057717771338645,0.3744129740518962,0.7436280239520958,3.536087460439943,0.25998189802412286,-0.04557631963498998,3345.703125,0.0011492913126777285,0.0007079152680781433,0.0036078414410038733,0.00015241628486196873,Ball Fault,2,0.021,224,5
0.004565474090880739,0.10576584914424463,0.01116557129152861,0.10566726688775767,0.33510367265469065,0.6692327345309381,3.1683542028549554,0.05109423464115803,-0.04440061592498384,3345.703125,0.0009781990529195933,0.0007488110277661444,0.003739652627103366,0.00013696683417913967,Ball Fault,2,0.021,224,6
0.004848783799588323,0.1065666786278271,0.01133294628943143,0.10645631164675691,0.3831844710578842,0.7168262275449102,3.595725005150209,0.23672003518712126,-0.041850844022266985,3345.703125,0.0011136727357751626,0.0007097726648106405,0.0037361818137648622,0.00013035665689384177,Ball Fault,2,0.021,224,7
0.004775101067396457,0.1067981501166626,0.011383043278137349,0.10669134584462485,0.41762071856287425,0.7718917365269462,3.910374085194171,0.3841320537018351,-0.006524778463041363,3345.703125,0.0010385900774136712,0.0007068264711341489,0.0038157088909252356,0.0001531990821671189,Ball Fault,2,0.021,224,8
0.004922069961639221,0.11236492648958527,0.01260164993230263,0.11225707074524362,0.4608284630738523,0.886083632734531,4.101177097433201,0.506209504160863,-0.08460493405947321,3345.703125,0.0011965751835147668,0.0006897053912811664,0.004288430240646279,0.0001503433925094566,Ball Fault,2,0.021,224,9
0.004788743080245758,0.10487462179321289,0.01097575423598084,0.10476523390887284,0.37847385229540914,0.7512624750499002,3.6088220946500007,0.060009551953432716,-0.04095301847310615,3345.703125,0.0010105822883807638,0.0006812957631673877,0.0036676343193137208,0.0001512968993905495,Ball Fault,2,0.021,224,10
0.004570946758826098,0.10316689469033728,0.01062251460577512,0.10306558400249387,0.39780363273453095,0.7941453493013972,3.8559232971833324,0.1632062657277591,-0.023922399782931092,3345.703125,0.0011836348914011174,0.0006819128425023163,0.003330591196020531,0.00013601370122041242,Ball Fault,2,0.021,224,11
0.004604496592751996,0.0991760251956634,0.009814682584738197,0.09906907986217596,0.40137720558882234,0.7561355289421157,4.0471192992152005,0.45386955160213827,-0.030483422775674722,3345.703125,0.0010103219872757924,0.0006524352994401506,0.0031278937245625884,0.00013789186654807755,Ball Fault,2,0.021,224,12
0.004680479431761477,0.10672228607125832,0.011367739456564354,0.10661960165262462,0.40462590818363275,0.7597091017964073,3.791390936973226,0.20757351775857602,-0.023770286415478924,3345.703125,0.0010775293475171759,0.0008246491975186387,0.0036575137468834655,0.0001460845706700703,Ball Fault,2,0.021,224,13
0.004718232909181637,0.10684699948387519,0.01139401957692194,0.10674277294937555,0.4080370459081836,0.7970691816367266,3.818891011251678,0.19548135769110875,0.03006812666158377,3345.703125,0.0010473048989762701,0.0006532538524060198,0.0038756692268418495,0.0001430435586444213,Ball Fault,2,0.021,224,14
0.004761696996631737,0.10860621342007341,0.011772635835158803,0.10850177802763789,0.39959041916167665,0.7501254291417165,3.6792592852502612,0.14678490809434708,-0.013188849570808315,3345.703125,0.001154223385769251,0.0006110469344371975,0.0040126648542056,0.00013105660111259313,Ball Fault,2,0.021,224,15
0.004945388285928144,0.11186302643354384,0.012488879817573132,0.11175365684206102,0.44312303393213576,0.8716269061876247,3.961300244235646,0.6445972203794312,0.007851496152112876,3345.703125,0.0010068095260611944,0.0007296191234283297,0.004379736504232414,0.00015273166717872478,Ball Fault,2,0.021,224,16
0.004815392593718813,0.10804730524295446,0.011651032164432532,0.1079399470281162,0.38838239520958084,0.7541863073852295,3.5945588308404983,0.10634896514844616,0.035643736640449744,3345.703125,0.0010059267136508,0.0006547455145356238,0.004040060881028047,0.00014797263211199102,Ball Fault,2,0.021,224,17
0.004967516899794161,0.1068804614179079,0.011398756808755158,0.10676496058518056,0.3956919760479042,0.7707546906187625,3.702191876780256,0.42657270350754306,0.052466084815468036,3345.703125,0.0011287507238729021,0.0007060374015236669,0.0037455498325689044,0.00014371676253524556,Ball Fault,2,0.021,224,18
0.004954985283339572,0.10389556059347028,0.010769735631873344,0.1037773367931233,0.42135672654690615,0.7819627145708583,4.05557970080762,0.4225632022401351,0.07721108540098237,3345.703125,0.0009405819932880532,0.000615806438881332,0.0037163112899251103,0.00013671998183559673,Ball Fault,2,0.021,224,19
0.005020895240768463,0.10671428320237662,0.011362728850378267,0.10659610147832925,0.41274766467065865,0.75434874251497,3.867782758638877,0.10252611445168291,0.019266593553832524,3345.703125,0.0011088159637638144,0.0006203570577119096,0.0038422357542868247,0.00013516528857676966,Ball Fault,2,0.021,224,20
0.005084346463323354,0.10487188666197833,0.01097226203308372,0.1047485657805572,0.3442000399201597,0.6817402395209581,3.2821001974493,-0.013395512957485867,-0.043846508456833584,3345.703125,0.000959469465464959,0.0007617115514448489,0.0036473086409107365,0.00014349215030659313,Ball Fault,2,0.021,224,21
0.00505880734624501,0.1059611969090798,0.011202183718638363,0.10584036904054314,0.39358031936127746,0.7704298203592814,3.714381592905087,0.20500306735541463,0.02275019705255366,3345.703125,0.0011087299847027474,0.000698488898760286,0.003674039586837924,0.00014542814208369243,Ball Fault,2,0.021,224,22
0.005174367885323104,0.10576495511275286,0.011159451646989962,0.1056383057748938,0.35183449101796405,0.6536389620758483,3.32656966235067,-0.05879992741416551,0.07723195735700368,3345.703125,0.0009784608347757357,0.0007157399192956235,0.0037679867363760865,0.00014431258976256816,Ball Fault,2,0.021,224,23
0.004865281117452595,0.10400053029840706,0.010792439341998044,0.1038866658527361,0.40690000000000004,0.7788764471057885,3.912480050173671,0.2358736116691027,0.03414514629349067,3345.703125,0.0011539001647005752,0.0006876577038932364,0.003428191504925708,0.00015014156010020147,Ball Fault,2,0.021,224,24
0.005217990600829591,0.10561411231034987,0.01112711329319285,0.1054851330434429,0.3890321357285429,0.7649070259481038,3.683524173221867,0.19936091808987033,0.027371779901041386,3345.703125,0.0009571683861789417,0.000702427643637309,0.0037746882848561127,0.00015650060507105623,Ball Fault,2,0.021,224,25
0.004939043163672654,0.10384427365579998,0.010759239023728055,0.10372675172648595,0.3674282634730539,0.7329073053892216,3.5382621548389253,0.22154342939521143,0.03306017107377446,3345.703125,0.001074215787158423,0.0007016031446508075,0.003488883683999997,0.00013931274725501668,Ball Fault,2,0.021,224,26
0.004906920982254242,0.11286205201596226,0.012713764911727687,0.11275533207670353,0.513944750499002,0.9257178043912175,4.553742744517121,0.6200464079623944,0.06751819455710566,3345.703125,0.0009981346266787674,0.0006798592477468751,0.0045238680555115835,0.00017909840247539347,Ball Fault,2,0.021,224,27
0.005095926311439621,0.11252977960420248,0.01263698283279876,0.11241433553065534,0.4036512974051896,0.7722166067864271,3.587062009940301,0.12494294680851992,0.01464549660503532,3345.703125,0.0010242103907930633,0.0007485709369870064,0.0044380836034859095,0.00013359502277536484,Ball Fault,2,0.021,224,28
0.00453081386056013,0.10220684111478759,0.01042571009642439,0.10210636658124894,0.3359158483033932,0.6464918163672655,3.286627828817536,-0.052887592649750736,0.013768832078918703,3345.703125,0.0010639559371303298,0.0006681972570482008,0.0033604042854342288,0.0001408262259461728,Ball Fault,2,0.021,224,29
0.0047886637662175645,0.10512204529043281,0.011027713105377923,0.10501291875468428,0.37002722554890216,0.728034251497006,3.519977417929657,0.10348204869166677,0.02033317701901628,3345.703125,0.0010162929945954713,0.0005921368818636525,0.0037933146592047193,0.00013504614443640052,Ball Fault,2,0.021,224,30
0.004496867456493263,0.1076783501214284,0.011574405267951653,0.10758440996701917,0.39991528942115767,0.7990184031936127,3.7139804702632886,0.33446675531479064,0.021565181459900554,3345.703125,0.0011322746931271056,0.0007878901342806063,0.0037477744420856213,0.00013948529856518382,Ball Fault,2,0.021,224,31
0.004400580226266218,0.10707707968366109,0.011446135887253302,0.10698661545844555,0.38838239520958084,0.7090293413173653,3.62712913311591,0.06563761710976879,-0.03700973090608289,3345.703125,0.0009549329441459719,0.0006441780809436125,0.00401262584535117,0.00013070047783663864,Ball Fault,2,0.021,224,32
0.0047921535834580834,0.10911901365856279,0.011883994405850163,0.10901373494129152,0.402514251497006,0.7618207584830339,3.6887636535690027,0.16857577285870695,-0.012373020202793376,3345.703125,0.0011675860212235424,0.0006808802880302766,0.003981132252764611,0.00013536365619442952,Ball Fault,2,0.021,224,33
0.004432623093656437,0.10189730822050598,0.01036341327509438,0.10180085105289828,0.3344539321357285,0.6633850698602795,3.2822646444395716,0.13598909292508,-0.01072400997823697,3345.703125,0.0009770782831980947,0.0006513904073351431,0.0034390699708331074,0.00013381643974509402,Ball Fault,2,0.021,224,34
0.00461226936751497,0.10634836698232676,0.011288702131089132,0.10624830413276784,0.3805855089820359,0.7463894211576847,3.5786681054094847,0.21504637656275571,-0.04681437132366748,3345.703125,0.0011675005837567174,0.0007441841096798491,0.003616320048179729,0.000137619473478842,Ball Fault,2,0.021,224,35
0.004394235104010729,0.10966981476959434,0.012008158969447812,0.10958174560321537,0.458229500998004,0.8495357285429141,4.178264565876216,0.2492364334685706,-0.015504821567778347,3345.703125,0.0009478408970742612,0.0007128889871319867,0.00421228690246881,0.00015037217986413538,Ball Fault,2,0.021,224,36
0.004514316542695858,0.10977628607772205,0.012030453931170214,0.10968342596386299,0.4767471057884231,0.8927434730538921,4.342897021045914,0.39416342774331037,-0.04361312230369847,3345.703125,0.0011049198825955828,0.0007167489058341675,0.004077658729115498,0.00013627976219768209,Ball Fault,2,0.021,224,37
0.004583954259449851,0.11223072106874733,0.012574722114958239,0.11213706842502277,0.411285748502994,0.7960945708582834,3.6646449794353493,0.14163614006391478,-0.014882458248165358,3345.703125,0.0010615425649781146,0.000717396856742149,0.004379915830459373,0.00014951847796341008,Ball Fault,2,0.021,224,38
0.0045110646675399204,0.11204588760409093,0.01253393122455385,0.11195504108593704,0.4337017964071856,0.8120132135728543,3.870751579385504,0.2794135304443537,-0.052150954947883424,3345.703125,0.001132553143989253,0.0006403023430684081,0.004368295104205481,0.00014616472952489216,Ball Fault,2,0.021,224,39
0.004587047506549401,0.10988111083155255,0.012052817512748596,0.1097853246693227,0.3898443113772455,0.7582471856287425,3.5478737739999353,0.12721242506484742,-0.0504737484588372,3345.703125,0.0010439604484036615,0.0006817262116005453,0.004175685240776136,0.00014607799389768674,Ball Fault,2,0.021,224,40
0.004094903961608033,0.10063116189545682,0.01010986250597485,0.10054781203971994,0.38513369261477043,0.7562979640718562,3.8271812166382033,0.1642882576417457,-0.018923091064660134,3345.703125,0.0010826680189244332,0.0005997222640640961,0.003237779551307124,0.00015153005801923642,Ball Fault,2,0.021,224,41
0.004590378695733533,0.1111774442138275,0.012339352525348481,0.11108263827146203,0.44702147704590817,0.8159116566866267,4.020792888404163,0.07106427295526352,-0.07941997344510196,3345.703125,0.0010419176925583113,0.0006199056854346192,0.004386081017142022,0.00014284402028870698,Ball Fault,2,0.021,224,42
0.004102042224145459,0.10573408735846827,0.011162870479119527,0.10565448631799564,0.415671497005988,0.8168862674650699,3.9312912930032184,0.554422441192354,-0.023568527021801934,3345.703125,0.0010438348572521564,0.0006731716564561091,0.003736827453967475,0.00014442860116744107,Ball Fault,2,0.021,224,43
0.0040434291573103786,0.10343863323066296,0.010683201525277426,0.10335957394105988,0.3739256686626746,0.7026943712574849,3.614951754329924,0.20342407049878197,-0.08557766525633048,3345.703125,0.0011696396600860655,0.0007544975024928395,0.0032905971271835867,0.00014321586112231913,Ball Fault,2,0.021,224,44
0.0043570368247879245,0.10662921561111931,0.011350805851950009,0.10654016074678135,0.40673756487025947,0.7618207584830339,3.8145039569047046,0.3901202156396635,-0.1169835227990248,3345.703125,0.0009012661144996017,0.00062443808013916,0.004037856925874867,0.00013082560434154973,Ball Fault,2,0.021,224,45
0.004166683157123254,0.111154412741606,0.01233794222339945,0.11107629010459184,0.4169709780439122,0.8215968862275449,3.75127687474918,0.17932747932128068,0.0015227466344313447,3345.703125,0.001198272328920201,0.000740698585888504,0.004099918679233239,0.00014744295653409197,Ball Fault,2,0.021,224,46
0.004521454805233284,0.10588734112850369,0.01119168545770834,0.1057907626293919,0.3448497804391218,0.6784915369261477,3.2567611648744297,0.0006119568047604496,0.014270713069823842,3345.703125,0.0009382899161614876,0.0006492135669820804,0.0038938240044192277,0.00013495887637795352,Ball Fault,2,0.021,224,47
0.004284147232877995,0.10657356416457393,0.01133957066122758,0.10648742020176646,0.4125852295409182,0.8240334131736528,3.871365594039741,0.296252180599498,0.017068508032509384,3345.703125,0.0011145025011886098,0.0005810153909192076,0.0038492476663416933,0.0001433737595073376,Ball Fault,2,0.021,224,48
0.004262335875124751,0.10801907992099972,0.01164995411986695,0.10793495318879306,0.47820902195608783,0.8784491816367266,4.4270792003211685,0.32799665318355054,-0.02780663624377094,3345.703125,0.0010156405494434694,0.0006793473246160993,0.004011905751431927,0.00013625755466857055,Ball Fault,2,0.021,224,49
0.004212923235560129,0.10549446647747966,0.011111333735179358,0.10541031133233293,0.4007274650698603,0.735831137724551,3.798563834202671,0.36607161113063746,0.039047375949985204,3345.703125,0.00109228400590274,0.0006299804809417559,0.003712072793095803,0.0001390785175858225,Ball Fault,2,0.021,224,50
0.0041380507929453594,0.10565514134233467,0.011145885427703721,0.10557407554747388,0.4185953293413173,0.779688622754491,3.961902128217508,0.23119412671997308,0.0717683468674379,3345.703125,0.000982206281353259,0.0007734597219755507,0.0036789542898261985,0.00015544594938126456,Ball Fault,2,0.021,224,51
0.003965463467596059,0.10895589934176783,0.011855663100860604,0.10888371366214786,0.48259477045908183,0.84823624750499,4.429267009630207,0.2726017255144315,0.06703330769061873,3345.703125,0.0010927658081155488,0.0006775402979608802,0.004030039093036987,0.00014321150019030096,Ball Fault,2,0.021,224,52
0.003865131221931137,0.10918275845132513,0.011905935503677665,0.10911432309132318,0.43971189620758483,0.7902469061876247,4.027301585383677,0.20329522234661068,0.034021034777190526,3345.703125,0.000990441899604414,0.0006278796112347526,0.004209719885555264,0.00013986792111357908,Ball Fault,2,0.021,224,53
0.004117191203530439,0.12810981773824665,0.016395174137520355,0.12804364153490932,0.6455172055888224,1.1763552095808385,5.038780141797876,1.0612767659917575,0.026068981096238578,3345.703125,0.0010529550370100352,0.001225900631583218,0.005664761645172061,0.00027092119358512284,Ball Fault,2,0.021,224,54
0.0038295192232722054,0.11294458073515753,0.012741813099959108,0.1128796398823061,0.40884922155688624,0.8170487025948103,3.6199100381415565,0.5350040375445646,0.07316920440598623,3345.703125,0.0010859929488214394,0.0006744017958118799,0.004470530128389178,0.00015464695176260906,Ball Fault,2,0.021,224,55
0.004110528825162176,0.09986223414446249,0.009955569361100959,0.09977759949558297,0.40462590818363275,0.7718917365269462,4.051841135441589,0.41916731197263113,-0.04266087805368391,3345.703125,0.0009830271700393906,0.0006021127301018748,0.0032722105364556757,0.00013733759940026907,Ball Fault,2,0.021,224,56
0.004275739945889471,0.10687486278504606,0.011403954343237547,0.1067892988236066,0.3939051896207585,0.7639324151696607,3.6856673249069543,0.11079579738431189,-0.024774800505031988,3345.703125,0.0011086242233980807,0.0006505055928434406,0.0038165898620745823,0.00014454114458831765,Ball Fault,2,0.021,224,57
0.004006944704341317,0.11056416330433894,0.012208378601324885,0.11049153180821092,0.3924432734530938,0.749313253493014,3.549461794169729,0.2070688075482101,-0.032953660821489934,3345.703125,0.0010250970330358358,0.0007412584082917366,0.004210559131366943,0.0001433303640395881,Ball Fault,2,0.021,224,58
0.004477356205557635,0.11830286900701853,0.01397552209670034,0.11821811238850136,0.40884922155688624,0.8152619161676646,3.4559535621459063,0.15935725608506734,0.05182129968630594,1388.671875,0.0020523147063247573,0.0009625649221097095,0.003899622119283611,9.330602503930367e-05,Ball Fault,3,0.021,225,0
0.004308734581618014,0.12215690035663075,0.014903743111044986,0.12208088757477555,0.40836191616766465,0.7839119361277445,3.3429295846200513,-0.03820855852605165,-0.009161223962560435,1388.671875,0.0020377036580486673,0.001277566925629582,0.0040580369718374665,9.712989147086913e-05,Ball Fault,3,0.021,225,1
0.004528751695827096,0.11313478328857239,0.01277896959782978,0.11304410465756178,0.43630075848303396,0.7660440718562874,3.856468769380709,-0.06185033997476319,0.09984567801729421,1388.671875,0.002130700589744654,0.0009715726592279681,0.0031956064679761562,0.00011212375328077254,Ball Fault,3,0.021,225,2
0.004645422631299899,0.11609172357375855,0.013455708330902573,0.1159987427988018,0.40998626746506983,0.7548360479041916,3.531571888538516,-0.04521453194736358,0.06290474418083275,1388.671875,0.0021017447408830255,0.0010050488823221174,0.0035455224710365576,9.712389173174292e-05,Ball Fault,3,0.021,225,3
0.004658906016092814,0.11488856399143492,0.01317767673074725,0.1147940622625894,0.41680854291417163,0.8328049101796406,3.627937615664212,0.2581527971891848,0.04848665198057544,1388.671875,0.002054879160117029,0.0009194892297661613,0.003540468625237615,9.57072946213054e-05,Ball Fault,3,0.021,225,4
0.004757493353137474,0.11187179527271679,0.012492664834535514,0.11177059020393296,0.3641795608782435,0.7059430738522954,3.2553295492439402,-0.040966379949069154,0.011204755916181162,3298.828125,0.001981780673060213,0.0008787464779689752,0.003319424371383347,8.901520065604765e-05,Ball Fault,3,0.021,225,5
0.004955778423621507,0.11817503318803034,0.013940778729208039,0.11807107490494037,0.4207069860279441,0.8279318562874252,3.5600327300822494,0.10141663162528358,0.037697958176167355,3298.828125,0.0021044181031893787,0.0009411538699115164,0.0038519524932496257,9.74255586239208e-05,Ball Fault,3,0.021,225,6
0.004888361499656936,0.11826267875691648,0.013962165108610296,0.11816160589891413,0.4437727744510978,0.8368657884231536,3.7524329663058995,0.13117993629477587,0.0552563318753336,3298.828125,0.002070832624739337,0.0009264170970671039,0.003919838260831798,8.789238620971927e-05,Ball Fault,3,0.021,225,7
0.0043511675867015966,0.11719693698364778,0.013716189378981544,0.11711613628779573,0.4540061876247505,0.8371906586826348,3.8738741754666925,0.08320573502766182,-0.011371295061294575,1388.671875,0.002114366294211285,0.0009513108980075113,0.0037148976824106375,9.645261293916937e-05,Ball Fault,3,0.021,225,8
0.00456023936501996,0.11328798586372961,0.01281337195799432,0.11319616582726784,0.3958544111776447,0.7892722954091816,3.494231168111727,0.05822355807430446,-0.01848570217332181,3298.828125,0.0021086693993350885,0.0009146997474541707,0.003313082608629982,9.103024973000837e-05,Ball Fault,3,0.021,225,9
0.004343077555825849,0.1167039933348111,0.013600959737635716,0.1166231526654794,0.4301282235528942,0.8215968862275449,3.685634152371316,0.05985985014399153,0.016967736565692854,1388.671875,0.002050734223596743,0.000859599509070236,0.003804952178445272,0.00010405793820399196,Ball Fault,3,0.021,225,10
0.004434685258389471,0.11248935125936367,0.012634187713411524,0.11240190262362788,0.40186451097804393,0.7986935329341318,3.5724671400359997,0.17103054645868054,0.02533497324452974,3298.828125,0.00204728678424574,0.0008789160208283416,0.0033124064295060773,9.815172392110892e-05,Ball Fault,3,0.021,225,11
0.004280340159524701,0.11549967340683676,0.013321853245204712,0.11542033289331959,0.4481585229540918,0.8467743313373253,3.880171343649566,0.26158994933795654,-0.01046477836916202,1388.671875,0.00212016098991636,0.0010118703681577087,0.003440728247956322,0.000106489604741788,Ball Fault,3,0.021,225,12
0.004468948918569112,0.11661196284000151,0.013578378372961115,0.1165262990614613,0.41502175648702594,0.7858611576846307,3.5589981197423137,0.05079303103495736,-0.03715919132408988,3298.828125,0.0021196944130511554,0.001103623934050367,0.0034979500593465005,8.789983144332731e-05,Ball Fault,3,0.021,225,13
0.004577847079278942,0.12489477248109856,0.015577747509224112,0.12481084692134779,0.5141071856287426,1.0072602395209582,4.11632268841794,0.2639283694699346,0.0007574551310041359,3298.828125,0.0020916000472191,0.0010036323270723759,0.004621581428586187,9.301783690318633e-05,Ball Fault,3,0.021,225,14
0.004400738854322605,0.11510492476883125,0.013229777203574357,0.11502076857495935,0.4036512974051896,0.7999930139720559,3.5068117043285065,-0.008195422785080009,0.037418805009773105,1388.671875,0.0020133132542486817,0.0009433647488062376,0.003583405028020326,9.41733898508495e-05,Ball Fault,3,0.021,225,15
0.004884950996444611,0.11699547778390999,0.013664079075647711,0.1168934518082502,0.40560051896207583,0.7850489820359281,3.4668050991784294,0.34157470710999416,0.018096301209650677,3298.828125,0.002064884439434316,0.0009467583070458058,0.0037474060544852262,9.685349441946091e-05,Ball Fault,3,0.021,225,16
0.004640425847523702,0.11642788910093793,0.013533919808453938,0.11633537642718116,0.41973237524950097,0.8298810778443113,3.605084473236573,0.12399375689310066,-0.029654808198909755,1388.671875,0.0019923576030779224,0.0009175701262267096,0.0037807960941380237,9.777010878932643e-05,Ball Fault,3,0.021,225,17
0.004919769854821607,0.11845856351587146,0.01400822713481934,0.11835635654589634,0.4834069461077844,0.9253929341317365,4.08081046874265,0.016217021939926024,-0.021627336432158972,3298.828125,0.002098354551657465,0.0009323130066569574,0.003902191204297506,9.545894407521498e-05,Ball Fault,3,0.021,225,18
0.004982507251122754,0.11953495203242828,0.014263779378887443,0.11943106538454491,0.40235181636726547,0.784399241516966,3.3659763067300403,0.030756779839242743,0.04598144731858628,3298.828125,0.0021363536190459383,0.0008035503577832239,0.004115668456868641,0.00010114293263460552,Ball Fault,3,0.021,225,19
0.0050470688700723545,0.12081887078498368,0.014571726633579328,0.12071340701669939,0.40007772455089824,0.7904093413173653,3.3113844050313954,-0.11491637564805357,0.06135402510324036,3298.828125,0.0020436745216612477,0.0009056758389967094,0.004263747809008063,9.823833438507462e-05,Ball Fault,3,0.021,225,20
0.004932460099332585,0.11767795355380516,0.013823771589980018,0.11757453631624502,0.40186451097804393,0.7917088223552895,3.414951559251087,0.09184153908268744,0.0709322913261223,1388.671875,0.00201194093379208,0.0009007192635670599,0.003931300214334652,9.22550073170757e-05,Ball Fault,3,0.021,225,21
0.004948243590943114,0.11797941232031907,0.013894656616812546,0.11787559805495175,0.41940750499001994,0.8008051896207584,3.554921123452547,0.24049394181027495,0.04070159340927813,3298.828125,0.002067310419130806,0.0009538567635699324,0.0038618045316389893,8.884275225599605e-05,Ball Fault,3,0.021,225,22
0.004758207179391217,0.11545418067343562,0.013307027299412305,0.11535608913018985,0.36677852295409186,0.7195876247504991,3.176831889626691,-0.05558252349449644,-0.008496058106889443,1388.671875,0.002069420475354349,0.0009374150666607608,0.0035833431080630196,8.597566608723321e-05,Ball Fault,3,0.021,225,23
0.00447703894944486,0.11836946206294154,0.01399128567131531,0.11828476516997152,0.3939051896207585,0.7545111776447107,3.3277602411617293,-0.05269018437099238,0.10265219044443863,3298.828125,0.002115894369733675,0.0008457314982768517,0.003962331969790319,9.172889146740371e-05,Ball Fault,3,0.021,225,24
0.004662871717502494,0.1183493064168636,0.013984815956698787,0.11825741396081173,0.44913313373253494,0.8816978842315369,3.7949790102744356,0.16577810918574754,0.07429815872393875,3298.828125,0.0020725766759656476,0.0009907540879333947,0.0038611798391058987,8.964018795836711e-05,Ball Fault,3,0.021,225,25
0.004399787085984282,0.11895707164289425,0.01413142676745068,0.1188756777791432,0.42720439121756487,0.8350790019960079,3.5912483832825033,0.2215493879964665,0.03528566823289654,3298.828125,0.002098443056093161,0.0009322501424404365,0.003966804014229408,8.757484956644406e-05,Ball Fault,3,0.021,225,26
0.004459113979073104,0.11424239639984783,0.013031441437701598,0.1141553390678754,0.3578445908183633,0.6992832335329342,3.1323274204255043,-0.001312568142585846,0.046320890256455145,1388.671875,0.002000799017965491,0.0009274203931052047,0.003518938375947548,8.844663814623005e-05,Ball Fault,3,0.021,225,27
0.004480370138628993,0.11958826763220338,0.014281280038692385,0.11950430970761006,0.4007274650698603,0.7546736127744511,3.3508928008080803,0.13246344741834593,0.05888305577856754,3298.828125,0.002035792044017894,0.0009591312371276572,0.004070398276321931,9.539262077373272e-05,Ball Fault,3,0.021,225,28
0.004524785994417415,0.11789557137223321,0.013878892060890057,0.11780870961389084,0.46245281437125746,0.8675660279441118,3.9225630699150624,0.2112250782102767,0.04161100459798096,3298.828125,0.0021331526221818426,0.0007125796388105866,0.004020514099947124,9.367433364478255e-05,Ball Fault,3,0.021,225,29
0.004142888948665169,0.1175580194263022,0.013802724402593872,0.11748499649995259,0.4608284630738523,0.8622056686626747,3.9200087354546516,0.19399646552616456,0.08231002902283181,3298.828125,0.0022051604872404783,0.0010538614845713693,0.0035611569746989316,9.834759533067522e-05,Ball Fault,3,0.021,225,30
0.004383765652289172,0.11456656929109557,0.013106281397837212,0.11448266854785144,0.4122603592814371,0.8055158083832336,3.598435056861558,0.10195351535184516,0.027195508606994406,1388.671875,0.0020979120027265403,0.000894737185272435,0.003481299801251474,9.84096579054235e-05,Ball Fault,3,0.021,225,31
0.0044467409906749,0.11973207510986834,0.014315996304677007,0.11964947264688218,0.3974787624750499,0.7847241117764471,3.3197350176242755,0.11075399042939882,-0.007733820305289502,3298.828125,0.0021140136546138185,0.0008934515459367016,0.004073561861383948,9.674473323454659e-05,Ball Fault,3,0.021,225,32
0.00424147628570983,0.1184921501451714,0.014022399524943604,0.11841621309999574,0.4440976447105789,0.8724390818363275,3.747907723562193,0.019956226358913476,-0.014462930272905575,1388.671875,0.0020718944335329833,0.001170084360551042,0.0036909592426903164,9.62518473112633e-05,Ball Fault,3,0.021,225,33
0.004272646698789921,0.11588189657577949,0.013410358444186976,0.11580310204906852,0.4496204391217565,0.8163989620758483,3.87998861261071,0.03134586628301461,0.01686631384205737,1388.671875,0.0021452753065361774,0.000911612475972761,0.0035635357567703097,0.00010301690806867718,Ball Fault,3,0.021,225,34
0.0041935706126808876,0.11594072316059403,0.013424665252517964,0.11586485771155101,0.40024015968063875,0.7498005588822356,3.452110257465364,-0.03987934456084874,0.019938396852771344,3298.828125,0.002153004176240669,0.0007805230639948098,0.0036925440768350243,0.00010385139560022916,Ball Fault,3,0.021,225,35
0.0043672683344249,0.1155945961443298,0.013343037625065838,0.11551206701061945,0.4094989620758483,0.7852114171656686,3.542544164993263,0.11357377571399452,0.08808175106226825,1388.671875,0.002197727829997234,0.0008618248842734656,0.003546152985102252,8.48873047686745e-05,Ball Fault,3,0.021,225,36
0.004245124731006736,0.11565358228636159,0.013357730011686404,0.1155756462741455,0.4395494610778443,0.8232212375249501,3.8005693588418836,0.12850968991970024,0.04017470247108127,3298.828125,0.0021371587512869486,0.0009405495095901814,0.0035290923621993974,9.0085498834272e-05,Ball Fault,3,0.021,225,37
0.004268601683352045,0.12433930454498042,0.015442041694398272,0.12426601182301729,0.46423960079840315,0.8839719760479041,3.7336512577200556,0.20407184807618028,0.00450185922497437,3298.828125,0.0021020502044855408,0.0009257238930802258,0.004607751716972336,0.000103718801875062,Ball Fault,3,0.021,225,38
0.004228548099114271,0.11585738538000763,0.013405053128065083,0.11578019315956026,0.43110283433133734,0.8443378043912175,3.7209784505091075,0.06626261416517965,-0.025013805873913466,1388.671875,0.0021400806442700647,0.0009871631880287069,0.003487401138860876,0.00010576276674048514,Ball Fault,3,0.021,225,39
0.004383765652289171,0.11779937027295681,0.013857474235410991,0.11771777365976215,0.4980261077844311,0.8620432335329341,4.227748472936981,0.10812834726724008,-0.0405537862211245,1388.671875,0.0021555839380371297,0.0008033579725719804,0.003888441203835136,0.00010057516215367327,Ball Fault,3,0.021,225,40
0.00412972281998503,0.11930623544425308,0.014216923205309645,0.11923473992637232,0.44669660678642714,0.8584696606786426,3.744117858744694,0.11190520584841712,-0.010132071839233807,1388.671875,0.0022034289601628723,0.0009645003800350806,0.003863046306066803,9.454200431287596e-05,Ball Fault,3,0.021,225,41
0.0043179350088884735,0.11897041672401736,0.014135315492745364,0.11889203292376392,0.4192450698602795,0.8186730538922156,3.5239438627236788,0.055519321179315906,0.047265186133142144,1388.671875,0.002196450859358279,0.000923353923392046,0.003874118439875025,9.237940256214946e-05,Ball Fault,3,0.021,225,42
0.0038965395770958083,0.11782394202254051,0.013867298293055115,0.11775949343070016,0.3991031137724551,0.783749500998004,3.3872836617205015,0.021685502347367436,0.01765173095606922,1388.671875,0.002071121573723317,0.0010114354649233583,0.0037572912537773735,0.00010898392958409196,Ball Fault,3,0.021,225,43
0.00452930689402445,0.11845480274781879,0.014011025673084402,0.11836817846484081,0.44263572854291416,0.8753629141716566,3.7367478420039393,0.1537263765327559,-0.018533434205277973,3298.828125,0.002109328719030234,0.0008516122644514412,0.003974152560461071,9.093391908812339e-05,Ball Fault,3,0.021,225,44
0.004341094705121007,0.128077855802304,0.016385092043676944,0.12800426572453336,0.4700872654690619,0.9198701397205589,3.6703242923950126,0.4563490616943966,0.031133070103345453,3298.828125,0.002209572556493191,0.0010185973661986007,0.004871026442678651,0.00011219543397400747,Ball Fault,3,0.021,225,45
0.004381148289358783,0.12198061725263348,0.014860076525000113,0.12190191354117504,0.4657015169660679,0.8716269061876247,3.8178321068957675,0.0594704417761327,0.004098954548874387,1388.671875,0.0021877278776067364,0.0010330741558375045,0.004122233498666463,0.0001061974552472717,Ball Fault,3,0.021,225,46
0.004134719603761227,0.11634626579096269,0.01351935765729961,0.11627277263959783,0.38627073852295407,0.7381052295409181,3.320009764790904,0.07121102864607654,-0.03537966022578637,1388.671875,0.002232647783828829,0.0009577176161245579,0.0034973541626676795,8.905843824706054e-05,Ball Fault,3,0.021,225,47
0.004468552348428143,0.11930036659327192,0.014212609509198428,0.11921664946306128,0.46472690618762474,0.8755253493013972,3.895435692767046,0.13258909650542794,0.10436439540289477,1388.671875,0.0021715650395699336,0.0008629726932638796,0.004003998886655344,8.773839991739707e-05,Ball Fault,3,0.021,225,48
0.004403594159337575,0.11946352550102572,0.014252142283614069,0.11938233656456079,0.4427981636726547,0.8120132135728543,3.706555300587147,-0.0032906210975292005,0.07892262087168427,1388.671875,0.002091374163193482,0.0008779656327425208,0.004068915059433021,0.0001072083198980189,Ball Fault,3,0.021,225,49
0.003959911485622505,0.11875232020668716,0.014086432655497593,0.11868627829491324,0.4393870259481038,0.8363784830339321,3.700028977820015,0.024399133925495864,0.05000783004268754,1388.671875,0.0021341938240572707,0.0009686014183568519,0.0038613988690402927,9.470321159492003e-05,Ball Fault,3,0.021,225,50
0.0042749468056075355,0.11731382512110805,0.013744258394355148,0.11723590915054631,0.41063600798403194,0.7946326546906188,3.5003206788297536,-0.02601809139681155,0.03548267008031262,1388.671875,0.002186130746259016,0.0008210624848477998,0.0037942446558853643,8.896726357333993e-05,Ball Fault,3,0.021,225,51
0.004288509504428643,0.11842392977731776,0.014005835830133513,0.11834625397592234,0.3963417165668663,0.783424630738523,3.3468042929510964,0.10441596700888356,-0.004433198801866201,3298.828125,0.0021669394481177084,0.0008675118329092248,0.0039001456841998615,8.671318760234639e-05,Ball Fault,3,0.021,225,52
0.0044579242686502,0.11681138535481102,0.013625026659725136,0.11672628949694724,0.3836717764471058,0.7439528942115768,3.2845409313631073,-0.10578430586762844,0.06498165218942567,1388.671875,0.0022088318579242916,0.0008982760765037422,0.0036205225831610305,0.00010475695187215114,Ball Fault,3,0.021,225,53
0.004215223342377745,0.12206564319159996,0.014882253139952867,0.12199284052743778,0.5763198403193612,1.051117724550898,4.7213927297687075,0.34420588929513984,0.09523668510250059,1388.671875,0.002144625426675492,0.0008860433040738779,0.004334843486413289,9.338255154073407e-05,Ball Fault,3,0.021,225,54
0.004644946747130739,0.11998635373641708,0.01437514955267693,0.11989641175897188,0.4806455489021956,0.908662115768463,4.005835113200167,0.269106116656022,-0.00711905459100804,1388.671875,0.002155405321367494,0.0009390030064181467,0.004022802191725537,9.194280791234378e-05,Ball Fault,3,0.021,225,55
0.0043617163524513475,0.12075476281863162,0.014562688173844738,0.12067596352979634,0.43613832335329344,0.8433631936127745,3.611769119271545,0.06783038372701666,-0.03335658931523305,1388.671875,0.0022152619682520875,0.0010337197628101091,0.003952144291382873,9.924348125319119e-05,Ball Fault,3,0.021,225,56
0.004586412994323852,0.11751567005451562,0.013788897524207278,0.1174261364612124,0.4070624351297405,0.784399241516966,3.463899196940322,0.018301044700276048,-0.05757748495343856,1388.671875,0.0021771493191540554,0.0008873322395516975,0.003749741655675567,0.00010126086277402154,Ball Fault,3,0.021,225,57
0.00406341629241517,0.1180729577966245,0.013924712010878002,0.11800301695667786,0.4146968862275449,0.7915463872255489,3.5122088407562564,-0.09913967234014187,0.011892815745187274,1388.671875,0.0023184104430814347,0.0009066157710944509,0.003661639504137768,9.220192217299002e-05,Ball Fault,3,0.021,225,58
0.006085170528084454,0.5653261161190251,0.3195565882658655,0.5652933647813899,4.689908283433134,9.02652015968064,8.295934239920573,16.210962507219858,-0.13308719681728112,2794.921875,0.01447506997971289,0.05441345270214683,0.09058932617377757,0.000337475139117336,Outer Race Fault,0,0.021,234,0
0.005885695747177521,0.5666255775503759,0.3210299037198686,0.5665950085553778,5.084625648702595,9.932502095808383,8.973519463565948,20.301752859954576,-0.04040065624129987,2794.921875,0.014164444517718713,0.05462472200683728,0.09141764310123136,0.0003427837775546303,Outer Race Fault,0,0.021,234,1
0.005434993781967316,0.6276818705103702,0.39395499140998713,0.6276583397119703,6.063297305389221,11.490661077844312,9.659825447020056,22.346224128027806,0.23342024090908398,3480.46875,0.014814041574796152,0.0703159603203147,0.11152201301142284,0.0003550252307130912,Outer Race Fault,0,0.021,234,2
0.005868246660974925,0.6272277850718654,0.3933802580472841,0.6272003332646469,5.074067365269461,10.086815469061875,8.089672501813824,16.459684792612297,0.2705680316738942,2794.921875,0.013127408926750897,0.07689595104229749,0.1064142886944571,0.0002869428131769504,Outer Race Fault,0,0.021,234,3
0.005935663584939495,0.5559911837249948,0.3090909642777273,0.5559594987746206,4.741075349301397,8.652513273453094,8.527249150854225,15.414623200003863,-0.15797112574498762,3375.0,0.012278119979393917,0.04918680630794715,0.09274083684041948,0.0003749512982633678,Outer Race Fault,0,0.021,234,4
0.005375904830963072,0.6233911467800076,0.3885876215309413,0.6233679663978101,5.300664371257485,10.30691506986028,8.502950994150178,16.35524305641548,0.09057115740325053,3439.453125,0.01375176753723287,0.04959579884891853,0.13062679527344587,0.00034834980115439914,Outer Race Fault,0,0.021,234,5
0.005813916551662301,0.5687655632419781,0.323460464304295,0.5687358475639591,4.839348602794412,9.435450598802397,8.508511969694512,17.724287988728562,-0.19287020073822497,3375.0,0.013323982105838614,0.03932465794240489,0.10870417402573992,0.00041122611330571415,Outer Race Fault,0,0.021,234,6
0.005384827659134856,0.5497117582165635,0.302154020752627,0.5496853834263987,4.16930369261477,8.234648902195609,7.584527036753394,13.914005903421533,0.3758573851844203,2794.921875,0.014582476992596499,0.08125734089748413,0.055015606693635026,0.0002505822551104778,Outer Race Fault,0,0.021,234,7
0.006222383796859409,0.626385215995919,0.39231972075813865,0.6263543092836024,5.253558183632735,10.093718962075847,8.387104371995527,18.404594611590785,0.012264823938155511,3439.453125,0.012863847590670168,0.049830578221070114,0.13314502416500246,0.00035912873154703184,Outer Race Fault,0,0.021,234,8
0.005125272501871258,0.5633935614566595,0.31738603667260035,0.5633702483026596,5.092341317365269,9.068753293413174,9.038692782002995,14.542806576602597,0.3536392084837905,2794.921875,0.013132736974636385,0.07577169394883795,0.06950254711869765,0.0003123092671876987,Outer Race Fault,0,0.021,234,9
0.005503203846213824,0.5707568805335994,0.3257331314238725,0.5707303491350995,5.009093313373254,9.472810678642716,8.77622939681474,14.82574006338466,0.39152590840614593,2794.921875,0.01245651401776041,0.07903730654495086,0.07111035502847582,0.00029267775404323424,Outer Race Fault,0,0.021,234,10
0.0055995703904690615,0.5428590728306742,0.2946646177660215,0.5428301923861839,4.345545808383234,7.949169161676647,8.004924345694178,13.996731621810454,-0.056041403137784135,2794.921875,0.014991454787559626,0.06492536074726053,0.06708604545438429,0.0003608137892398127,Outer Race Fault,0,0.021,234,11
0.0053215747216504485,0.5501731844148908,0.3026622136917033,0.5501474472281984,5.143508383233533,9.876461976047903,9.348889638639248,18.4038294539252,-0.015503447892315317,2794.921875,0.014746734796645296,0.05420580960675859,0.08207062809591967,0.00033625865739998344,Outer Race Fault,0,0.021,234,12
0.004109656370852045,0.5817986871927229,0.3384728231436893,0.5817841723042053,4.984728043912176,9.559307385229541,8.567788401112303,14.716408762714806,-0.18026387653429524,2794.921875,0.014837219635291854,0.058001718702585935,0.09585825969776934,0.0005561082921549903,Outer Race Fault,0,0.021,234,13
0.006935416910319988,0.6859787905945705,0.4705188011378696,0.685943730299993,6.652936826347305,12.632580039920159,9.698458491086711,19.441531880619152,0.25932753875210157,2794.921875,0.01492783240704828,0.0749034882467095,0.14500239870897946,0.0004737823368297545,Outer Race Fault,0,0.021,234,14
0.005991381689745509,0.5588885144598518,0.3123204749405877,0.5588563992123448,4.702903093812376,9.368852195608783,8.414742783464757,15.331331788116604,0.3586348229372994,2794.921875,0.014086239874146032,0.08773169784622574,0.05417062470076161,0.0002075845380295729,Outer Race Fault,0,0.021,234,15
0.005546033421438373,0.5486590178113265,0.3009959593389778,0.5486309864918111,4.225343812375249,8.146121756487027,7.701220020461352,13.727224602955353,-0.049674528300045824,2794.921875,0.01429272433849306,0.0526162078005914,0.08316820381265885,0.0004518400030015657,Outer Race Fault,0,0.021,234,16
0.00509354689059381,0.5600571451272784,0.3136380615881907,0.5600339825298021,5.063509081836327,9.339207784431139,9.04105790969883,15.80723394435594,-0.07889115142764477,2794.921875,0.015372439956189131,0.06149953548904209,0.07950435811634435,0.00046891028623349953,Outer Race Fault,0,0.021,234,17
0.005310669042773828,0.5855403406104498,0.34282928727651973,0.5855162570557028,5.246248602794411,9.842756686626746,8.959670647670462,18.20762424901571,-0.020954841492883867,3439.453125,0.013932301637043716,0.05122280706071533,0.10589234827475033,0.000395396553135058,Outer Race Fault,0,0.021,234,18
0.005278745146425899,0.5796332311754426,0.3359468175325632,0.5796091937957534,4.630213373253493,8.980632235528942,7.988177910130943,14.940959196955497,-0.036805970303696575,3439.453125,0.0128497108176329,0.05385476492379758,0.10095506629547468,0.0003417327799773302,Outer Race Fault,0,0.021,234,19
0.005339023807853042,0.5589368845452282,0.3123819357299049,0.5589113845055448,4.180674151696607,8.131096506986028,7.4796891514829245,15.057297773644457,-0.013319801464103095,2794.921875,0.012737797362190002,0.057756857076111945,0.0853924677935536,0.00033235113040234337,Outer Race Fault,0,0.021,234,20
0.004721365813295282,0.512150968695964,0.26227632344107144,0.5121292058075495,3.336011477045908,6.46979121756487,6.513726773845693,11.61974420310381,-0.22757587232999238,3439.453125,0.012556932938943851,0.05374020030652233,0.06452590853558852,0.0003374118786555438,Outer Race Fault,0,0.021,234,21
0.004275422689776698,0.6059853233828403,0.36719993291622927,0.6059702409493631,5.370917564870259,9.891487225548904,8.86311492642719,17.994236513769287,0.06954229139505853,3439.453125,0.015079191366197623,0.06760649965564684,0.10045338332806282,0.00047923862854710287,Outer Race Fault,0,0.021,234,22
0.006035400975392964,0.6216617443719625,0.3864268983506576,0.6216324463464383,5.0793465069860275,10.052704091816366,8.170595268199216,19.120681087316132,0.18164091691964238,3427.734375,0.014980097287937977,0.06724903511742637,0.11062879958509168,0.00039206009677218343,Outer Race Fault,0,0.021,234,23
0.005923766480710456,0.6238252391211929,0.38912283795529556,0.6237971128141709,4.863307784431138,9.41798882235529,7.795945850607568,16.110938823708132,0.26100720816991885,2794.921875,0.014962369361610137,0.08204003513050673,0.09735538025868662,0.0002387252448316772,Outer Race Fault,0,0.021,234,24
0.004007142989411799,0.5908573786620656,0.3490963847244699,0.5908437904594326,5.65274251497006,10.254123652694611,9.56701687938653,17.148681330167467,0.589016084798568,2765.625,0.013708082885574168,0.09365384872910108,0.0669959505238068,0.00020637083708468327,Outer Race Fault,0,0.021,234,25
0.004087646728028317,0.5532443464467429,0.3060625980195105,0.5532292454484945,3.937833632734531,7.353844411177645,7.117711474189641,11.651395981604038,0.22756446048541415,2841.796875,0.013696599659974908,0.07521225205374846,0.06390301717061411,0.00023614145865148993,Outer Race Fault,0,0.021,234,26
0.00446339693659556,0.5932552981515963,0.3519319268727259,0.5932385075774548,5.012342015968064,9.523571656686627,8.448878638901334,17.26253640701315,0.060959053068990215,2783.203125,0.013711179118397074,0.062037187881977485,0.09997122355461012,0.00026629495282559526,Outer Race Fault,0,0.021,234,27
0.0039329843730507765,0.645908785113339,0.4171826903205109,0.6458968108920425,5.639341616766467,10.906300698602795,8.730863779437401,22.099571762589186,0.3212723348855439,3486.328125,0.014383545997954628,0.0645053621241126,0.12939230564712573,0.00032560030539665713,Outer Race Fault,0,0.021,234,28
0.004176875009746131,0.6473816601837689,0.4190855676574457,0.6473681855462513,6.038525948103792,11.517868962075848,9.327613553942301,22.809711545058885,0.2776206202556292,3427.734375,0.014279855462241059,0.06314996379758532,0.13179381651341227,0.000336594533004028,Outer Race Fault,0,0.021,234,29
0.003580036947589198,0.6206333280561102,0.38517291122945707,0.6206230024978586,5.477718662674651,10.682140219560878,8.826014355096673,19.20565764335346,0.2218519345091954,3439.453125,0.01401333292387509,0.062173927417780106,0.11607775275112647,0.0003342835388142835,Outer Race Fault,0,0.021,234,30
0.004329554514018837,0.6510158681582611,0.4238029155515646,0.6510014712360983,6.304107385229541,12.53593113772455,9.683492666721023,23.163242381249262,0.328203346513775,2794.921875,0.012918612669536166,0.06631545030534931,0.13229812445892947,0.0003880249345259375,Outer Race Fault,0,0.021,234,31
0.003583606078857907,0.6140760241984369,0.3770765212628308,0.6140655675600374,5.745330538922156,10.642749700598802,9.356057413936046,19.967377072495065,0.3221288709765634,2794.921875,0.012676125396677475,0.07303443836322515,0.1025162984434608,0.00032429902129371604,Outer Race Fault,0,0.021,234,32
0.002913799110762849,0.5497308752798916,0.30219554501073786,0.5497231530604636,4.8222929141716575,9.357481736526946,8.772097640898233,18.454934658220562,0.0846636121430751,3439.453125,0.01411989032120621,0.057874695858359436,0.07882367967575775,0.0002880052065888097,Outer Race Fault,0,0.021,234,33
0.0041029146784555895,0.5572020130605987,0.3104572494499249,0.5571869071056184,4.471026946107784,8.643579341317366,8.024068185879896,17.02582859707045,0.13538907728513688,2794.921875,0.014996995067315408,0.0760160558462167,0.06399652630381664,0.00023588637048914868,Outer Race Fault,0,0.021,234,34
0.0036309962107035918,0.5686234168272589,0.32331940603082443,0.5686118236818721,5.133356187624751,10.073414570858283,9.027690446283897,20.733210340974512,0.21431722013818144,2865.234375,0.014690681000014725,0.07005855965467545,0.07669877343215775,0.00022487306401227942,Outer Race Fault,0,0.021,234,35
0.0037598815065182103,0.5447788043896128,0.2967698090032329,0.5447658295113901,4.219252495009981,8.28540988023952,7.744891065902174,15.602176911635986,-0.17885098659990226,3509.765625,0.01360288415423594,0.06267228326391672,0.07182419164571806,0.00029968551607441,Outer Race Fault,0,0.021,234,36
0.004039463455900698,0.5355968307760064,0.2868476478722905,0.5355815977722633,4.343109281437125,8.630990618762475,8.108915198666422,15.79572219168265,-0.15409191075004777,3439.453125,0.012686657229266388,0.04704653755448887,0.08331381217490567,0.0003931373878533909,Outer Race Fault,0,0.021,234,37
0.004200669218204216,0.5310464501918961,0.28199268663953325,0.5310298359221761,4.032452095808384,7.999117964071857,7.593407496371058,13.609468928243675,0.1554011838692345,2794.921875,0.013978291165058911,0.06321855359618295,0.06347613374756202,0.0003410105618228186,Outer Race Fault,0,0.021,234,38
0.004701933876387848,0.5231056641163297,0.2736174276484085,0.5230845320293924,3.405046407185629,6.5445113772455095,6.509289883025248,10.438798128421261,-0.2372278073619961,2794.921875,0.015738756566989313,0.053817488168750136,0.06677017524245141,0.000504644913191577,Outer Race Fault,0,0.021,234,39
0.0036169179706992253,0.5549776572188575,0.30798711791652494,0.5549658709475069,4.186765469061877,7.8196271457085835,7.544025267688948,11.964967530995802,0.016650692564631506,2794.921875,0.014945233951693077,0.05944862504568021,0.07907631486217946,0.0005367215438304292,Outer Race Fault,0,0.021,234,40
0.0040307389127994,0.5757664426393116,0.3314907496133446,0.5757523335717751,5.131325748502994,8.88641986027944,8.912165365145304,14.577193612360542,-0.06066928481003334,2794.921875,0.014008286813864687,0.05384807695541004,0.09754017035569824,0.00036508816074191415,Outer Race Fault,0,0.021,234,41
0.005184361452875499,0.5725976726066061,0.3278412170708279,0.5725742022400485,4.450722554890219,8.21678103792415,7.7728617628315355,12.88323419795004,0.20823779983390878,2794.921875,0.013026105393126793,0.06615155466772962,0.08442513035696175,0.00034476594334266594,Outer Race Fault,0,0.021,234,42
0.003184854802114519,0.5833794627484366,0.3403214542565439,0.5833707691139006,5.610103293413173,10.045394510978044,9.616559463685386,16.81413538402385,0.18598819011929033,3439.453125,0.013306047369915412,0.06186299547293936,0.09462811555002512,0.00037384268744248715,Outer Race Fault,0,0.021,234,43
0.004398359433476795,0.5524394619801141,0.3051700135871719,0.5524219524848482,5.398937624750499,10.015344011976048,9.772903632551946,18.815257372458024,0.033275569059329504,3439.453125,0.013917481548199115,0.059091148234498236,0.07922372323476796,0.0003720173084234722,Outer Race Fault,0,0.021,234,44
0.003777925447932261,0.6416660309534766,0.4117210225588979,0.6416549092455367,5.7627923153692615,11.11462375249501,8.98098393459617,18.1907409085872,0.20021526404057302,3439.453125,0.014726765576493304,0.06313217921797322,0.12767947588825565,0.00033636703729366833,Outer Race Fault,0,0.021,234,45
0.00472552979977545,0.6246788840291256,0.39020137751998524,0.624661010084658,6.411720658682635,12.672782734530939,10.264026562459712,27.20468448555079,0.3205127513097815,3439.453125,0.01369097314261621,0.060783864295301096,0.12031398372508,0.0003342033822376599,Outer Race Fault,0,0.021,234,46
0.00434402932416417,0.6106838844553562,0.37291593614271357,0.6106684338843081,5.635280738522954,11.100816766467066,9.227819632982175,22.157307680565307,0.17954724218775137,3439.453125,0.012525406626571818,0.048755435559968516,0.12487217488757324,0.00032382162268999843,Outer Race Fault,0,0.021,234,47
0.004078525614786052,0.5492425575606201,0.30165075266454067,0.5492274143417649,4.064939121756487,8.075868562874252,7.400990811437328,15.739409196118153,-0.1645948291215371,3439.453125,0.012503661587607996,0.051708778392389486,0.08625598738668286,0.0003736077766999732,Outer Race Fault,0,0.021,234,48
0.004406885691507609,0.59744618495594,0.3569225232769093,0.5974299316881515,4.9826976047904195,9.941029940119762,8.339994011607722,17.89792297833475,0.2986937509443791,2794.921875,0.01292662708563943,0.07206043114352322,0.09320560659129236,0.00028805484287793454,Outer Race Fault,0,0.021,234,49
0.004427309053767465,0.5962046536710082,0.3554403879935092,0.5961882152420569,4.90148003992016,9.500830738522954,8.221136835716225,16.73984571741313,0.08892888121455368,3439.453125,0.014189609734217387,0.06018490780127917,0.10303212713358169,0.00033319048040114424,Outer Race Fault,0,0.021,234,50
0.0052039916748534195,0.667557374199327,0.4456057663185485,0.6675370898448628,4.4287938123752495,8.704086427145707,6.634326851212116,14.074881811108234,-0.03895031629364212,3439.453125,0.01726513699273765,0.07350059838553183,0.13160887682147387,0.0004554582075145243,Outer Race Fault,0,0.021,234,51
0.003458686484452968,0.5707816562992757,0.3257797366555467,0.5707711771415466,4.553462774451098,8.879110279441118,7.9775912981751445,16.66881927291569,-0.028746016044240104,2794.921875,0.014427672454361447,0.06176223507103092,0.0864086737856134,0.0003032734456545978,Outer Race Fault,0,0.021,234,52
0.004755470845418539,0.653822008983237,0.42746060492791427,0.6538047146724427,5.510611776447106,10.828331836327344,8.428305717356771,20.947865145851857,0.19230219825829498,3544.921875,0.013068452907571592,0.056635990050600285,0.14370868442680323,0.00033978958636683975,Outer Race Fault,0,0.021,234,53
0.004771928506268713,0.5739094353130236,0.32934926863964464,0.5738895962113659,4.357728443113772,8.527032135728543,7.593059418402775,14.969762179517161,-0.16292291072115667,3439.453125,0.012648515539500839,0.04419837623535825,0.10746507493619385,0.00038544047375968976,Outer Race Fault,0,0.021,234,54
0.0037275610400293166,0.5209056404092037,0.2713287914988155,0.5208923031671859,4.025548602794411,7.8046018962075845,7.72798044504201,15.12380760417106,-0.32517454855180616,3439.453125,0.01349030891237915,0.041733587050784705,0.08010031534387066,0.0003540791971059712,Outer Race Fault,0,0.021,234,55
0.004648793477498128,0.5492319974267758,0.30163417571660933,0.549212322983206,5.209700698602794,10.23463143712575,9.485428239816558,19.427257907596893,0.033424227823340334,2794.921875,0.015020715300836904,0.06336778562115042,0.07210352566480255,0.0003466837581389189,Outer Race Fault,0,0.021,234,56
0.0043535470075474056,0.5096252141370152,0.25969890551265173,0.509606618395652,4.265546506986028,8.372312674650699,8.369967553919368,17.58145921030761,-0.00862556524122555,2794.921875,0.014681873662966954,0.05960172972715765,0.05531101885969831,0.00027379053685039616,Outer Race Fault,0,0.021,234,57
0.004431473040247632,0.5372840236991119,0.28865448416900147,0.5372657481814763,4.947367964071857,8.881952894211578,9.208105482106177,16.617867957425137,-0.04528013080814561,2794.921875,0.0130064414470553,0.05934252648728193,0.07168784066748869,0.0003100715916960975,Outer Race Fault,0,0.021,234,58
0.002473407969217813,0.4890800774361175,0.23919320439793645,0.4890738230553098,3.2759104790419165,6.4068476047904195,6.698106568182198,11.731614663043768,-0.2242705516107315,2771.484375,0.011892459872266874,0.042467808242245275,0.06489836938638813,0.00034408246518043443,Outer Race Fault,1,0.021,235,0
0.0025927755816492013,0.49840569891413866,0.2484015182248742,0.498398954879396,3.3575341317365273,6.438522455089821,6.736548436447426,10.894497300841,-0.13409454372305732,3392.578125,0.01165225810861679,0.042642968040229864,0.06958016328670011,0.0003320926405159888,Outer Race Fault,1,0.021,235,1
0.002635010301662301,0.4635245579643265,0.2148480725567344,0.463517068247475,3.069211776447106,5.780660179640719,6.621465300406622,13.081517611299262,-0.2828246143398997,2759.765625,0.011876305563283816,0.04263013923464683,0.05265925620769102,0.00026527856432197823,Outer Race Fault,1,0.021,235,2
0.00305934035249813,0.5475174134728297,0.29976595849258514,0.5475088661314857,5.337618363273453,10.553004291417166,9.748764572468398,24.247297104275567,0.5293525712741689,2794.921875,0.012283259345001879,0.06832051818455032,0.0690566471434467,0.00023191513189684356,Outer Race Fault,1,0.021,235,3
0.0028816769293444388,0.5359459997478535,0.2872298105838011,0.535938252584942,3.9455493013972056,7.336382634730539,7.361841124392137,13.956092994307653,0.2822183612338594,3498.046875,0.013067576754702138,0.05660949611739191,0.07367437809542993,0.0002717592615170623,Outer Race Fault,1,0.021,235,4
0.0029054711378025187,0.5896266285321573,0.34765111931166603,0.5896194699224798,4.96401756487026,9.893517664670659,8.418916861383797,19.22836240474137,0.3629554924367905,3392.578125,0.012830000060097584,0.059134745056757615,0.10162534690113663,0.00024391332831595323,Outer Race Fault,1,0.021,235,5
0.0029590081068332124,0.5409745231155509,0.29264467893112145,0.540966430502967,5.394876746506986,10.596861776447106,9.97251536992372,20.566576289290282,0.17820331633955988,3503.90625,0.012397109314718175,0.05444455905534207,0.07922405846942092,0.00026536848403517943,Outer Race Fault,1,0.021,235,6
0.0027117466239396197,0.5544098814149307,0.3073629630407651,0.5544032494861165,4.635086427145708,8.458809381237526,8.36039649097943,15.45778288724318,0.2550446176400784,3527.34375,0.011773560665457945,0.05624841446894647,0.08537131636012286,0.00029554412434233234,Outer Race Fault,1,0.021,235,7
0.003281617916510729,0.5811738627782211,0.33775228976040866,0.581164597820969,5.509799600798403,10.600922654690619,9.480466954345761,19.73071368505801,0.40985278073973674,3498.046875,0.011859526177932834,0.059583425841802734,0.09717019013207315,0.0002737891147825904,Outer Race Fault,1,0.021,235,8
0.0027442653754990018,0.46936950223914975,0.220300198639776,0.46936147971449044,3.9402701596806384,7.7538409181636725,8.394815046319351,19.346873885945644,-0.35005819681381783,3568.359375,0.011681556295814022,0.038371422979438595,0.05979525923440454,0.0003093980116964184,Outer Race Fault,1,0.021,235,9
0.002816837711296159,0.5022522378687317,0.2522493758694573,0.5022443388127509,4.8255416167664675,8.87017634730539,9.607805108531279,18.343501865236746,0.14635446615575365,3392.578125,0.0120913100908037,0.04862247138503191,0.06515569411760447,0.00026314810563320655,Outer Race Fault,1,0.021,235,10
0.0029467144324632003,0.5011779743105365,0.2511706788080662,0.5011693115186386,4.052350399201597,7.767647904191616,8.085651419091908,14.524023884147404,0.2859521848648034,2765.625,0.011934798096931386,0.05208096130855822,0.06132449151268612,0.00025377180447663913,Outer Race Fault,1,0.021,235,11
0.0035649672822324107,0.554617520298221,0.3075878848300242,0.5546060627418566,5.794061077844312,11.254317964071856,10.446949232200259,22.69112491036793,0.45385512393927774,3433.59375,0.012112964289421973,0.06033305532558402,0.08115392754265974,0.00020670424956121394,Outer Race Fault,1,0.021,235,12
0.003316317803845435,0.5528309214680724,0.3056110297674619,0.5528209744279443,5.519139620758483,10.190773952095808,9.983413384515664,16.3499120323176,0.11000920391466641,3392.578125,0.011440665097917208,0.046228093425445024,0.09478377877024811,0.00036397638004451573,Outer Race Fault,1,0.021,235,13
0.0036950422884699345,0.5457034680019618,0.29777862165185454,0.5456909580081518,4.314277045908184,8.437692814371257,7.905899996759181,13.541616955523711,0.2523535526006091,3392.578125,0.01256609036507626,0.05259977901863663,0.08347377391416412,0.0002633208924763089,Outer Race Fault,1,0.021,235,14
0.0030065965237493766,0.5383325181531631,0.2897928604784689,0.5383241221406198,3.7360079840319362,7.23648502994012,6.939963420469038,12.077295919892943,0.06529935302957653,3392.578125,0.01186541627437626,0.04332263028117799,0.0893725455163471,0.0003449533871050577,Outer Race Fault,1,0.021,235,15
0.003410304927254866,0.5672664631059964,0.3217796099850899,0.5672562119405039,4.175801097804391,8.002772754491017,7.3612691202302285,12.567429977563942,0.06205252714331185,3498.046875,0.011916262344555763,0.04339836343691937,0.10523502523518129,0.00035179760059310394,Outer Race Fault,1,0.021,235,16
0.00382967785132859,0.5767807933446079,0.33266141713879027,0.5767680791607579,4.812952894211576,9.508140319361278,8.344509646901491,16.218842245054265,0.2664352625107623,3392.578125,0.011638324349723523,0.04691144391897656,0.10742508067843817,0.00037070511054883423,Outer Race Fault,1,0.021,235,17
0.004052748555623129,0.5865759521724291,0.3440549228961367,0.5865619514562266,5.65599121756487,10.69554111776447,9.642385093724815,17.450535902883537,0.04436757421967834,3287.109375,0.012143171871324673,0.041922645360966,0.11766401783285749,0.00031409991910360765,Outer Race Fault,1,0.021,235,18
0.0035005246343250964,0.5816584830432872,0.3383143372235024,0.5816479495566905,5.710406986027944,10.60782614770459,9.817456725036664,17.588079273215865,0.02829602172263884,3404.296875,0.010923128109326994,0.039182803014293936,0.11852181518863822,0.0005420747645404608,Outer Race Fault,1,0.021,235,19
0.004171124742702094,0.6406901987529863,0.4104665324965218,0.6406766208443397,5.430612475049901,10.765388223552893,8.476190966585452,17.873689983342956,0.09767846473543028,3509.765625,0.01157401217982734,0.03740862624264018,0.15587131651174374,0.00039671639247193096,Outer Race Fault,1,0.021,235,20
0.003321869785818988,0.5989074949140959,0.35867915264540384,0.5988982823864198,5.002189820359281,9.541845608782435,8.352191052604491,15.902009659277606,0.0665074762066264,3468.75,0.01174056268676572,0.04297523390632592,0.12423686515147975,0.00039797144362142405,Outer Race Fault,1,0.021,235,21
0.004024393790543909,0.6047434092793036,0.36569839532137394,0.6047300185383341,6.11284001996008,11.971062974051897,10.108154840819168,22.29048041748731,0.18817492154527474,3498.046875,0.011778512074605334,0.04484072116409893,0.12588549740319474,0.00036066369841917514,Outer Race Fault,1,0.021,235,22
0.0033416982928673898,0.49471373522324175,0.2447305128710512,0.49470244882257375,3.3412906187624754,6.60136367265469,6.753987974994677,12.043389666081206,0.03967265213031561,2759.765625,0.011976398897533857,0.05083752123116291,0.05927852394907132,0.0002839934750934254,Outer Race Fault,1,0.021,235,23
0.0038556531955619994,0.5523915842148567,0.3051215962498347,0.552378127961123,4.765846706586826,9.502455089820359,8.62765987530526,16.42655478368434,0.10330466371386857,3392.578125,0.011900627742721857,0.04531297477320958,0.09505627149329908,0.0003057901829326041,Outer Race Fault,1,0.021,235,24
0.0033450691390656206,0.5567630889146838,0.309973947690275,0.556753040126657,5.263710379241517,10.423462275449102,9.4541295643399,22.26544728932172,0.06357251044854305,3480.46875,0.011970950788522599,0.04078553203748449,0.10191671220236918,0.00032498479887581896,Outer Race Fault,1,0.021,235,25
0.004474500900542665,0.6216893160190694,0.38647758449394937,0.6216732135888994,5.430206387225549,10.849854491017965,8.734598210561792,21.590259900988496,0.30417379713378806,3480.46875,0.012349788556104383,0.0454405010246283,0.1350974774431971,0.0003710669143264213,Outer Race Fault,1,0.021,235,26
0.0031977433316959817,0.5835618854472492,0.34053424858433295,0.583553124046417,5.188990219560878,10.182246107784431,8.891927915381196,21.96248133241317,0.11481991316689868,3474.609375,0.011949080895843706,0.041036544133014746,0.11694672751765313,0.00034499959397854736,Outer Race Fault,1,0.021,235,27
0.0038774645533152445,0.5376582569745235,0.28906136656152065,0.5376442751127558,5.7989341317365275,11.287211077844312,10.785539060383677,25.101720777007515,0.11481386096809841,2765.625,0.011972391152744111,0.03931669183704144,0.09286552961290354,0.0003911055384127649,Outer Race Fault,1,0.021,235,28
0.003957571721790794,0.6309189605549143,0.39804307241376036,0.6309065480828047,5.709594810379242,11.228328343313374,9.049648476814617,23.585201678619676,0.29207046058455793,3474.609375,0.012421590580729506,0.046294870328630076,0.1400329179742467,0.00028782011052665184,Outer Race Fault,1,0.021,235,29
0.0031628451592907924,0.5786746610842346,0.33485435979145217,0.5786660174845696,5.500459580838323,10.825083133732536,9.505271183867597,19.98338263784341,0.0891892041616012,3439.453125,0.011412632081527537,0.0389066797222173,0.11676135271528984,0.0003565191588658481,Outer Race Fault,1,0.021,235,30
0.002933627617811251,0.5055337809204183,0.25555579748069357,0.5055252688844482,3.8176316367265466,7.428158483033932,7.55168453782819,13.00528593929938,-0.06963008937360957,3468.75,0.011865317315341817,0.04408506659842068,0.07151734281790956,0.00031879201769482134,Outer Race Fault,1,0.021,235,31
0.0032348226398764978,0.48256781244035235,0.23286122952595562,0.4825569702387021,3.877326546906188,7.524807385229542,8.034780702215699,16.37193003419867,-0.07538985589332113,3468.75,0.011883771835453291,0.0481308641247246,0.05612394654440494,0.0003025073938039872,Outer Race Fault,1,0.021,235,32
0.00348922238530751,0.5607647974743057,0.3144449834135451,0.560753941950964,5.065539520958083,10.001130938123751,9.033269463014369,21.760164519459995,0.20049678186359274,2753.90625,0.012015119046635608,0.052965220144834756,0.09197327784673141,0.0002810513168863447,Outer Race Fault,1,0.021,235,33
0.0031945707705682397,0.5049107168078949,0.254924626665054,0.5049006106800169,4.643614271457086,8.8892624750499,9.196901782585568,19.920279498054732,-0.010189003463364762,2753.90625,0.01160655321423933,0.0428265065738086,0.0727056806116016,0.0003337787248532005,Outer Race Fault,1,0.021,235,34
0.003622469952672781,0.5235977579133733,0.2741414898033534,0.5235852268765357,4.358134530938123,8.512819061876247,8.323440016829018,16.452218532909114,0.25517447986033986,2759.765625,0.011891862445722544,0.05562084317568406,0.06935185885600802,0.0002193066056915056,Outer Race Fault,1,0.021,235,35
0.0034904120957304123,0.5353130830707775,0.2865479139301431,0.5353017036495803,4.226562075848304,8.226527145708584,7.895495569813078,16.018188311400696,0.21643910997467092,2759.765625,0.011456907030463297,0.05226908394518582,0.07926813358913383,0.0002920165186710695,Outer Race Fault,1,0.021,235,36
0.003518965145880114,0.4583324040449036,0.2100562094818828,0.458318894964939,3.442406487025948,6.389385828343313,7.510720290875811,12.501641901735756,-0.12864054712758452,3392.578125,0.011923829009662903,0.04148110674874785,0.05133703337214504,0.0002985218871875064,Outer Race Fault,1,0.021,235,37
0.0036246510884481056,0.5495957337612964,0.30204233247310486,0.5495837811226828,3.770119361277445,7.476076846307385,6.859804633991036,12.762342918618971,0.008816631951930253,3392.578125,0.011746671451303333,0.045754268191336295,0.09320921915480583,0.0003241456007511,Outer Race Fault,1,0.021,235,38
0.003549897616875624,0.4958247428480477,0.24582957384724227,0.49581203479468133,3.711236626746507,7.368869660678643,7.484976658141215,14.092740264917925,-0.15309688079684486,3392.578125,0.011696504457841747,0.036340829032990435,0.07455760601115191,0.0003324504332315437,Outer Race Fault,1,0.021,235,39
0.003455910493466193,0.535745629216719,0.28701143590747935,0.5357344826567348,3.965041516966068,7.753840918163673,7.4009778162131035,14.224028702507379,0.07379334624318762,3421.875,0.011662475153489818,0.03760451426964695,0.09387808792814256,0.00037258519809215096,Outer Race Fault,1,0.021,235,40
0.004110846081274951,0.6132338283161523,0.37603882913578013,0.613220049522013,6.207052395209581,11.697359780439122,10.121836253315006,20.47452846662781,0.159384987912483,3509.765625,0.011252748564566501,0.04526355639725642,0.13118196058717427,0.00033804807510452083,Outer Race Fault,1,0.021,235,41
0.003611762558866642,0.5828486232960677,0.3396994728493398,0.5828374326082186,5.312847005988024,9.820827944111777,9.115311924292348,15.372593001199476,0.03855255630147851,3515.625,0.01132302835212552,0.039210495466884855,0.1189604246278865,0.000368835173613131,Outer Race Fault,1,0.021,235,42
0.0035550530287082097,0.643171597422417,0.4136570653288668,0.6431617722850658,5.55893622754491,11.109750698602795,8.643006391798046,18.251928905819078,0.13742133221560374,3574.21875,0.011622003520483037,0.04117949740873056,0.15367411301935008,0.0003655573870116546,Outer Race Fault,1,0.021,235,43
0.0034200208957085813,0.6281936427768698,0.3946155562823465,0.6281843330443274,5.503302195608783,10.624475748502995,8.760518765013225,18.314665393690476,0.08849058719469992,3515.625,0.011494765620439487,0.04293037801878087,0.14249819910481892,0.000396132774288512,Outer Race Fault,1,0.021,235,44
0.0035548547436377244,0.6274374453869548,0.3936651108814595,0.6274273749857106,5.253558183632735,10.295950698602795,8.373038973459334,17.112832189107973,0.06830038584435898,3392.578125,0.011117493542184814,0.03305025207866171,0.15229484071757457,0.0003826064909507318,Outer Race Fault,1,0.021,235,45
0.0029451281518993256,0.6322726383744862,0.39976001545720274,0.6322657791286848,4.975794111776447,9.634027544910179,7.869697041720401,15.875805318503588,-0.007261696309463091,3392.578125,0.011852022005432656,0.034142898778901434,0.15334028285306092,0.0005535762454166501,Outer Race Fault,1,0.021,235,46
0.004137019710578844,0.6788888624864144,0.46087297267601196,0.6788762572634367,5.318532235528942,10.451482335329342,7.834172173704461,19.062398800505118,0.22684921350054127,3392.578125,0.011575237234040369,0.04459187401545678,0.17354860464862207,0.0007380144071986328,Outer Race Fault,1,0.021,235,47
0.0036123574140780935,0.6922560714615065,0.47920541934923133,0.692246646325738,5.975582335329341,11.74081117764471,8.632040341247652,21.760017472417715,0.24055578985203718,3503.90625,0.011548767515598826,0.04519493340712566,0.18241590453934198,0.000456159242157784,Outer Race Fault,1,0.021,235,48
0.005860513543226047,0.6516421728584406,0.42460317582867946,0.6516158191976922,6.029185928143712,12.014108283433133,9.252295476360247,24.102692838754848,0.3225359065334305,3474.609375,0.011680023569434931,0.04225725882019225,0.1579282098761826,0.00047068456729487977,Outer Race Fault,1,0.021,235,49
0.0015174756444142979,0.559240120754617,0.31274720992930727,0.5592380619461691,4.855186027944112,9.556870858283432,8.681755560371297,19.611645633028385,0.031489905111480414,3287.109375,0.011754472664364295,0.04639638779079551,0.09768355323719197,0.0005418210872375235,Outer Race Fault,1,0.021,235,50
0.004281767812032188,0.6031787566021621,0.3638062788805342,0.6031635589792658,5.805837624750499,10.841732734530938,9.625401361042707,21.350609464787105,0.12935767222137945,3533.203125,0.011254178024461266,0.04293427633279645,0.1274356631424094,0.0002973584356630361,Outer Race Fault,1,0.021,235,51
0.002955438975564497,0.5188453201010802,0.2691917315712541,0.5188369026690893,4.566457584830339,8.531093013972054,8.801192586531787,14.726141898432338,-0.22270238463389389,3462.890625,0.011436792613695741,0.03298766808015144,0.0897088173392974,0.0004713224550778201,Outer Race Fault,1,0.021,235,52
0.0034563070636071634,0.5697702178203103,0.3246261550564859,0.5697597344991009,5.37416626746507,10.399503093812376,9.432164229334873,18.398710224336586,0.14895241412827137,3457.03125,0.011717233647172575,0.04483909937556198,0.1055419312413192,0.0002267661890422974,Outer Race Fault,1,0.021,235,53
0.0029369984640094803,0.5553539658764678,0.3084094014547434,0.5553461996401374,4.192044610778443,8.087239021956087,7.548419329575681,17.38912298402765,0.0012008537446642554,3527.34375,0.011507158162179645,0.038213257914378074,0.10417052982297864,0.00032238080322517196,Outer Race Fault,1,0.021,235,54
0.0036559801295845814,0.505350113059826,0.255365370578871,0.5053368882031778,4.202196806387225,7.759526147704591,8.315416773023946,14.09747924026194,0.005965398977405697,3527.34375,0.011931704660966668,0.04543369631235233,0.06996051625313275,0.0003701490648657385,Outer Race Fault,1,0.021,235,55
0.00301353650121632,0.5063691842001469,0.2564006693052781,0.506360216945682,4.454377345309382,7.813129740518963,8.796699096816978,14.339328488955317,0.049291337644407934,3392.578125,0.012523450683575759,0.045622472079511325,0.06974378455551329,0.0003197099846752449,Outer Race Fault,1,0.021,235,56
0.0035514838974395,0.4949645934374308,0.24497733571880737,0.4949518519197674,4.779653692614771,9.229157984031936,9.656556763830368,19.889131307717467,0.20665490350747254,3421.875,0.011872732200094356,0.04821872749131958,0.062120142847258634,0.00028968818487875615,Outer Race Fault,1,0.021,235,57
0.0029788366138816104,0.5180539762488529,0.26837104883967466,0.518045411947326,4.0880861277445115,7.777394011976049,7.891235885005069,14.958329309778275,-0.22379664869012386,3421.875,0.011557220972631892,0.03157100033609889,0.09067819613367227,0.0003879805280636101,Outer Race Fault,1,0.021,235,58
0.0032867733283433124,0.5393171800124349,0.29085221777765324,0.5393071645895808,4.2468664670658685,8.069777245508982,7.874524722108704,14.747865299655821,-0.23820014142107515,3515.625,0.010413631268611032,0.026086294904683532,0.1085538631976386,0.000383133572968356,Outer Race Fault,2,0.021,236,0
0.0035078611819330096,0.5791300190900883,0.33537927392121436,0.5791193952210669,5.398531536926148,10.242347105788422,9.321795380954624,17.917091062278548,0.13664156930690977,3375.0,0.010467978630151215,0.036833302954458705,0.1200360988806375,0.00036457388537175555,Outer Race Fault,2,0.021,236,1
0.004032523478433758,0.6182082308467491,0.3821651554410634,0.6181950787907191,5.865126447105789,10.92619900199601,9.487299188935784,18.146249202391434,0.15549070314652655,3527.34375,0.01062739727828368,0.034179999856639255,0.14593283045947597,0.0003586128584097885,Outer Race Fault,2,0.021,236,2
0.002809501163688249,0.528712139654155,0.27952863332088584,0.5287046749565261,4.099050499001996,7.896377744510978,7.752896503725632,14.225181404828145,-0.10431194075755741,3527.34375,0.010527688319395755,0.029502836817486975,0.09929325181606355,0.00044843414606983445,Outer Race Fault,2,0.021,236,3
0.0033107658218718824,0.5416168408495924,0.29333784112156536,0.5416067218208849,4.274480439121756,8.468149401197604,7.892074464332959,15.052568808843947,-0.03751282138118716,3527.34375,0.010940500557279322,0.03653978103770016,0.09882571695012306,0.00037388387344494526,Outer Race Fault,2,0.021,236,4
0.004117191203530441,0.6676776197285682,0.44577645262300014,0.6676649254101942,5.414775049900199,10.461228443113772,8.10986453627347,16.612014346981884,0.03536722720032414,3527.34375,0.010427999833496335,0.03162304959995195,0.18046650196483258,0.00038762634301508733,Outer Race Fault,2,0.021,236,5
0.003505878331228169,0.5963201271125257,0.35558540281662543,0.5963098211639863,5.448480339321357,10.706505489021955,9.13683790232562,20.310239684703145,0.012884675473953017,3386.71875,0.011002632688774515,0.03166511650495729,0.13471593327345904,0.000421314374651068,Outer Race Fault,2,0.021,236,6
0.0033821484472461314,0.6464700799351331,0.41791212532321803,0.6464612326529859,6.652936826347305,12.899379740518961,10.29117515696142,22.562440599535957,0.2053824459433986,3416.015625,0.010470620623756227,0.03200271105624444,0.16608395744910348,0.00041021259605138357,Outer Race Fault,2,0.021,236,7
0.002879099223428142,0.5670100984905814,0.3214921625779604,0.5670027888625949,4.707776147704591,8.315866467065868,8.302808292545414,14.020848758893631,-0.2159122489905327,3498.046875,0.011499433559208821,0.03053251175032249,0.11834049409124918,0.00038193110250390864,Outer Race Fault,2,0.021,236,8
0.003583407793787423,0.5800806344570902,0.33648070166072375,0.5800695662252277,5.140259680638723,9.54346996007984,8.861284751299447,18.18948751081683,0.09179165606390033,3498.046875,0.01152230238813657,0.03893134717835582,0.11746728020781964,0.0003322702757148081,Outer Race Fault,2,0.021,236,9
0.0032225289655064887,0.6709455787476777,0.45015758494812275,0.6709378398541275,5.45254121756487,10.587115668662674,8.126651982329264,20.932361100651324,0.24916171138114027,3562.5,0.011897243856128274,0.03722463387214589,0.17563102582978188,0.00033627402797908293,Outer Race Fault,2,0.021,236,10
0.003447582520505861,0.6327337248738671,0.4003400807675229,0.6327243323656226,5.831421157684631,11.514620259481038,9.21623256109369,19.67198934178274,0.14958613124908,3503.90625,0.012128761794005828,0.03781564293302468,0.14991033590887926,0.0003271864483027841,Outer Race Fault,2,0.021,236,11
0.0030218644741766476,0.6040429643411825,0.3648587711051829,0.6040354055063187,5.6953817365269455,11.27381017964072,9.428769264349901,24.021726755866144,0.16298780196200158,3363.28125,0.011838485633108567,0.0399942968190343,0.13025744614334328,0.0003482952351198049,Outer Race Fault,2,0.021,236,12
0.003066280329965071,0.4760202613729646,0.2265858871625236,0.4760103855616215,3.9224022954091815,7.198312774451098,8.239990214063507,14.246418008978438,-0.16243463218403367,2765.625,0.01149568134892567,0.03532943567380781,0.0661081903167462,0.00036903874744352203,Outer Race Fault,2,0.021,236,13
0.002860658711873128,0.4756016003429037,0.22618869888046536,0.4755929970893867,3.942300598802395,7.690897305389221,8.289081861709544,14.448633091390796,-0.22884423745300994,3421.875,0.011754518418805114,0.03591448378556686,0.0650342697873355,0.0003992654409580305,Outer Race Fault,2,0.021,236,14
0.0032919287401758984,0.5333737649895225,0.28447673638426796,0.5333636061677511,4.817419860279441,9.52763253493014,9.031977529629852,17.904357727164395,0.00039890152728798715,3421.875,0.011520232329264723,0.04302173710714218,0.08742765739695561,0.000279580067237398,Outer Race Fault,2,0.021,236,15
0.003518370290668664,0.5338314099337513,0.2849635953023546,0.5338198153893827,5.222289421157685,10.19402265469062,9.782656703931627,20.76749783329237,0.25020328556521754,2765.625,0.012107697588436675,0.05567222092640688,0.07441928460400876,0.0002949764518827579,Outer Race Fault,2,0.021,236,16
0.003430728289514722,0.5096676749047621,0.2597493689462297,0.5096561281356574,5.361983632734531,10.13513992015968,10.520548774721659,22.62393312770962,0.23025749329443218,3451.171875,0.010856323789132271,0.04390274515537518,0.07479600786349475,0.000331383125532098,Outer Race Fault,2,0.021,236,17
0.0028154497158027693,0.5390839356964662,0.29060356296888945,0.5390765835842709,5.6218798403193615,11.144268163672654,10.428579796309842,24.570717797733682,0.4012217238083315,3556.640625,0.0114797155722232,0.05724488406808765,0.07631186137482782,0.0002732475637675272,Outer Race Fault,2,0.021,236,18
0.004023997220402944,0.5112038811575347,0.261313215556897,0.5111880432452397,4.4369155688622754,8.519316467065869,8.679346406399793,15.215806602561667,0.17868929890112442,3357.421875,0.011093553842518283,0.04868246056716339,0.07059448636893147,0.0003023025435206727,Outer Race Fault,2,0.021,236,19
0.0038919393634605794,0.516855604383851,0.2671245685909871,0.5168409509616929,5.0285855289421155,9.739204291417165,9.729188358007155,19.1839330600878,0.08977346086314604,3451.171875,0.010776087909464062,0.04070739385764962,0.08167603211086324,0.0004180086500120996,Outer Race Fault,2,0.021,236,20
0.0038947153544473595,0.5125281073179656,0.26266989198324403,0.5125133090791341,4.913256586826348,8.983880938123754,9.586316373041818,16.47492979779565,0.11543633722151733,3421.875,0.010327354757035534,0.039188196680622414,0.0814061386930583,0.0004286204737096904,Outer Race Fault,2,0.021,236,21
0.003326826912581089,0.44868723854917647,0.20130917025957928,0.44867490486941575,3.584131137724551,6.618825449101797,7.988038949611729,14.429729938286258,-0.1588004004745275,3345.703125,0.010227949895061835,0.03178406586700016,0.05815221570508616,0.0005018159935968475,Outer Race Fault,2,0.021,236,22
0.003380363881611775,0.5068562567578017,0.25689183815455846,0.5068449843438904,4.954677544910179,9.197077045908184,9.775311005537697,20.23240866584668,0.14101790080318588,3421.875,0.011419966805173886,0.04499695538798983,0.07166031124031762,0.00038013603175205817,Outer Race Fault,2,0.021,236,23
0.00379021912230227,0.5471199008745206,0.2993258201719502,0.5471067721861521,4.962799301397205,9.88823852295409,9.070770947034882,20.0145316160334,0.28401303420456486,2765.625,0.012120907028670566,0.0587878047462101,0.07849910655584143,0.0002694575634480755,Outer Race Fault,2,0.021,236,24
0.0038140133307603538,0.5180120037734894,0.2683218893557384,0.5179979626945829,3.8176316367265466,7.548360479041916,7.3697744625931065,13.941474746956157,0.05137933461184238,3421.875,0.011518884001594922,0.04815716039148513,0.07416968118996636,0.00032976620582966256,Outer Race Fault,2,0.021,236,25
0.00389590506487026,0.599623659783284,0.3595333552956251,0.5996110033143364,5.340460978043912,10.194834830339321,8.906354662479565,19.357352082267248,0.41154768556272486,3421.875,0.011856170408542352,0.05853542254643654,0.10907377128775589,0.0003164919846094608,Outer Race Fault,2,0.021,236,26
0.0038508943538703823,0.5940127549685353,0.35283632367798456,0.5940002724561535,4.507980938123752,8.968043512974052,7.58903053918857,13.688233337920082,0.22710680378763495,3527.34375,0.011882720684504503,0.04696709099883453,0.11725493058358341,0.00032824912218640956,Outer Race Fault,2,0.021,236,27
0.0035197582861620507,0.5861147829373662,0.34351815007932285,0.5861042143504198,5.400968063872255,10.20052005988024,9.214864086527257,15.964653073291082,0.019723269471571478,3515.625,0.012065608837469068,0.036027074226185174,0.12325931159356625,0.0004195188419824827,Outer Race Fault,2,0.021,236,28
0.003928027246288674,0.6366489161080955,0.4053064129835652,0.6366367983266167,5.250715568862276,10.256154091816367,8.247427170630361,18.59265381950628,0.2794371536015828,3556.640625,0.012350190217730008,0.04994181948436632,0.13998328463220264,0.0003933905068091945,Outer Race Fault,2,0.021,236,29
0.0033407068675149693,0.5899849788812896,0.3480711149831811,0.5899755206643587,5.424115069860279,10.287828942115768,9.193649438576063,19.984568976241547,0.2903535822398865,3357.421875,0.012096646281901356,0.04435857020521304,0.11726000938616363,0.0003314923483255192,Outer Race Fault,2,0.021,236,30
0.003610969418584706,0.6461360056858889,0.4174786987435731,0.6461259155486437,5.9625875249500995,11.68436497005988,9.228068815977325,21.568697443132486,0.30851836809020594,3527.34375,0.011636137770293088,0.04585254065030413,0.15082340330353794,0.00044030752628902584,Outer Race Fault,2,0.021,236,31
0.0031299298375904424,0.5624677414178717,0.3163601636749336,0.5624590328858926,4.875896506986027,9.324994710578842,8.668757597893244,15.110172765640659,0.07218741732649168,3451.171875,0.011937006060741088,0.043344485587590346,0.10254442906989139,0.0003639590451593923,Outer Race Fault,2,0.021,236,32
0.0034846618286863747,0.6454477408496915,0.4165906432999101,0.6454383342348904,5.895176946107784,11.591776946107785,9.133469021592909,23.601466351501642,0.31000130020766387,3357.421875,0.011759151400992,0.03746085186763093,0.15870107611076595,0.0003863854811559155,Outer Race Fault,2,0.021,236,33
0.0029960874150137223,0.6428134952297916,0.4132002131097429,0.6428065129646268,5.705127844311377,10.907112874251496,8.875245909813888,21.508422392045617,0.26605757930679524,3433.59375,0.011418419129208377,0.03699652593907807,0.15778765556933316,0.00040648576164151304,Outer Race Fault,2,0.021,236,34
0.003261789409462323,0.5091791462469913,0.2592527637026633,0.5091686986674095,3.9646354291417163,7.7619626746506984,7.786327186342704,15.992737472595685,-0.05522330076180214,3468.75,0.011337845787792204,0.042643467750921336,0.07533820195769993,0.00031751514795436706,Outer Race Fault,2,0.021,236,35
0.003609184852950348,0.6793390852742529,0.46148856656595594,0.6793294977887799,5.727462674650698,11.105283732534929,8.43093353349232,18.901603137095893,0.3140626081371448,3498.046875,0.011257060729055694,0.04793641565097927,0.1712083639918831,0.00035548133318070475,Outer Race Fault,2,0.021,236,36
0.0028364679332740774,0.5897395623792357,0.34778470588491595,0.589732741065744,5.031834231536926,9.912197704590819,8.532298920622818,18.476497311833604,0.02882229136633701,3498.046875,0.011016068268144425,0.029618552432487726,0.13286634572709197,0.00039943215331729025,Outer Race Fault,2,0.021,236,37
0.003245331748612152,0.5553396021158412,0.3083915415000223,0.555330119388479,5.188178043912176,10.327625548902194,9.342352002531861,20.26447486318961,-0.022075312069470113,3421.875,0.01093860056012209,0.032942408616214246,0.10995913003945665,0.0003661646210901353,Outer Race Fault,2,0.021,236,38
0.002772025285366765,0.45896687515028267,0.21064290836103244,0.4589585039641737,3.21134251497006,6.179844510978044,6.996893869341982,11.219776496996168,0.0014240030645565262,2765.625,0.011421063877831601,0.04442331789468393,0.049159024630619635,0.00032573190659634845,Outer Race Fault,2,0.021,236,39
0.0035108354579902685,0.6150259168698152,0.3782445524559438,0.6150158961002096,6.63263243512974,13.228716966067864,10.784313722723482,28.54073545047756,0.36352382086839213,3468.75,0.011428458872326106,0.039872200328594606,0.13744863541490693,0.0003853077231514809,Outer Race Fault,2,0.021,236,40
0.0034471859503648963,0.6822467222887493,0.46544870698276547,0.6822380134401523,6.653342914171657,13.299782335329342,9.752106821197366,27.86934754814906,0.4121070388464279,3410.15625,0.011112957374851407,0.037688658476813845,0.1835532769980122,0.00038134460789708335,Outer Race Fault,2,0.021,236,41
0.0029722932065556398,0.5849928610739725,0.3422078129806063,0.5849853100553948,6.653342914171657,13.306279740518962,11.373374543335393,34.42141451378072,0.5283549853346773,3439.453125,0.010963047017519587,0.04451194712777585,0.11518349923580141,0.0004543939342398338,Outer Race Fault,2,0.021,236,42
0.002422448706103416,0.537363893584544,0.28875408587060736,0.5373584333297537,3.656820858283433,7.244606786427146,6.8051108419105235,13.216801642876504,0.06926338314300758,3568.359375,0.01144547007919217,0.04564760683602561,0.08689620635775852,0.0003938128373801344,Outer Race Fault,2,0.021,236,43
0.003401382099083086,0.4787352760336141,0.22917589511879674,0.4787231925850227,3.494385728542914,6.525425249500998,7.299202510193876,12.376478629691137,-0.2270822488543151,3304.6875,0.011039690402759164,0.03945680670394614,0.06376947182553383,0.0003335674506336677,Outer Race Fault,2,0.021,236,44
0.0034370734117702096,0.5245695650631597,0.2751614151169146,0.5245583047830952,5.036707285429142,9.610474451097804,9.60160028503123,20.256433793806895,-0.09992362980238836,3421.875,0.01088419916697612,0.026919970495879943,0.099356089809359,0.00043227713136577666,Outer Race Fault,2,0.021,236,45
0.0036315910659150434,0.5495475386461519,0.3019893087783738,0.5495355391404397,5.060260379241517,9.810269660678642,9.208048482407575,18.790569196719453,-0.005640155681069746,3421.875,0.01156390613477726,0.03603181060248683,0.1030739379325133,0.0003381913975624753,Outer Race Fault,2,0.021,236,46
0.003392062700770334,0.5253547975765768,0.27598615724736,0.5253438466826845,5.003001996007984,9.80011746506986,9.523091859228213,18.46512323795465,0.17056131136262573,3416.015625,0.01168964936081497,0.05265969881082732,0.073392397820268,0.0002628420096265883,Outer Race Fault,2,0.021,236,47
0.0032064678747972817,0.5611975619485461,0.31493242210076,0.5611884016092635,4.65132994011976,9.262457185628742,8.288221930205431,20.086369205314927,0.1890667056270004,2824.21875,0.011361328711854031,0.054761366345984996,0.09099546429370572,0.00035844931201289945,Outer Race Fault,2,0.021,236,48
0.003092453959268962,0.5144595164542339,0.264659030798834,0.5144502218862715,4.554681037924152,8.443784131736528,8.853332268622413,16.54324604940566,-0.09867259974687818,3509.765625,0.011180720984787085,0.03982362759315814,0.08055644258196508,0.0007790441585198704,Outer Race Fault,2,0.021,236,49
0.003675213781421531,0.5230024906989199,0.2735180980809347,0.5229895774113809,4.241993413173653,8.42551017964072,8.11084744071643,15.924071854946131,-0.10923920792644687,3451.171875,0.011247807407330161,0.0365908315182352,0.08842119414863994,0.0005129156317664024,Outer Race Fault,2,0.021,236,50
0.003462850470933133,0.5984843683091988,0.35817154777707666,0.5984743501413211,5.202391117764471,9.833416666666665,8.692609854559686,17.42520528177164,0.07662029749862294,3574.21875,0.01102859312646088,0.03072871905290847,0.13691750530147673,0.00042294812638260575,Outer Race Fault,2,0.021,236,51
0.003399795818519212,0.502858370291931,0.25285498196104916,0.5028468772509671,3.5991563872255488,7.0703951097804385,7.157395799409847,15.004759104022657,-0.226849397999141,3421.875,0.010998660296099338,0.03080016471847305,0.08426119585440908,0.000379029799570728,Outer Race Fault,2,0.021,236,52
0.0037650369183507984,0.6401399986419717,0.4097650423583471,0.640128926356517,5.015184630738523,9.991790918163673,7.834512202608824,19.846129848114582,0.3069543624869522,3421.875,0.011615075542161417,0.04304279884101722,0.14986655625083772,0.00037226604846824776,Outer Race Fault,2,0.021,236,53
0.0033944421216161426,0.5839624831668085,0.3410006595090281,0.5839526175204869,5.768071457085829,10.817773552894213,9.877469226799938,19.908905833289662,0.007052252900958161,3451.171875,0.011380515240067113,0.029097236421537293,0.12959390278962227,0.0004402310194950876,Outer Race Fault,2,0.021,236,54
0.0030942385249033183,0.5549307582651073,0.307938572156638,0.5549221316154529,4.661888223552894,8.901039021956088,8.400846689643698,16.17595017721034,-0.013678496579652142,3527.34375,0.01123851080808247,0.030790427324654156,0.11143828444397189,0.0005117825073600138,Outer Race Fault,2,0.021,236,55
0.003128343557026573,0.6092424454788495,0.37116657083963817,0.6092344137026717,4.954677544910179,9.454130638722555,8.13252192403621,19.091202241969924,0.13161078151609296,3421.875,0.011053240885819254,0.031776292431289814,0.14190983863148415,0.0008545801047889343,Outer Race Fault,2,0.021,236,56
0.0029851817361371017,0.5676571800115634,0.32222576270868264,0.567649330756835,5.0334585828343315,9.277888522954091,8.867074636018517,18.362005330053304,-0.009793094492629334,3345.703125,0.012090517457837366,0.035987066607835905,0.11257831522759001,0.00046603194422511346,Outer Race Fault,2,0.021,236,57
0.0030391152753087595,0.5910315387125487,0.34930904353126624,0.5910237250155582,5.021275948103793,10.034430139720559,8.495783421374941,17.163392622486086,0.0873075860524503,3527.34375,0.011594787968462979,0.03174893206582925,0.13091496010590226,0.00040507804763141743,Outer Race Fault,2,0.021,236,58
0.005332083830386102,0.6268527476628113,0.3929159361344418,0.6268300695838082,4.786557185628742,9.498800299401196,7.635855794642646,18.67491040681239,0.3347071331151921,3533.203125,0.010927066767013702,0.03890293487489725,0.14613760779928392,0.0005189524598131778,Outer Race Fault,3,0.021,237,0
0.0028499513180669915,0.5084932446295816,0.25855725761140413,0.5084852580079428,4.087680039920159,7.982062275449102,8.038808938155869,16.3156209692282,-0.01708238284813208,3515.625,0.00980069208384632,0.02348139965165237,0.09556342411346447,0.00044134681367446636,Outer Race Fault,3,0.021,237,1
0.0039484506085485285,0.5432573530761758,0.29511296140912463,0.5432430040130518,4.821074650698603,9.264487624750497,8.87438453138174,17.697551052382124,-0.07427840756231358,3474.609375,0.010917623684378718,0.02534268974497375,0.11091446939413763,0.00039728831330660373,Outer Race Fault,3,0.021,237,2
0.004075749623799273,0.6530752732721831,0.4264907008245407,0.6530625550623315,5.419242015968064,10.41371616766467,8.298035827961105,16.13738295650297,0.12323643739437956,3474.609375,0.010208542268662687,0.027687262648255696,0.17496618169103775,0.00039997664350753504,Outer Race Fault,3,0.021,237,3
0.004138605991142716,0.632302572314624,0.39978941489614045,0.6322890279738693,4.760973652694611,9.4529123752495,7.529581344681964,16.517958596827828,0.08003778763859763,3474.609375,0.010114396775455524,0.024099356246179447,0.16521535361607098,0.00048272955001912415,Outer Race Fault,3,0.021,237,4
0.0034852566838978294,0.5991820319029935,0.3590069603412471,0.5991718954868019,5.860253393213573,11.394824351297405,9.780422444580811,21.72713424601932,0.16538705411395488,3515.625,0.011367844719195858,0.03802248433240533,0.12983206715803425,0.0002932357144278952,Outer Race Fault,3,0.021,237,5
0.0038612051775355543,0.5650651784182963,0.31928374695547806,0.5650519860645373,4.03773123752495,7.647039820359281,7.145602652117365,13.719485459864863,-0.07623319385708582,3445.3125,0.010685932937058124,0.026720574791942488,0.12184327011646115,0.0004070055329110408,Outer Race Fault,3,0.021,237,6
0.003915931856989149,0.618854863568806,0.3829660076404571,0.6188424740113246,5.54634750499002,10.58264870259481,8.962275052676162,19.67319702836894,0.11233598943713972,3503.90625,0.01090205382546386,0.02515013792778149,0.1550589732696443,0.00038717353638226254,Outer Race Fault,3,0.021,237,7
0.0034572984889595787,0.6346384283934641,0.4027539818808843,0.634629011219062,5.223101596806387,10.291889820359282,8.230043065668506,17.99468770018819,0.20885736760722956,3521.484375,0.010640762326565974,0.03134515122262146,0.15896802606524746,0.00043500751127897386,Outer Race Fault,3,0.021,237,8
0.003806280213011478,0.6186070316096233,0.3826601717878095,0.6185953215049476,5.611727644710578,11.175130838323353,9.071554893433385,24.288731816934042,0.18603282590899742,3474.609375,0.010317413880146613,0.029199282112461433,0.1514985133376167,0.00032936504241123655,Outer Race Fault,3,0.021,237,9
0.0036662909532497487,0.6170518044071471,0.3807394876327622,0.6170409124464619,5.895176946107784,11.517462874251496,9.553779608134798,22.427739509942104,0.2293285543139112,3410.15625,0.010089803172245544,0.02699499652574231,0.15278814900130308,0.0005103670532619203,Outer Race Fault,3,0.021,237,10
0.0024149138734250227,0.6031279878418829,0.36375753790918236,0.603123153186132,5.783096706586826,11.470762774451096,9.588506624074844,22.198813468476263,0.21566525008028553,3451.171875,0.010165418776986346,0.030340368020773837,0.1408867865815948,0.0004921680529960263,Outer Race Fault,3,0.021,237,11
0.0028223896932697105,0.5330020957313123,0.2840832681703903,0.5329946230220248,4.144532335329341,8.155055688622754,7.775827465824094,14.162352442088014,0.02346081958006881,3410.15625,0.010843223274765388,0.02781277853672001,0.10306019242297632,0.0003334061885037209,Outer Race Fault,3,0.021,237,12
0.0026679256233626478,0.41192768613732594,0.16967730077931953,0.4119190463905736,2.444242614770459,4.639147305389222,5.933669177933362,9.24134815790123,-0.20618950051909304,3363.28125,0.010206186149551797,0.028077321764918083,0.04622921785687871,0.00033304244876524857,Outer Race Fault,3,0.021,237,13
0.0028269502498908415,0.4698168562957844,0.22071988681193838,0.4698083511517631,3.8119464071856286,7.540644810379241,8.113685909953233,17.175469005749367,-0.19168423448832114,3363.28125,0.00971811651990176,0.03369029316860041,0.06665156040608365,0.0003079687823004733,Outer Race Fault,3,0.021,237,14
0.0032681345317178137,0.5030526184269339,0.253051256202877,0.5030420024241286,3.3555036926147706,6.303295209580838,6.670283723216802,12.315669015086256,-0.1214408523312635,3398.4375,0.009609015403935538,0.02884105966631993,0.0876638754383845,0.0004223823430819745,Outer Race Fault,3,0.021,237,15
0.003279635065805888,0.4806829515499174,0.23104534390457537,0.48067176316544263,3.8212864271457088,7.366839221556886,7.94970242823118,15.763003027360462,0.08071452756282771,3369.140625,0.011347085204584103,0.038265213144896976,0.06562265315168339,0.0002984859801725587,Outer Race Fault,3,0.021,237,16
0.0032455300336826334,0.4846134619635215,0.23483967405106998,0.4846025939376202,4.498234830339321,8.865303293413174,9.28210869775202,18.79433639159769,0.24918189846708913,3492.1875,0.011106066357425507,0.04470989989901346,0.06130350330133491,0.0003109046017056858,Outer Race Fault,3,0.021,237,17
0.003457893344171032,0.5184420772537095,0.26877023044076165,0.5184305454357041,4.391839820359282,8.640736726546907,8.47122564515544,16.37733937344532,0.20804593871098703,3398.4375,0.011084914675352341,0.03002505026744638,0.093002207358381,0.00028490544683072483,Outer Race Fault,3,0.021,237,18
0.0035485096213822374,0.52859425512985,0.279399294635748,0.5285823442338459,4.488488722554891,8.797486626746508,8.491368718058213,17.139843934830022,0.060594946415294546,3398.4375,0.010324459752274827,0.02640743335831354,0.10249923051793688,0.00048130209812996874,Outer Race Fault,3,0.021,237,19
0.003170379991969188,0.4269222470531646,0.18225255371962987,0.4269104750643042,3.2763165668662673,6.415781536926147,7.6742699390370905,17.03636649802499,0.048163765024269035,3398.4375,0.01020111976822226,0.03476893079215078,0.045808982890239255,0.00035746800727107616,Outer Race Fault,3,0.021,237,20
0.003349629695686749,0.47455267634890386,0.22518902261080925,0.4745408545223575,3.1098205588822356,6.122992215568862,6.553161985742995,12.385132059295705,-0.11992114131618009,3392.578125,0.011507689803102598,0.03232873837739867,0.0684849377763791,0.0002843654612165238,Outer Race Fault,3,0.021,237,21
0.0033926575559817852,0.48055221685486627,0.23091892299883426,0.4805402407695263,3.391645508982036,6.611515868263473,7.057808475382316,13.914643268843971,0.2392037632416661,3398.4375,0.01181237532540173,0.04183229793630192,0.061576464545272436,0.00024983985123664467,Outer Race Fault,3,0.021,237,22
0.0032157872731100293,0.48270958804299524,0.2329982051008523,0.4826988762166868,3.677531337325349,7.222271956087824,7.618517279167426,14.459920379920082,0.2526524733125096,3521.484375,0.011884806884722855,0.04063257055749823,0.06370291877631207,0.0002891508601048549,Outer Race Fault,3,0.021,237,23
0.003357362813435629,0.5149686680977688,0.26518145723732883,0.5149577237379093,5.188178043912176,9.326212974051895,10.074745057940458,16.54463875793312,0.30654390325113134,3398.4375,0.010791268477337026,0.038395622181682264,0.08307534736350927,0.00033976727857482005,Outer Race Fault,3,0.021,237,24
0.003657962980289419,0.5641179777525486,0.31821571213045974,0.5641061177920869,5.501271756487026,10.966807784431136,9.751988012160409,23.162785193042282,0.1727405190618649,3503.90625,0.009760074841967593,0.030705744549003256,0.1182265369652163,0.00042889792059120735,Outer Race Fault,3,0.021,237,25
0.0038584291865487765,0.5688958610344947,0.32362761322639155,0.568882776348864,5.912232634730539,11.317261576846306,10.392469060997533,21.269021258992936,0.03720854798631602,3398.4375,0.01036841699599513,0.031109464173760648,0.11990886298001247,0.0004419665420045446,Outer Race Fault,3,0.021,237,26
0.003635358482254242,0.5317777441861831,0.2827743533804511,0.5317653179556289,5.366450598802396,9.86306107784431,10.091529135005551,18.932954537259334,0.13465532288859425,3398.4375,0.010781006308890811,0.0350651250977324,0.09514373954537533,0.0004105306596047866,Outer Race Fault,3,0.021,237,27
0.0038304709916105292,0.5626101983757908,0.3165155628084292,0.562597158549907,3.8432151696606787,7.576380538922155,6.831044266093511,15.060356191354252,0.10524395666224554,3474.609375,0.010978977853329939,0.03419286124371694,0.11273505930493682,0.0003655626819781718,Outer Race Fault,3,0.021,237,28
0.003573493540263224,0.5389869408999753,0.2904941526046312,0.5389750946051507,4.161994111776448,8.058812874251498,7.721883028978296,15.793380102080938,0.0876443675614468,3398.4375,0.009868181990274213,0.033624350481293724,0.10130590734404897,0.0004616238103632426,Outer Race Fault,3,0.021,237,29
0.0038453423718968305,0.5526825142286614,0.30544317487615746,0.5526691368949034,4.643208183632734,8.85474500998004,8.401221432005897,16.84942801238057,0.0011753639042624757,3398.4375,0.009699393091045217,0.02617030472994026,0.11630403144723155,0.0005628805796199795,Outer Race Fault,3,0.021,237,30
0.0035945117577345295,0.5772096726434921,0.3331580856784308,0.5771984803154204,5.478936926147704,9.96905,9.492108649280581,18.385923988682734,0.17833248029723944,3398.4375,0.010696036616539414,0.03029358285509054,0.12523615307333733,0.0003661908317498486,Outer Race Fault,3,0.021,237,31
0.00402716978153069,0.6459540590737061,0.41724042833734776,0.6459415053527275,5.1958937125748506,10.265494111776448,8.0437511609196,18.978755973059126,0.1421051229454033,3410.15625,0.011186470577234257,0.029809930359872054,0.16719513463097468,0.00044489673863956717,Outer Race Fault,3,0.021,237,32
0.003646065876060381,0.5896049781953829,0.34762073651640535,0.5895937046105609,5.398125449101796,9.803772255489022,9.155495032664003,16.303743363684962,0.07685454241044659,3410.15625,0.011318039814956113,0.02780170064387095,0.13425138327705707,0.0004525386209599818,Outer Race Fault,3,0.021,237,33
0.0035348279515188376,0.602783002015929,0.3633348525106887,0.6027726374933493,6.317508283433133,12.516032834331337,10.480568068948612,27.593695655205256,0.2847852796246226,3363.28125,0.01048055212752336,0.032577190753452584,0.1382344928737681,0.00038769072316869333,Outer Race Fault,3,0.021,237,34
0.003860412037253616,0.6357584714262704,0.40417393120917045,0.6357467508443676,6.653342914171657,13.306279740518962,10.465205283455278,29.409746810851537,0.4218362666129169,3363.28125,0.011059996583419725,0.04347904851048168,0.14714936806867512,0.000413464828261295,Outer Race Fault,3,0.021,237,35
0.0035728986850517724,0.5261923555227493,0.2768656294055658,0.5261802252133444,5.368481037924152,10.586709580838324,10.202506709909912,24.104090829645042,0.08325450697005309,3375.0,0.010819691418402024,0.030824978388511087,0.09635231881073658,0.00044874372809999537,Outer Race Fault,3,0.021,237,36
0.0022703640570421644,0.4984795004855719,0.24847665785139372,0.49847433018300324,3.69336876247505,6.737809181636727,7.409269105103254,11.794851456864656,-0.18551880199340717,3544.921875,0.011673358597783207,0.03463294476449158,0.07745763865549653,0.0004796459975424062,Outer Race Fault,3,0.021,237,37
0.0034596779098053907,0.6077780081972068,0.3693821378769243,0.607768161289257,5.517109181636727,10.968432135728543,9.077507095068468,22.595706453566933,0.2867304172033846,3369.140625,0.011584513020189546,0.04082524768999195,0.13191501712115483,0.0003782608208948713,Outer Race Fault,3,0.021,237,38
0.0030791688595465314,0.595875465806687,0.3550580894694706,0.5958675099965349,4.829196407185629,9.447227145708583,8.10437194397312,20.205029013974794,0.2184229147823039,3416.015625,0.009990670118287703,0.027528708969414627,0.13957936152018094,0.00043978647495706636,Outer Race Fault,3,0.021,237,39
0.0028126737248159914,0.6490669369125016,0.4212799774594951,0.6490608426484339,6.653342914171657,13.270137924151697,10.250626762503803,28.423418171857307,0.3871444083029556,3310.546875,0.010392242712616708,0.04606517845175141,0.15384735599981547,0.00034312841024886396,Outer Race Fault,3,0.021,237,40
0.003038322135026821,0.56905352068129,0.3238126779983751,0.5690454094344098,4.596508083832336,8.7325125748503,8.077461814715146,17.787721480995753,0.06953858011038547,3386.71875,0.01110164584247168,0.03174695251546797,0.1187407208451515,0.0003262516339306103,Outer Race Fault,3,0.021,237,41
0.00336529421625499,0.6203874198527732,0.3848692255064192,0.6203782922591822,5.824111576846307,11.307109381237524,9.387862149475003,21.388379125757297,0.18544071263909226,3527.34375,0.010108427882189634,0.03529731579364299,0.1466750359112572,0.0003651593227524098,Outer Race Fault,3,0.021,237,42
0.002632432595746008,0.4704827610205221,0.22134709871612257,0.4704753965045596,3.7018966067864274,7.376585329341317,7.868293832396025,15.907403832712916,0.22828543807369506,3357.421875,0.011059540878118805,0.04311910181423558,0.05629002144030164,0.00021181506548668787,Outer Race Fault,3,0.021,237,43
0.003750363823134979,0.5143676015703768,0.26455996431645595,0.5143539290376384,5.400968063872255,10.628130538922154,10.500210447514517,27.59682861845337,0.06266596439088933,3369.140625,0.009199051137800266,0.023323240054370573,0.09930055627211383,0.0004712041551422862,Outer Race Fault,3,0.021,237,44
0.003641505319439249,0.4858990060181033,0.23608458348838932,0.48588536043843644,4.806861576846307,9.018804491017963,9.892717452209022,20.460746727631705,-0.3326422651679913,3363.28125,0.009946806274700074,0.024494072350686305,0.0832507551491685,0.00036393926500505205,Outer Race Fault,3,0.021,237,45
0.002963965233595309,0.4018410102560486,0.16146741243369578,0.4018300790554333,3.329920159680639,6.318726546906188,8.286660830259338,17.52131047822249,-0.4630091668231633,3363.28125,0.009869617935989498,0.027886937669564127,0.042664178515072176,0.00032175761672749323,Outer Race Fault,3,0.021,237,46
0.0034977486433383194,0.546036878823223,0.29814403878943513,0.5460256759433892,4.1928567864271455,8.28216117764471,7.678706235855846,14.351522747547591,0.13642049685787275,3369.140625,0.011765031943079316,0.04511332969319847,0.09182262811825137,0.0003832969044656393,Outer Race Fault,3,0.021,237,47
0.0038935256440244515,0.47984648387924356,0.2302374885493325,0.4798306873776754,3.217027744510978,6.380451896207585,6.7042853341415,11.610099643787626,-0.14368688267262764,3369.140625,0.011244234749282676,0.027347419286061707,0.0758259889996201,0.0007168055122741864,Outer Race Fault,3,0.021,237,48
0.003620685387038424,0.5309013564539473,0.28184314092196927,0.5308890099841673,4.029203393213573,7.717293013972055,7.589363530969021,12.708020033121304,-0.09384165058215736,3369.140625,0.01055595327025875,0.027163037758238827,0.10254644467054547,0.0006696429169464028,Outer Race Fault,3,0.021,237,49
0.003356767958224177,0.48490581637179025,0.23512238286006704,0.48489419759372976,4.067781736526946,7.898002095808383,8.388807886371215,16.658740232581106,0.1291543851173437,3398.4375,0.010635654152187361,0.032957443864405044,0.07363058606396712,0.00034877862628185385,Outer Race Fault,3,0.021,237,50
0.004171521312843063,0.5462215223403868,0.29834054987778613,0.5462055930487952,4.476712175648703,8.300435129740519,8.195781368092938,14.422357648771886,-0.08010033488371587,3462.890625,0.01077571608864828,0.027082173851999243,0.11090216976220485,0.0004276182592077279,Outer Race Fault,3,0.021,237,51
0.004440197583348926,0.6409793652656008,0.4108348313417132,0.6409639859943094,5.779441916167665,11.18000389221557,9.0165802978273,20.198072233451306,0.30221055685887893,3398.4375,0.011241224940682103,0.040286483347912426,0.15354921148729317,0.0003602112566448298,Outer Race Fault,3,0.021,237,52
0.004404506270661802,0.6133248795622069,0.3761480082145073,0.6133090641874677,5.742081836327346,11.130461177644712,9.362218993017306,23.13894892437759,0.25924406863391675,3398.4375,0.01076000143712949,0.03766128710889063,0.1392517543291457,0.00042036273630668443,Outer Race Fault,3,0.021,237,53
0.003980176219825975,0.5886360385388794,0.34647654406400413,0.5886225820200955,5.689696506986028,11.334723353293413,9.665899018193096,22.302270372978047,0.08937639167223663,3492.1875,0.009422186210914214,0.02455869847602074,0.13875377654606852,0.0005194648395589307,Outer Race Fault,3,0.021,237,54
0.005783182365737274,0.6098102181381516,0.3718350569474247,0.6097827948929231,5.1041178642714575,10.180621756487028,8.37001039414385,19.782876010535993,0.253221163396263,3521.484375,0.00931463250811231,0.02724278262094592,0.1487300393943773,0.0006639899935559801,Outer Race Fault,3,0.021,237,55
0.0023401604018525464,0.6015807101675523,0.3618938744949902,0.6015761585161019,5.662488622754491,10.924980738522954,9.412683164620379,23.291650948019495,-0.05280184192348232,3474.609375,0.009896520162808778,0.02707373079283386,0.1432085749681952,0.000773986820942414,Outer Race Fault,3,0.021,237,56
0.004205031489754867,0.7068769087110672,0.49965728177908475,0.7068644012673752,5.836700299401198,11.25837884231537,8.257024989037975,19.39870431232211,0.25936298061788504,3503.90625,0.010336221625530526,0.030547211133963765,0.20854119580087097,0.00042169519384065764,Outer Race Fault,3,0.021,237,57
0.0036565749847960313,0.5448356209325114,0.2968324832962958,0.5448233505424449,5.18005628742515,9.609662275449104,9.507558038439639,18.660758412197744,-0.08584003368337866,3369.140625,0.010688470394330648,0.034775553282247094,0.10260516659368553,0.00036042195485260495,Outer Race Fault,3,0.021,237,58
